<?xml version="1.0" encoding="UTF-8"?>
<gpx xmlns="http://www.topografix.com/GPX/1/1" xmlns:gpxtpx="http://www.garmin.com/xmlschemas/TrackPointExtension/v1" xmlns:xsi="http://www.w3.org/2001/XMLSchema-instance" xsi:schemaLocation="http://www.topografix.com/GPX/1/1 http://www.topografix.com/GPX/1/1/gpx.xsd" version="1.1" creator="gpx.py -- https://github.com/tkrajina/gpxpy">
  <trk>
    <name>gpx from joyrun 1650158428</name>
    <trkseg>
      <trkpt lat="34.810848" lon="113.526155">
        <time>2022-04-17T01:20:28Z</time>
        <extensions>
          <gpxtpx:TrackPointExtension></gpxtpx:TrackPointExtension>
        </extensions>
      </trkpt>
      <trkpt lat="34.81089" lon="113.525982">
        <time>2022-04-17T01:20:33Z</time>
        <extensions>
          <gpxtpx:TrackPointExtension></gpxtpx:TrackPointExtension>
        </extensions>
      </trkpt>
      <trkpt lat="34.81088" lon="113.525762">
        <time>2022-04-17T01:20:38Z</time>
        <extensions>
          <gpxtpx:TrackPointExtension></gpxtpx:TrackPointExtension>
        </extensions>
      </trkpt>
      <trkpt lat="34.8108" lon="113.525681">
        <time>2022-04-17T01:20:43Z</time>
        <extensions>
          <gpxtpx:TrackPointExtension></gpxtpx:TrackPointExtension>
        </extensions>
      </trkpt>
      <trkpt lat="34.810766" lon="113.525636">
        <time>2022-04-17T01:20:48Z</time>
        <extensions>
          <gpxtpx:TrackPointExtension></gpxtpx:TrackPointExtension>
        </extensions>
      </trkpt>
      <trkpt lat="34.810752" lon="113.525611">
        <time>2022-04-17T01:20:53Z</time>
        <extensions>
          <gpxtpx:TrackPointExtension></gpxtpx:TrackPointExtension>
        </extensions>
      </trkpt>
      <trkpt lat="34.810707" lon="113.525562">
        <time>2022-04-17T01:20:58Z</time>
        <extensions>
          <gpxtpx:TrackPointExtension></gpxtpx:TrackPointExtension>
        </extensions>
      </trkpt>
      <trkpt lat="34.81057" lon="113.525489">
        <time>2022-04-17T01:21:03Z</time>
        <extensions>
          <gpxtpx:TrackPointExtension></gpxtpx:TrackPointExtension>
        </extensions>
      </trkpt>
      <trkpt lat="34.810415" lon="113.52547">
        <time>2022-04-17T01:21:08Z</time>
        <extensions>
          <gpxtpx:TrackPointExtension></gpxtpx:TrackPointExtension>
        </extensions>
      </trkpt>
      <trkpt lat="34.810235" lon="113.525456">
        <time>2022-04-17T01:21:13Z</time>
        <extensions>
          <gpxtpx:TrackPointExtension></gpxtpx:TrackPointExtension>
        </extensions>
      </trkpt>
      <trkpt lat="34.810045" lon="113.525477">
        <time>2022-04-17T01:21:18Z</time>
        <extensions>
          <gpxtpx:TrackPointExtension></gpxtpx:TrackPointExtension>
        </extensions>
      </trkpt>
      <trkpt lat="34.809862" lon="113.52547">
        <time>2022-04-17T01:21:23Z</time>
        <extensions>
          <gpxtpx:TrackPointExtension></gpxtpx:TrackPointExtension>
        </extensions>
      </trkpt>
      <trkpt lat="34.809685" lon="113.525478">
        <time>2022-04-17T01:21:28Z</time>
        <extensions>
          <gpxtpx:TrackPointExtension></gpxtpx:TrackPointExtension>
        </extensions>
      </trkpt>
      <trkpt lat="34.809535" lon="113.525576">
        <time>2022-04-17T01:21:33Z</time>
        <extensions>
          <gpxtpx:TrackPointExtension></gpxtpx:TrackPointExtension>
        </extensions>
      </trkpt>
      <trkpt lat="34.809435" lon="113.525738">
        <time>2022-04-17T01:21:38Z</time>
        <extensions>
          <gpxtpx:TrackPointExtension></gpxtpx:TrackPointExtension>
        </extensions>
      </trkpt>
      <trkpt lat="34.809398" lon="113.525949">
        <time>2022-04-17T01:21:43Z</time>
        <extensions>
          <gpxtpx:TrackPointExtension></gpxtpx:TrackPointExtension>
        </extensions>
      </trkpt>
      <trkpt lat="34.809442" lon="113.526144">
        <time>2022-04-17T01:21:48Z</time>
        <extensions>
          <gpxtpx:TrackPointExtension></gpxtpx:TrackPointExtension>
        </extensions>
      </trkpt>
      <trkpt lat="34.809538" lon="113.526305">
        <time>2022-04-17T01:21:53Z</time>
        <extensions>
          <gpxtpx:TrackPointExtension></gpxtpx:TrackPointExtension>
        </extensions>
      </trkpt>
      <trkpt lat="34.809682" lon="113.526384">
        <time>2022-04-17T01:21:58Z</time>
        <extensions>
          <gpxtpx:TrackPointExtension></gpxtpx:TrackPointExtension>
        </extensions>
      </trkpt>
      <trkpt lat="34.809863" lon="113.526401">
        <time>2022-04-17T01:22:03Z</time>
        <extensions>
          <gpxtpx:TrackPointExtension></gpxtpx:TrackPointExtension>
        </extensions>
      </trkpt>
      <trkpt lat="34.810017" lon="113.526396">
        <time>2022-04-17T01:22:08Z</time>
        <extensions>
          <gpxtpx:TrackPointExtension></gpxtpx:TrackPointExtension>
        </extensions>
      </trkpt>
      <trkpt lat="34.810148" lon="113.526404">
        <time>2022-04-17T01:22:13Z</time>
        <extensions>
          <gpxtpx:TrackPointExtension></gpxtpx:TrackPointExtension>
        </extensions>
      </trkpt>
      <trkpt lat="34.810316" lon="113.526407">
        <time>2022-04-17T01:22:18Z</time>
        <extensions>
          <gpxtpx:TrackPointExtension></gpxtpx:TrackPointExtension>
        </extensions>
      </trkpt>
      <trkpt lat="34.81047" lon="113.526426">
        <time>2022-04-17T01:22:23Z</time>
        <extensions>
          <gpxtpx:TrackPointExtension></gpxtpx:TrackPointExtension>
        </extensions>
      </trkpt>
      <trkpt lat="34.81047" lon="113.526426">
        <time>2022-04-17T01:22:28Z</time>
        <extensions>
          <gpxtpx:TrackPointExtension></gpxtpx:TrackPointExtension>
        </extensions>
      </trkpt>
    </trkseg>
    <trkseg>
      <trkpt lat="34.810794" lon="113.526229">
        <time>2022-04-17T01:23:21Z</time>
        <extensions>
          <gpxtpx:TrackPointExtension></gpxtpx:TrackPointExtension>
        </extensions>
      </trkpt>
      <trkpt lat="34.810816" lon="113.526105">
        <time>2022-04-17T01:23:26Z</time>
        <extensions>
          <gpxtpx:TrackPointExtension></gpxtpx:TrackPointExtension>
        </extensions>
      </trkpt>
      <trkpt lat="34.810809" lon="113.525894">
        <time>2022-04-17T01:23:31Z</time>
        <extensions>
          <gpxtpx:TrackPointExtension></gpxtpx:TrackPointExtension>
        </extensions>
      </trkpt>
      <trkpt lat="34.81074" lon="113.525703">
        <time>2022-04-17T01:23:36Z</time>
        <extensions>
          <gpxtpx:TrackPointExtension></gpxtpx:TrackPointExtension>
        </extensions>
      </trkpt>
      <trkpt lat="34.810643" lon="113.525569">
        <time>2022-04-17T01:23:41Z</time>
        <extensions>
          <gpxtpx:TrackPointExtension></gpxtpx:TrackPointExtension>
        </extensions>
      </trkpt>
      <trkpt lat="34.81048" lon="113.52551">
        <time>2022-04-17T01:23:46Z</time>
        <extensions>
          <gpxtpx:TrackPointExtension></gpxtpx:TrackPointExtension>
        </extensions>
      </trkpt>
      <trkpt lat="34.810307" lon="113.525498">
        <time>2022-04-17T01:23:51Z</time>
        <extensions>
          <gpxtpx:TrackPointExtension></gpxtpx:TrackPointExtension>
        </extensions>
      </trkpt>
      <trkpt lat="34.810146" lon="113.525487">
        <time>2022-04-17T01:23:56Z</time>
        <extensions>
          <gpxtpx:TrackPointExtension></gpxtpx:TrackPointExtension>
        </extensions>
      </trkpt>
      <trkpt lat="34.809977" lon="113.525479">
        <time>2022-04-17T01:24:01Z</time>
        <extensions>
          <gpxtpx:TrackPointExtension></gpxtpx:TrackPointExtension>
        </extensions>
      </trkpt>
      <trkpt lat="34.809811" lon="113.525474">
        <time>2022-04-17T01:24:06Z</time>
        <extensions>
          <gpxtpx:TrackPointExtension></gpxtpx:TrackPointExtension>
        </extensions>
      </trkpt>
      <trkpt lat="34.80965" lon="113.525479">
        <time>2022-04-17T01:24:11Z</time>
        <extensions>
          <gpxtpx:TrackPointExtension></gpxtpx:TrackPointExtension>
        </extensions>
      </trkpt>
      <trkpt lat="34.80951" lon="113.525567">
        <time>2022-04-17T01:24:16Z</time>
        <extensions>
          <gpxtpx:TrackPointExtension></gpxtpx:TrackPointExtension>
        </extensions>
      </trkpt>
      <trkpt lat="34.809426" lon="113.52571">
        <time>2022-04-17T01:24:21Z</time>
        <extensions>
          <gpxtpx:TrackPointExtension></gpxtpx:TrackPointExtension>
        </extensions>
      </trkpt>
      <trkpt lat="34.809391" lon="113.525905">
        <time>2022-04-17T01:24:26Z</time>
        <extensions>
          <gpxtpx:TrackPointExtension></gpxtpx:TrackPointExtension>
        </extensions>
      </trkpt>
      <trkpt lat="34.809412" lon="113.526087">
        <time>2022-04-17T01:24:31Z</time>
        <extensions>
          <gpxtpx:TrackPointExtension></gpxtpx:TrackPointExtension>
        </extensions>
      </trkpt>
      <trkpt lat="34.809481" lon="113.526238">
        <time>2022-04-17T01:24:36Z</time>
        <extensions>
          <gpxtpx:TrackPointExtension></gpxtpx:TrackPointExtension>
        </extensions>
      </trkpt>
      <trkpt lat="34.809598" lon="113.526359">
        <time>2022-04-17T01:24:41Z</time>
        <extensions>
          <gpxtpx:TrackPointExtension></gpxtpx:TrackPointExtension>
        </extensions>
      </trkpt>
      <trkpt lat="34.809742" lon="113.526402">
        <time>2022-04-17T01:24:46Z</time>
        <extensions>
          <gpxtpx:TrackPointExtension></gpxtpx:TrackPointExtension>
        </extensions>
      </trkpt>
      <trkpt lat="34.809898" lon="113.526392">
        <time>2022-04-17T01:24:51Z</time>
        <extensions>
          <gpxtpx:TrackPointExtension></gpxtpx:TrackPointExtension>
        </extensions>
      </trkpt>
      <trkpt lat="34.810058" lon="113.52639">
        <time>2022-04-17T01:24:56Z</time>
        <extensions>
          <gpxtpx:TrackPointExtension></gpxtpx:TrackPointExtension>
        </extensions>
      </trkpt>
      <trkpt lat="34.810214" lon="113.526402">
        <time>2022-04-17T01:25:01Z</time>
        <extensions>
          <gpxtpx:TrackPointExtension></gpxtpx:TrackPointExtension>
        </extensions>
      </trkpt>
      <trkpt lat="34.810348" lon="113.526414">
        <time>2022-04-17T01:25:06Z</time>
        <extensions>
          <gpxtpx:TrackPointExtension></gpxtpx:TrackPointExtension>
        </extensions>
      </trkpt>
      <trkpt lat="34.810496" lon="113.526418">
        <time>2022-04-17T01:25:11Z</time>
        <extensions>
          <gpxtpx:TrackPointExtension></gpxtpx:TrackPointExtension>
        </extensions>
      </trkpt>
      <trkpt lat="34.810636" lon="113.526407">
        <time>2022-04-17T01:25:16Z</time>
        <extensions>
          <gpxtpx:TrackPointExtension></gpxtpx:TrackPointExtension>
        </extensions>
      </trkpt>
      <trkpt lat="34.810768" lon="113.526327">
        <time>2022-04-17T01:25:21Z</time>
        <extensions>
          <gpxtpx:TrackPointExtension></gpxtpx:TrackPointExtension>
        </extensions>
      </trkpt>
      <trkpt lat="34.810893" lon="113.526191">
        <time>2022-04-17T01:25:26Z</time>
        <extensions>
          <gpxtpx:TrackPointExtension></gpxtpx:TrackPointExtension>
        </extensions>
      </trkpt>
      <trkpt lat="34.810948" lon="113.526011">
        <time>2022-04-17T01:25:31Z</time>
        <extensions>
          <gpxtpx:TrackPointExtension></gpxtpx:TrackPointExtension>
        </extensions>
      </trkpt>
      <trkpt lat="34.810952" lon="113.525826">
        <time>2022-04-17T01:25:36Z</time>
        <extensions>
          <gpxtpx:TrackPointExtension></gpxtpx:TrackPointExtension>
        </extensions>
      </trkpt>
      <trkpt lat="34.81089" lon="113.525668">
        <time>2022-04-17T01:25:41Z</time>
        <extensions>
          <gpxtpx:TrackPointExtension></gpxtpx:TrackPointExtension>
        </extensions>
      </trkpt>
      <trkpt lat="34.810755" lon="113.525531">
        <time>2022-04-17T01:25:46Z</time>
        <extensions>
          <gpxtpx:TrackPointExtension></gpxtpx:TrackPointExtension>
        </extensions>
      </trkpt>
      <trkpt lat="34.810603" lon="113.525474">
        <time>2022-04-17T01:25:51Z</time>
        <extensions>
          <gpxtpx:TrackPointExtension></gpxtpx:TrackPointExtension>
        </extensions>
      </trkpt>
      <trkpt lat="34.810444" lon="113.52546">
        <time>2022-04-17T01:25:56Z</time>
        <extensions>
          <gpxtpx:TrackPointExtension></gpxtpx:TrackPointExtension>
        </extensions>
      </trkpt>
      <trkpt lat="34.810316" lon="113.525462">
        <time>2022-04-17T01:26:01Z</time>
        <extensions>
          <gpxtpx:TrackPointExtension></gpxtpx:TrackPointExtension>
        </extensions>
      </trkpt>
      <trkpt lat="34.810161" lon="113.525461">
        <time>2022-04-17T01:26:06Z</time>
        <extensions>
          <gpxtpx:TrackPointExtension></gpxtpx:TrackPointExtension>
        </extensions>
      </trkpt>
      <trkpt lat="34.810019" lon="113.525449">
        <time>2022-04-17T01:26:11Z</time>
        <extensions>
          <gpxtpx:TrackPointExtension></gpxtpx:TrackPointExtension>
        </extensions>
      </trkpt>
      <trkpt lat="34.8099" lon="113.525432">
        <time>2022-04-17T01:26:16Z</time>
        <extensions>
          <gpxtpx:TrackPointExtension></gpxtpx:TrackPointExtension>
        </extensions>
      </trkpt>
      <trkpt lat="34.809729" lon="113.525429">
        <time>2022-04-17T01:26:21Z</time>
        <extensions>
          <gpxtpx:TrackPointExtension></gpxtpx:TrackPointExtension>
        </extensions>
      </trkpt>
      <trkpt lat="34.809588" lon="113.525487">
        <time>2022-04-17T01:26:26Z</time>
        <extensions>
          <gpxtpx:TrackPointExtension></gpxtpx:TrackPointExtension>
        </extensions>
      </trkpt>
      <trkpt lat="34.809484" lon="113.525598">
        <time>2022-04-17T01:26:31Z</time>
        <extensions>
          <gpxtpx:TrackPointExtension></gpxtpx:TrackPointExtension>
        </extensions>
      </trkpt>
      <trkpt lat="34.809426" lon="113.525756">
        <time>2022-04-17T01:26:36Z</time>
        <extensions>
          <gpxtpx:TrackPointExtension></gpxtpx:TrackPointExtension>
        </extensions>
      </trkpt>
      <trkpt lat="34.809415" lon="113.525934">
        <time>2022-04-17T01:26:41Z</time>
        <extensions>
          <gpxtpx:TrackPointExtension></gpxtpx:TrackPointExtension>
        </extensions>
      </trkpt>
      <trkpt lat="34.809455" lon="113.526103">
        <time>2022-04-17T01:26:46Z</time>
        <extensions>
          <gpxtpx:TrackPointExtension></gpxtpx:TrackPointExtension>
        </extensions>
      </trkpt>
      <trkpt lat="34.809529" lon="113.526233">
        <time>2022-04-17T01:26:51Z</time>
        <extensions>
          <gpxtpx:TrackPointExtension></gpxtpx:TrackPointExtension>
        </extensions>
      </trkpt>
      <trkpt lat="34.809651" lon="113.526385">
        <time>2022-04-17T01:26:56Z</time>
        <extensions>
          <gpxtpx:TrackPointExtension></gpxtpx:TrackPointExtension>
        </extensions>
      </trkpt>
      <trkpt lat="34.809782" lon="113.526409">
        <time>2022-04-17T01:27:01Z</time>
        <extensions>
          <gpxtpx:TrackPointExtension></gpxtpx:TrackPointExtension>
        </extensions>
      </trkpt>
      <trkpt lat="34.809957" lon="113.526393">
        <time>2022-04-17T01:27:06Z</time>
        <extensions>
          <gpxtpx:TrackPointExtension></gpxtpx:TrackPointExtension>
        </extensions>
      </trkpt>
      <trkpt lat="34.810123" lon="113.52639">
        <time>2022-04-17T01:27:11Z</time>
        <extensions>
          <gpxtpx:TrackPointExtension></gpxtpx:TrackPointExtension>
        </extensions>
      </trkpt>
      <trkpt lat="34.810264" lon="113.526398">
        <time>2022-04-17T01:27:16Z</time>
        <extensions>
          <gpxtpx:TrackPointExtension></gpxtpx:TrackPointExtension>
        </extensions>
      </trkpt>
      <trkpt lat="34.810427" lon="113.526412">
        <time>2022-04-17T01:27:21Z</time>
        <extensions>
          <gpxtpx:TrackPointExtension></gpxtpx:TrackPointExtension>
        </extensions>
      </trkpt>
      <trkpt lat="34.810566" lon="113.526423">
        <time>2022-04-17T01:27:26Z</time>
        <extensions>
          <gpxtpx:TrackPointExtension></gpxtpx:TrackPointExtension>
        </extensions>
      </trkpt>
      <trkpt lat="34.810707" lon="113.526375">
        <time>2022-04-17T01:27:31Z</time>
        <extensions>
          <gpxtpx:TrackPointExtension></gpxtpx:TrackPointExtension>
        </extensions>
      </trkpt>
      <trkpt lat="34.810844" lon="113.526255">
        <time>2022-04-17T01:27:36Z</time>
        <extensions>
          <gpxtpx:TrackPointExtension></gpxtpx:TrackPointExtension>
        </extensions>
      </trkpt>
      <trkpt lat="34.810908" lon="113.5261">
        <time>2022-04-17T01:27:41Z</time>
        <extensions>
          <gpxtpx:TrackPointExtension></gpxtpx:TrackPointExtension>
        </extensions>
      </trkpt>
      <trkpt lat="34.810955" lon="113.525921">
        <time>2022-04-17T01:27:46Z</time>
        <extensions>
          <gpxtpx:TrackPointExtension></gpxtpx:TrackPointExtension>
        </extensions>
      </trkpt>
      <trkpt lat="34.810931" lon="113.525737">
        <time>2022-04-17T01:27:51Z</time>
        <extensions>
          <gpxtpx:TrackPointExtension></gpxtpx:TrackPointExtension>
        </extensions>
      </trkpt>
      <trkpt lat="34.810846" lon="113.525586">
        <time>2022-04-17T01:27:56Z</time>
        <extensions>
          <gpxtpx:TrackPointExtension></gpxtpx:TrackPointExtension>
        </extensions>
      </trkpt>
      <trkpt lat="34.810713" lon="113.525482">
        <time>2022-04-17T01:28:01Z</time>
        <extensions>
          <gpxtpx:TrackPointExtension></gpxtpx:TrackPointExtension>
        </extensions>
      </trkpt>
      <trkpt lat="34.81056" lon="113.525452">
        <time>2022-04-17T01:28:06Z</time>
        <extensions>
          <gpxtpx:TrackPointExtension></gpxtpx:TrackPointExtension>
        </extensions>
      </trkpt>
      <trkpt lat="34.810408" lon="113.525457">
        <time>2022-04-17T01:28:11Z</time>
        <extensions>
          <gpxtpx:TrackPointExtension></gpxtpx:TrackPointExtension>
        </extensions>
      </trkpt>
      <trkpt lat="34.810274" lon="113.525456">
        <time>2022-04-17T01:28:16Z</time>
        <extensions>
          <gpxtpx:TrackPointExtension></gpxtpx:TrackPointExtension>
        </extensions>
      </trkpt>
      <trkpt lat="34.81015" lon="113.525455">
        <time>2022-04-17T01:28:21Z</time>
        <extensions>
          <gpxtpx:TrackPointExtension></gpxtpx:TrackPointExtension>
        </extensions>
      </trkpt>
      <trkpt lat="34.809995" lon="113.525434">
        <time>2022-04-17T01:28:26Z</time>
        <extensions>
          <gpxtpx:TrackPointExtension></gpxtpx:TrackPointExtension>
        </extensions>
      </trkpt>
      <trkpt lat="34.809851" lon="113.525423">
        <time>2022-04-17T01:28:31Z</time>
        <extensions>
          <gpxtpx:TrackPointExtension></gpxtpx:TrackPointExtension>
        </extensions>
      </trkpt>
      <trkpt lat="34.809718" lon="113.525431">
        <time>2022-04-17T01:28:36Z</time>
        <extensions>
          <gpxtpx:TrackPointExtension></gpxtpx:TrackPointExtension>
        </extensions>
      </trkpt>
      <trkpt lat="34.809593" lon="113.525497">
        <time>2022-04-17T01:28:41Z</time>
        <extensions>
          <gpxtpx:TrackPointExtension></gpxtpx:TrackPointExtension>
        </extensions>
      </trkpt>
      <trkpt lat="34.809494" lon="113.525618">
        <time>2022-04-17T01:28:46Z</time>
        <extensions>
          <gpxtpx:TrackPointExtension></gpxtpx:TrackPointExtension>
        </extensions>
      </trkpt>
      <trkpt lat="34.809445" lon="113.525777">
        <time>2022-04-17T01:28:51Z</time>
        <extensions>
          <gpxtpx:TrackPointExtension></gpxtpx:TrackPointExtension>
        </extensions>
      </trkpt>
      <trkpt lat="34.809436" lon="113.525969">
        <time>2022-04-17T01:28:56Z</time>
        <extensions>
          <gpxtpx:TrackPointExtension></gpxtpx:TrackPointExtension>
        </extensions>
      </trkpt>
      <trkpt lat="34.809467" lon="113.526143">
        <time>2022-04-17T01:29:01Z</time>
        <extensions>
          <gpxtpx:TrackPointExtension></gpxtpx:TrackPointExtension>
        </extensions>
      </trkpt>
      <trkpt lat="34.809548" lon="113.526289">
        <time>2022-04-17T01:29:06Z</time>
        <extensions>
          <gpxtpx:TrackPointExtension></gpxtpx:TrackPointExtension>
        </extensions>
      </trkpt>
      <trkpt lat="34.809684" lon="113.526379">
        <time>2022-04-17T01:29:11Z</time>
        <extensions>
          <gpxtpx:TrackPointExtension></gpxtpx:TrackPointExtension>
        </extensions>
      </trkpt>
      <trkpt lat="34.809815" lon="113.52639">
        <time>2022-04-17T01:29:16Z</time>
        <extensions>
          <gpxtpx:TrackPointExtension></gpxtpx:TrackPointExtension>
        </extensions>
      </trkpt>
      <trkpt lat="34.809961" lon="113.526385">
        <time>2022-04-17T01:29:21Z</time>
        <extensions>
          <gpxtpx:TrackPointExtension></gpxtpx:TrackPointExtension>
        </extensions>
      </trkpt>
      <trkpt lat="34.810095" lon="113.526395">
        <time>2022-04-17T01:29:26Z</time>
        <extensions>
          <gpxtpx:TrackPointExtension></gpxtpx:TrackPointExtension>
        </extensions>
      </trkpt>
      <trkpt lat="34.810232" lon="113.526397">
        <time>2022-04-17T01:29:31Z</time>
        <extensions>
          <gpxtpx:TrackPointExtension></gpxtpx:TrackPointExtension>
        </extensions>
      </trkpt>
      <trkpt lat="34.81036" lon="113.526416">
        <time>2022-04-17T01:29:36Z</time>
        <extensions>
          <gpxtpx:TrackPointExtension></gpxtpx:TrackPointExtension>
        </extensions>
      </trkpt>
      <trkpt lat="34.810518" lon="113.526426">
        <time>2022-04-17T01:29:41Z</time>
        <extensions>
          <gpxtpx:TrackPointExtension></gpxtpx:TrackPointExtension>
        </extensions>
      </trkpt>
      <trkpt lat="34.810658" lon="113.526405">
        <time>2022-04-17T01:29:46Z</time>
        <extensions>
          <gpxtpx:TrackPointExtension></gpxtpx:TrackPointExtension>
        </extensions>
      </trkpt>
      <trkpt lat="34.810809" lon="113.526314">
        <time>2022-04-17T01:29:51Z</time>
        <extensions>
          <gpxtpx:TrackPointExtension></gpxtpx:TrackPointExtension>
        </extensions>
      </trkpt>
      <trkpt lat="34.810901" lon="113.526159">
        <time>2022-04-17T01:29:56Z</time>
        <extensions>
          <gpxtpx:TrackPointExtension></gpxtpx:TrackPointExtension>
        </extensions>
      </trkpt>
      <trkpt lat="34.810937" lon="113.526">
        <time>2022-04-17T01:30:01Z</time>
        <extensions>
          <gpxtpx:TrackPointExtension></gpxtpx:TrackPointExtension>
        </extensions>
      </trkpt>
      <trkpt lat="34.810945" lon="113.525836">
        <time>2022-04-17T01:30:06Z</time>
        <extensions>
          <gpxtpx:TrackPointExtension></gpxtpx:TrackPointExtension>
        </extensions>
      </trkpt>
      <trkpt lat="34.810874" lon="113.525652">
        <time>2022-04-17T01:30:11Z</time>
        <extensions>
          <gpxtpx:TrackPointExtension></gpxtpx:TrackPointExtension>
        </extensions>
      </trkpt>
      <trkpt lat="34.81076" lon="113.525525">
        <time>2022-04-17T01:30:16Z</time>
        <extensions>
          <gpxtpx:TrackPointExtension></gpxtpx:TrackPointExtension>
        </extensions>
      </trkpt>
      <trkpt lat="34.810613" lon="113.525452">
        <time>2022-04-17T01:30:21Z</time>
        <extensions>
          <gpxtpx:TrackPointExtension></gpxtpx:TrackPointExtension>
        </extensions>
      </trkpt>
      <trkpt lat="34.810471" lon="113.525438">
        <time>2022-04-17T01:30:26Z</time>
        <extensions>
          <gpxtpx:TrackPointExtension></gpxtpx:TrackPointExtension>
        </extensions>
      </trkpt>
      <trkpt lat="34.810324" lon="113.52544">
        <time>2022-04-17T01:30:31Z</time>
        <extensions>
          <gpxtpx:TrackPointExtension></gpxtpx:TrackPointExtension>
        </extensions>
      </trkpt>
      <trkpt lat="34.810189" lon="113.525441">
        <time>2022-04-17T01:30:36Z</time>
        <extensions>
          <gpxtpx:TrackPointExtension></gpxtpx:TrackPointExtension>
        </extensions>
      </trkpt>
      <trkpt lat="34.810043" lon="113.525446">
        <time>2022-04-17T01:30:41Z</time>
        <extensions>
          <gpxtpx:TrackPointExtension></gpxtpx:TrackPointExtension>
        </extensions>
      </trkpt>
      <trkpt lat="34.809918" lon="113.525443">
        <time>2022-04-17T01:30:46Z</time>
        <extensions>
          <gpxtpx:TrackPointExtension></gpxtpx:TrackPointExtension>
        </extensions>
      </trkpt>
      <trkpt lat="34.809778" lon="113.525418">
        <time>2022-04-17T01:30:51Z</time>
        <extensions>
          <gpxtpx:TrackPointExtension></gpxtpx:TrackPointExtension>
        </extensions>
      </trkpt>
      <trkpt lat="34.809661" lon="113.525459">
        <time>2022-04-17T01:30:56Z</time>
        <extensions>
          <gpxtpx:TrackPointExtension></gpxtpx:TrackPointExtension>
        </extensions>
      </trkpt>
      <trkpt lat="34.809539" lon="113.525556">
        <time>2022-04-17T01:31:01Z</time>
        <extensions>
          <gpxtpx:TrackPointExtension></gpxtpx:TrackPointExtension>
        </extensions>
      </trkpt>
      <trkpt lat="34.809458" lon="113.52569">
        <time>2022-04-17T01:31:06Z</time>
        <extensions>
          <gpxtpx:TrackPointExtension></gpxtpx:TrackPointExtension>
        </extensions>
      </trkpt>
      <trkpt lat="34.809432" lon="113.525844">
        <time>2022-04-17T01:31:11Z</time>
        <extensions>
          <gpxtpx:TrackPointExtension></gpxtpx:TrackPointExtension>
        </extensions>
      </trkpt>
      <trkpt lat="34.809435" lon="113.526038">
        <time>2022-04-17T01:31:16Z</time>
        <extensions>
          <gpxtpx:TrackPointExtension></gpxtpx:TrackPointExtension>
        </extensions>
      </trkpt>
      <trkpt lat="34.809513" lon="113.526225">
        <time>2022-04-17T01:31:21Z</time>
        <extensions>
          <gpxtpx:TrackPointExtension></gpxtpx:TrackPointExtension>
        </extensions>
      </trkpt>
      <trkpt lat="34.80965" lon="113.526344">
        <time>2022-04-17T01:31:26Z</time>
        <extensions>
          <gpxtpx:TrackPointExtension></gpxtpx:TrackPointExtension>
        </extensions>
      </trkpt>
      <trkpt lat="34.809806" lon="113.526387">
        <time>2022-04-17T01:31:31Z</time>
        <extensions>
          <gpxtpx:TrackPointExtension></gpxtpx:TrackPointExtension>
        </extensions>
      </trkpt>
      <trkpt lat="34.809959" lon="113.526376">
        <time>2022-04-17T01:31:36Z</time>
        <extensions>
          <gpxtpx:TrackPointExtension></gpxtpx:TrackPointExtension>
        </extensions>
      </trkpt>
      <trkpt lat="34.810127" lon="113.526384">
        <time>2022-04-17T01:31:41Z</time>
        <extensions>
          <gpxtpx:TrackPointExtension></gpxtpx:TrackPointExtension>
        </extensions>
      </trkpt>
      <trkpt lat="34.810284" lon="113.526381">
        <time>2022-04-17T01:31:46Z</time>
        <extensions>
          <gpxtpx:TrackPointExtension></gpxtpx:TrackPointExtension>
        </extensions>
      </trkpt>
      <trkpt lat="34.810435" lon="113.526374">
        <time>2022-04-17T01:31:51Z</time>
        <extensions>
          <gpxtpx:TrackPointExtension></gpxtpx:TrackPointExtension>
        </extensions>
      </trkpt>
      <trkpt lat="34.810585" lon="113.526395">
        <time>2022-04-17T01:31:56Z</time>
        <extensions>
          <gpxtpx:TrackPointExtension></gpxtpx:TrackPointExtension>
        </extensions>
      </trkpt>
      <trkpt lat="34.810731" lon="113.526339">
        <time>2022-04-17T01:32:01Z</time>
        <extensions>
          <gpxtpx:TrackPointExtension></gpxtpx:TrackPointExtension>
        </extensions>
      </trkpt>
      <trkpt lat="34.81085" lon="113.526212">
        <time>2022-04-17T01:32:06Z</time>
        <extensions>
          <gpxtpx:TrackPointExtension></gpxtpx:TrackPointExtension>
        </extensions>
      </trkpt>
      <trkpt lat="34.810908" lon="113.526054">
        <time>2022-04-17T01:32:11Z</time>
        <extensions>
          <gpxtpx:TrackPointExtension></gpxtpx:TrackPointExtension>
        </extensions>
      </trkpt>
      <trkpt lat="34.810916" lon="113.525895">
        <time>2022-04-17T01:32:16Z</time>
        <extensions>
          <gpxtpx:TrackPointExtension></gpxtpx:TrackPointExtension>
        </extensions>
      </trkpt>
      <trkpt lat="34.810923" lon="113.525737">
        <time>2022-04-17T01:32:21Z</time>
        <extensions>
          <gpxtpx:TrackPointExtension></gpxtpx:TrackPointExtension>
        </extensions>
      </trkpt>
      <trkpt lat="34.810827" lon="113.525577">
        <time>2022-04-17T01:32:26Z</time>
        <extensions>
          <gpxtpx:TrackPointExtension></gpxtpx:TrackPointExtension>
        </extensions>
      </trkpt>
      <trkpt lat="34.81069" lon="113.525492">
        <time>2022-04-17T01:32:31Z</time>
        <extensions>
          <gpxtpx:TrackPointExtension></gpxtpx:TrackPointExtension>
        </extensions>
      </trkpt>
      <trkpt lat="34.810525" lon="113.525442">
        <time>2022-04-17T01:32:36Z</time>
        <extensions>
          <gpxtpx:TrackPointExtension></gpxtpx:TrackPointExtension>
        </extensions>
      </trkpt>
      <trkpt lat="34.810362" lon="113.525436">
        <time>2022-04-17T01:32:41Z</time>
        <extensions>
          <gpxtpx:TrackPointExtension></gpxtpx:TrackPointExtension>
        </extensions>
      </trkpt>
      <trkpt lat="34.810213" lon="113.52543">
        <time>2022-04-17T01:32:46Z</time>
        <extensions>
          <gpxtpx:TrackPointExtension></gpxtpx:TrackPointExtension>
        </extensions>
      </trkpt>
      <trkpt lat="34.810048" lon="113.525415">
        <time>2022-04-17T01:32:51Z</time>
        <extensions>
          <gpxtpx:TrackPointExtension></gpxtpx:TrackPointExtension>
        </extensions>
      </trkpt>
      <trkpt lat="34.809904" lon="113.525417">
        <time>2022-04-17T01:32:56Z</time>
        <extensions>
          <gpxtpx:TrackPointExtension></gpxtpx:TrackPointExtension>
        </extensions>
      </trkpt>
      <trkpt lat="34.80976" lon="113.525417">
        <time>2022-04-17T01:33:01Z</time>
        <extensions>
          <gpxtpx:TrackPointExtension></gpxtpx:TrackPointExtension>
        </extensions>
      </trkpt>
      <trkpt lat="34.809632" lon="113.525446">
        <time>2022-04-17T01:33:06Z</time>
        <extensions>
          <gpxtpx:TrackPointExtension></gpxtpx:TrackPointExtension>
        </extensions>
      </trkpt>
      <trkpt lat="34.809507" lon="113.525552">
        <time>2022-04-17T01:33:11Z</time>
        <extensions>
          <gpxtpx:TrackPointExtension></gpxtpx:TrackPointExtension>
        </extensions>
      </trkpt>
      <trkpt lat="34.809432" lon="113.525696">
        <time>2022-04-17T01:33:16Z</time>
        <extensions>
          <gpxtpx:TrackPointExtension></gpxtpx:TrackPointExtension>
        </extensions>
      </trkpt>
      <trkpt lat="34.809416" lon="113.52586">
        <time>2022-04-17T01:33:21Z</time>
        <extensions>
          <gpxtpx:TrackPointExtension></gpxtpx:TrackPointExtension>
        </extensions>
      </trkpt>
      <trkpt lat="34.809442" lon="113.526051">
        <time>2022-04-17T01:33:26Z</time>
        <extensions>
          <gpxtpx:TrackPointExtension></gpxtpx:TrackPointExtension>
        </extensions>
      </trkpt>
      <trkpt lat="34.809524" lon="113.526226">
        <time>2022-04-17T01:33:31Z</time>
        <extensions>
          <gpxtpx:TrackPointExtension></gpxtpx:TrackPointExtension>
        </extensions>
      </trkpt>
      <trkpt lat="34.809649" lon="113.526334">
        <time>2022-04-17T01:33:36Z</time>
        <extensions>
          <gpxtpx:TrackPointExtension></gpxtpx:TrackPointExtension>
        </extensions>
      </trkpt>
      <trkpt lat="34.809825" lon="113.526377">
        <time>2022-04-17T01:33:41Z</time>
        <extensions>
          <gpxtpx:TrackPointExtension></gpxtpx:TrackPointExtension>
        </extensions>
      </trkpt>
      <trkpt lat="34.809999" lon="113.526384">
        <time>2022-04-17T01:33:46Z</time>
        <extensions>
          <gpxtpx:TrackPointExtension></gpxtpx:TrackPointExtension>
        </extensions>
      </trkpt>
      <trkpt lat="34.810151" lon="113.526389">
        <time>2022-04-17T01:33:51Z</time>
        <extensions>
          <gpxtpx:TrackPointExtension></gpxtpx:TrackPointExtension>
        </extensions>
      </trkpt>
      <trkpt lat="34.810313" lon="113.526399">
        <time>2022-04-17T01:33:56Z</time>
        <extensions>
          <gpxtpx:TrackPointExtension></gpxtpx:TrackPointExtension>
        </extensions>
      </trkpt>
      <trkpt lat="34.81046" lon="113.526414">
        <time>2022-04-17T01:34:01Z</time>
        <extensions>
          <gpxtpx:TrackPointExtension></gpxtpx:TrackPointExtension>
        </extensions>
      </trkpt>
      <trkpt lat="34.810601" lon="113.526406">
        <time>2022-04-17T01:34:06Z</time>
        <extensions>
          <gpxtpx:TrackPointExtension></gpxtpx:TrackPointExtension>
        </extensions>
      </trkpt>
      <trkpt lat="34.81076" lon="113.526333">
        <time>2022-04-17T01:34:11Z</time>
        <extensions>
          <gpxtpx:TrackPointExtension></gpxtpx:TrackPointExtension>
        </extensions>
      </trkpt>
      <trkpt lat="34.810842" lon="113.526207">
        <time>2022-04-17T01:34:16Z</time>
        <extensions>
          <gpxtpx:TrackPointExtension></gpxtpx:TrackPointExtension>
        </extensions>
      </trkpt>
      <trkpt lat="34.810888" lon="113.526043">
        <time>2022-04-17T01:34:21Z</time>
        <extensions>
          <gpxtpx:TrackPointExtension></gpxtpx:TrackPointExtension>
        </extensions>
      </trkpt>
      <trkpt lat="34.810876" lon="113.525822">
        <time>2022-04-17T01:34:26Z</time>
        <extensions>
          <gpxtpx:TrackPointExtension></gpxtpx:TrackPointExtension>
        </extensions>
      </trkpt>
      <trkpt lat="34.810834" lon="113.525656">
        <time>2022-04-17T01:34:31Z</time>
        <extensions>
          <gpxtpx:TrackPointExtension></gpxtpx:TrackPointExtension>
        </extensions>
      </trkpt>
      <trkpt lat="34.810729" lon="113.525512">
        <time>2022-04-17T01:34:36Z</time>
        <extensions>
          <gpxtpx:TrackPointExtension></gpxtpx:TrackPointExtension>
        </extensions>
      </trkpt>
      <trkpt lat="34.810569" lon="113.525442">
        <time>2022-04-17T01:34:41Z</time>
        <extensions>
          <gpxtpx:TrackPointExtension></gpxtpx:TrackPointExtension>
        </extensions>
      </trkpt>
      <trkpt lat="34.810407" lon="113.525431">
        <time>2022-04-17T01:34:46Z</time>
        <extensions>
          <gpxtpx:TrackPointExtension></gpxtpx:TrackPointExtension>
        </extensions>
      </trkpt>
      <trkpt lat="34.810271" lon="113.525427">
        <time>2022-04-17T01:34:51Z</time>
        <extensions>
          <gpxtpx:TrackPointExtension></gpxtpx:TrackPointExtension>
        </extensions>
      </trkpt>
      <trkpt lat="34.810127" lon="113.52542">
        <time>2022-04-17T01:34:56Z</time>
        <extensions>
          <gpxtpx:TrackPointExtension></gpxtpx:TrackPointExtension>
        </extensions>
      </trkpt>
      <trkpt lat="34.809975" lon="113.525409">
        <time>2022-04-17T01:35:01Z</time>
        <extensions>
          <gpxtpx:TrackPointExtension></gpxtpx:TrackPointExtension>
        </extensions>
      </trkpt>
      <trkpt lat="34.809817" lon="113.525399">
        <time>2022-04-17T01:35:06Z</time>
        <extensions>
          <gpxtpx:TrackPointExtension></gpxtpx:TrackPointExtension>
        </extensions>
      </trkpt>
      <trkpt lat="34.809681" lon="113.525435">
        <time>2022-04-17T01:35:11Z</time>
        <extensions>
          <gpxtpx:TrackPointExtension></gpxtpx:TrackPointExtension>
        </extensions>
      </trkpt>
      <trkpt lat="34.809534" lon="113.525534">
        <time>2022-04-17T01:35:16Z</time>
        <extensions>
          <gpxtpx:TrackPointExtension></gpxtpx:TrackPointExtension>
        </extensions>
      </trkpt>
      <trkpt lat="34.809444" lon="113.525677">
        <time>2022-04-17T01:35:21Z</time>
        <extensions>
          <gpxtpx:TrackPointExtension></gpxtpx:TrackPointExtension>
        </extensions>
      </trkpt>
      <trkpt lat="34.809413" lon="113.525875">
        <time>2022-04-17T01:35:26Z</time>
        <extensions>
          <gpxtpx:TrackPointExtension></gpxtpx:TrackPointExtension>
        </extensions>
      </trkpt>
      <trkpt lat="34.809427" lon="113.526043">
        <time>2022-04-17T01:35:31Z</time>
        <extensions>
          <gpxtpx:TrackPointExtension></gpxtpx:TrackPointExtension>
        </extensions>
      </trkpt>
      <trkpt lat="34.809514" lon="113.52621">
        <time>2022-04-17T01:35:36Z</time>
        <extensions>
          <gpxtpx:TrackPointExtension></gpxtpx:TrackPointExtension>
        </extensions>
      </trkpt>
      <trkpt lat="34.809646" lon="113.526321">
        <time>2022-04-17T01:35:41Z</time>
        <extensions>
          <gpxtpx:TrackPointExtension></gpxtpx:TrackPointExtension>
        </extensions>
      </trkpt>
      <trkpt lat="34.809782" lon="113.526366">
        <time>2022-04-17T01:35:46Z</time>
        <extensions>
          <gpxtpx:TrackPointExtension></gpxtpx:TrackPointExtension>
        </extensions>
      </trkpt>
      <trkpt lat="34.809942" lon="113.526358">
        <time>2022-04-17T01:35:51Z</time>
        <extensions>
          <gpxtpx:TrackPointExtension></gpxtpx:TrackPointExtension>
        </extensions>
      </trkpt>
      <trkpt lat="34.81009" lon="113.526362">
        <time>2022-04-17T01:35:56Z</time>
        <extensions>
          <gpxtpx:TrackPointExtension></gpxtpx:TrackPointExtension>
        </extensions>
      </trkpt>
      <trkpt lat="34.810239" lon="113.526368">
        <time>2022-04-17T01:36:01Z</time>
        <extensions>
          <gpxtpx:TrackPointExtension></gpxtpx:TrackPointExtension>
        </extensions>
      </trkpt>
      <trkpt lat="34.810398" lon="113.526357">
        <time>2022-04-17T01:36:06Z</time>
        <extensions>
          <gpxtpx:TrackPointExtension></gpxtpx:TrackPointExtension>
        </extensions>
      </trkpt>
      <trkpt lat="34.810519" lon="113.526375">
        <time>2022-04-17T01:36:11Z</time>
        <extensions>
          <gpxtpx:TrackPointExtension></gpxtpx:TrackPointExtension>
        </extensions>
      </trkpt>
      <trkpt lat="34.810678" lon="113.526348">
        <time>2022-04-17T01:36:16Z</time>
        <extensions>
          <gpxtpx:TrackPointExtension></gpxtpx:TrackPointExtension>
        </extensions>
      </trkpt>
      <trkpt lat="34.810776" lon="113.526272">
        <time>2022-04-17T01:36:21Z</time>
        <extensions>
          <gpxtpx:TrackPointExtension></gpxtpx:TrackPointExtension>
        </extensions>
      </trkpt>
      <trkpt lat="34.81086" lon="113.526121">
        <time>2022-04-17T01:36:26Z</time>
        <extensions>
          <gpxtpx:TrackPointExtension></gpxtpx:TrackPointExtension>
        </extensions>
      </trkpt>
      <trkpt lat="34.810899" lon="113.525925">
        <time>2022-04-17T01:36:31Z</time>
        <extensions>
          <gpxtpx:TrackPointExtension></gpxtpx:TrackPointExtension>
        </extensions>
      </trkpt>
      <trkpt lat="34.810898" lon="113.525739">
        <time>2022-04-17T01:36:36Z</time>
        <extensions>
          <gpxtpx:TrackPointExtension></gpxtpx:TrackPointExtension>
        </extensions>
      </trkpt>
      <trkpt lat="34.810832" lon="113.525572">
        <time>2022-04-17T01:36:41Z</time>
        <extensions>
          <gpxtpx:TrackPointExtension></gpxtpx:TrackPointExtension>
        </extensions>
      </trkpt>
      <trkpt lat="34.81069" lon="113.525452">
        <time>2022-04-17T01:36:46Z</time>
        <extensions>
          <gpxtpx:TrackPointExtension></gpxtpx:TrackPointExtension>
        </extensions>
      </trkpt>
      <trkpt lat="34.810521" lon="113.525406">
        <time>2022-04-17T01:36:51Z</time>
        <extensions>
          <gpxtpx:TrackPointExtension></gpxtpx:TrackPointExtension>
        </extensions>
      </trkpt>
      <trkpt lat="34.810348" lon="113.52541">
        <time>2022-04-17T01:36:56Z</time>
        <extensions>
          <gpxtpx:TrackPointExtension></gpxtpx:TrackPointExtension>
        </extensions>
      </trkpt>
      <trkpt lat="34.810186" lon="113.525406">
        <time>2022-04-17T01:37:01Z</time>
        <extensions>
          <gpxtpx:TrackPointExtension></gpxtpx:TrackPointExtension>
        </extensions>
      </trkpt>
      <trkpt lat="34.810014" lon="113.525412">
        <time>2022-04-17T01:37:06Z</time>
        <extensions>
          <gpxtpx:TrackPointExtension></gpxtpx:TrackPointExtension>
        </extensions>
      </trkpt>
      <trkpt lat="34.809875" lon="113.525416">
        <time>2022-04-17T01:37:11Z</time>
        <extensions>
          <gpxtpx:TrackPointExtension></gpxtpx:TrackPointExtension>
        </extensions>
      </trkpt>
      <trkpt lat="34.809875" lon="113.525416">
        <time>2022-04-17T01:37:16Z</time>
        <extensions>
          <gpxtpx:TrackPointExtension></gpxtpx:TrackPointExtension>
        </extensions>
      </trkpt>
    </trkseg>
    <trkseg>
      <trkpt lat="34.80951" lon="113.525541">
        <time>2022-04-17T01:37:52Z</time>
        <extensions>
          <gpxtpx:TrackPointExtension></gpxtpx:TrackPointExtension>
        </extensions>
      </trkpt>
      <trkpt lat="34.80951" lon="113.525541">
        <time>2022-04-17T01:37:57Z</time>
        <extensions>
          <gpxtpx:TrackPointExtension></gpxtpx:TrackPointExtension>
        </extensions>
      </trkpt>
      <trkpt lat="34.809471" lon="113.52563">
        <time>2022-04-17T01:38:02Z</time>
        <extensions>
          <gpxtpx:TrackPointExtension></gpxtpx:TrackPointExtension>
        </extensions>
      </trkpt>
      <trkpt lat="34.809423" lon="113.525772">
        <time>2022-04-17T01:38:07Z</time>
        <extensions>
          <gpxtpx:TrackPointExtension></gpxtpx:TrackPointExtension>
        </extensions>
      </trkpt>
      <trkpt lat="34.809406" lon="113.525915">
        <time>2022-04-17T01:38:12Z</time>
        <extensions>
          <gpxtpx:TrackPointExtension></gpxtpx:TrackPointExtension>
        </extensions>
      </trkpt>
      <trkpt lat="34.809446" lon="113.526054">
        <time>2022-04-17T01:38:17Z</time>
        <extensions>
          <gpxtpx:TrackPointExtension></gpxtpx:TrackPointExtension>
        </extensions>
      </trkpt>
      <trkpt lat="34.80952" lon="113.526181">
        <time>2022-04-17T01:38:22Z</time>
        <extensions>
          <gpxtpx:TrackPointExtension></gpxtpx:TrackPointExtension>
        </extensions>
      </trkpt>
      <trkpt lat="34.80962" lon="113.526286">
        <time>2022-04-17T01:38:27Z</time>
        <extensions>
          <gpxtpx:TrackPointExtension></gpxtpx:TrackPointExtension>
        </extensions>
      </trkpt>
      <trkpt lat="34.80975" lon="113.526349">
        <time>2022-04-17T01:38:32Z</time>
        <extensions>
          <gpxtpx:TrackPointExtension></gpxtpx:TrackPointExtension>
        </extensions>
      </trkpt>
      <trkpt lat="34.809884" lon="113.52635">
        <time>2022-04-17T01:38:37Z</time>
        <extensions>
          <gpxtpx:TrackPointExtension></gpxtpx:TrackPointExtension>
        </extensions>
      </trkpt>
      <trkpt lat="34.810009" lon="113.52634">
        <time>2022-04-17T01:38:42Z</time>
        <extensions>
          <gpxtpx:TrackPointExtension></gpxtpx:TrackPointExtension>
        </extensions>
      </trkpt>
      <trkpt lat="34.810131" lon="113.526329">
        <time>2022-04-17T01:38:47Z</time>
        <extensions>
          <gpxtpx:TrackPointExtension></gpxtpx:TrackPointExtension>
        </extensions>
      </trkpt>
      <trkpt lat="34.810279" lon="113.526342">
        <time>2022-04-17T01:38:52Z</time>
        <extensions>
          <gpxtpx:TrackPointExtension></gpxtpx:TrackPointExtension>
        </extensions>
      </trkpt>
      <trkpt lat="34.81042" lon="113.526359">
        <time>2022-04-17T01:38:57Z</time>
        <extensions>
          <gpxtpx:TrackPointExtension></gpxtpx:TrackPointExtension>
        </extensions>
      </trkpt>
      <trkpt lat="34.810533" lon="113.526364">
        <time>2022-04-17T01:39:02Z</time>
        <extensions>
          <gpxtpx:TrackPointExtension></gpxtpx:TrackPointExtension>
        </extensions>
      </trkpt>
      <trkpt lat="34.810627" lon="113.526354">
        <time>2022-04-17T01:39:07Z</time>
        <extensions>
          <gpxtpx:TrackPointExtension></gpxtpx:TrackPointExtension>
        </extensions>
      </trkpt>
      <trkpt lat="34.810752" lon="113.526271">
        <time>2022-04-17T01:39:12Z</time>
        <extensions>
          <gpxtpx:TrackPointExtension></gpxtpx:TrackPointExtension>
        </extensions>
      </trkpt>
      <trkpt lat="34.810833" lon="113.526128">
        <time>2022-04-17T01:39:17Z</time>
        <extensions>
          <gpxtpx:TrackPointExtension></gpxtpx:TrackPointExtension>
        </extensions>
      </trkpt>
      <trkpt lat="34.810883" lon="113.525988">
        <time>2022-04-17T01:39:22Z</time>
        <extensions>
          <gpxtpx:TrackPointExtension></gpxtpx:TrackPointExtension>
        </extensions>
      </trkpt>
      <trkpt lat="34.810887" lon="113.525834">
        <time>2022-04-17T01:39:27Z</time>
        <extensions>
          <gpxtpx:TrackPointExtension></gpxtpx:TrackPointExtension>
        </extensions>
      </trkpt>
      <trkpt lat="34.810816" lon="113.525672">
        <time>2022-04-17T01:39:32Z</time>
        <extensions>
          <gpxtpx:TrackPointExtension></gpxtpx:TrackPointExtension>
        </extensions>
      </trkpt>
      <trkpt lat="34.810729" lon="113.525568">
        <time>2022-04-17T01:39:37Z</time>
        <extensions>
          <gpxtpx:TrackPointExtension></gpxtpx:TrackPointExtension>
        </extensions>
      </trkpt>
      <trkpt lat="34.810612" lon="113.525495">
        <time>2022-04-17T01:39:42Z</time>
        <extensions>
          <gpxtpx:TrackPointExtension></gpxtpx:TrackPointExtension>
        </extensions>
      </trkpt>
      <trkpt lat="34.810496" lon="113.525458">
        <time>2022-04-17T01:39:47Z</time>
        <extensions>
          <gpxtpx:TrackPointExtension></gpxtpx:TrackPointExtension>
        </extensions>
      </trkpt>
      <trkpt lat="34.810365" lon="113.525463">
        <time>2022-04-17T01:39:52Z</time>
        <extensions>
          <gpxtpx:TrackPointExtension></gpxtpx:TrackPointExtension>
        </extensions>
      </trkpt>
      <trkpt lat="34.810251" lon="113.525467">
        <time>2022-04-17T01:39:57Z</time>
        <extensions>
          <gpxtpx:TrackPointExtension></gpxtpx:TrackPointExtension>
        </extensions>
      </trkpt>
      <trkpt lat="34.810134" lon="113.525431">
        <time>2022-04-17T01:40:02Z</time>
        <extensions>
          <gpxtpx:TrackPointExtension></gpxtpx:TrackPointExtension>
        </extensions>
      </trkpt>
      <trkpt lat="34.810002" lon="113.525382">
        <time>2022-04-17T01:40:07Z</time>
        <extensions>
          <gpxtpx:TrackPointExtension></gpxtpx:TrackPointExtension>
        </extensions>
      </trkpt>
      <trkpt lat="34.809886" lon="113.525374">
        <time>2022-04-17T01:40:12Z</time>
        <extensions>
          <gpxtpx:TrackPointExtension></gpxtpx:TrackPointExtension>
        </extensions>
      </trkpt>
      <trkpt lat="34.809751" lon="113.525384">
        <time>2022-04-17T01:40:17Z</time>
        <extensions>
          <gpxtpx:TrackPointExtension></gpxtpx:TrackPointExtension>
        </extensions>
      </trkpt>
      <trkpt lat="34.809616" lon="113.525427">
        <time>2022-04-17T01:40:22Z</time>
        <extensions>
          <gpxtpx:TrackPointExtension></gpxtpx:TrackPointExtension>
        </extensions>
      </trkpt>
      <trkpt lat="34.809521" lon="113.525513">
        <time>2022-04-17T01:40:27Z</time>
        <extensions>
          <gpxtpx:TrackPointExtension></gpxtpx:TrackPointExtension>
        </extensions>
      </trkpt>
      <trkpt lat="34.809447" lon="113.525612">
        <time>2022-04-17T01:40:32Z</time>
        <extensions>
          <gpxtpx:TrackPointExtension></gpxtpx:TrackPointExtension>
        </extensions>
      </trkpt>
      <trkpt lat="34.809414" lon="113.525722">
        <time>2022-04-17T01:40:37Z</time>
        <extensions>
          <gpxtpx:TrackPointExtension></gpxtpx:TrackPointExtension>
        </extensions>
      </trkpt>
      <trkpt lat="34.809395" lon="113.52586">
        <time>2022-04-17T01:40:42Z</time>
        <extensions>
          <gpxtpx:TrackPointExtension></gpxtpx:TrackPointExtension>
        </extensions>
      </trkpt>
      <trkpt lat="34.809413" lon="113.526">
        <time>2022-04-17T01:40:47Z</time>
        <extensions>
          <gpxtpx:TrackPointExtension></gpxtpx:TrackPointExtension>
        </extensions>
      </trkpt>
      <trkpt lat="34.809455" lon="113.526161">
        <time>2022-04-17T01:40:52Z</time>
        <extensions>
          <gpxtpx:TrackPointExtension></gpxtpx:TrackPointExtension>
        </extensions>
      </trkpt>
      <trkpt lat="34.809517" lon="113.526268">
        <time>2022-04-17T01:40:57Z</time>
        <extensions>
          <gpxtpx:TrackPointExtension></gpxtpx:TrackPointExtension>
        </extensions>
      </trkpt>
      <trkpt lat="34.809632" lon="113.526351">
        <time>2022-04-17T01:41:02Z</time>
        <extensions>
          <gpxtpx:TrackPointExtension></gpxtpx:TrackPointExtension>
        </extensions>
      </trkpt>
      <trkpt lat="34.809752" lon="113.526397">
        <time>2022-04-17T01:41:07Z</time>
        <extensions>
          <gpxtpx:TrackPointExtension></gpxtpx:TrackPointExtension>
        </extensions>
      </trkpt>
      <trkpt lat="34.809902" lon="113.526387">
        <time>2022-04-17T01:41:12Z</time>
        <extensions>
          <gpxtpx:TrackPointExtension></gpxtpx:TrackPointExtension>
        </extensions>
      </trkpt>
      <trkpt lat="34.810031" lon="113.526391">
        <time>2022-04-17T01:41:17Z</time>
        <extensions>
          <gpxtpx:TrackPointExtension></gpxtpx:TrackPointExtension>
        </extensions>
      </trkpt>
      <trkpt lat="34.810154" lon="113.526397">
        <time>2022-04-17T01:41:22Z</time>
        <extensions>
          <gpxtpx:TrackPointExtension></gpxtpx:TrackPointExtension>
        </extensions>
      </trkpt>
      <trkpt lat="34.810266" lon="113.5264">
        <time>2022-04-17T01:41:27Z</time>
        <extensions>
          <gpxtpx:TrackPointExtension></gpxtpx:TrackPointExtension>
        </extensions>
      </trkpt>
      <trkpt lat="34.810383" lon="113.526398">
        <time>2022-04-17T01:41:32Z</time>
        <extensions>
          <gpxtpx:TrackPointExtension></gpxtpx:TrackPointExtension>
        </extensions>
      </trkpt>
      <trkpt lat="34.810513" lon="113.5264">
        <time>2022-04-17T01:41:37Z</time>
        <extensions>
          <gpxtpx:TrackPointExtension></gpxtpx:TrackPointExtension>
        </extensions>
      </trkpt>
      <trkpt lat="34.81064" lon="113.526393">
        <time>2022-04-17T01:41:42Z</time>
        <extensions>
          <gpxtpx:TrackPointExtension></gpxtpx:TrackPointExtension>
        </extensions>
      </trkpt>
      <trkpt lat="34.810756" lon="113.526303">
        <time>2022-04-17T01:41:47Z</time>
        <extensions>
          <gpxtpx:TrackPointExtension></gpxtpx:TrackPointExtension>
        </extensions>
      </trkpt>
      <trkpt lat="34.810851" lon="113.526184">
        <time>2022-04-17T01:41:52Z</time>
        <extensions>
          <gpxtpx:TrackPointExtension></gpxtpx:TrackPointExtension>
        </extensions>
      </trkpt>
      <trkpt lat="34.810898" lon="113.526022">
        <time>2022-04-17T01:41:57Z</time>
        <extensions>
          <gpxtpx:TrackPointExtension></gpxtpx:TrackPointExtension>
        </extensions>
      </trkpt>
      <trkpt lat="34.810905" lon="113.525902">
        <time>2022-04-17T01:42:02Z</time>
        <extensions>
          <gpxtpx:TrackPointExtension></gpxtpx:TrackPointExtension>
        </extensions>
      </trkpt>
      <trkpt lat="34.810839" lon="113.525736">
        <time>2022-04-17T01:42:07Z</time>
        <extensions>
          <gpxtpx:TrackPointExtension></gpxtpx:TrackPointExtension>
        </extensions>
      </trkpt>
      <trkpt lat="34.810733" lon="113.525603">
        <time>2022-04-17T01:42:12Z</time>
        <extensions>
          <gpxtpx:TrackPointExtension></gpxtpx:TrackPointExtension>
        </extensions>
      </trkpt>
      <trkpt lat="34.810636" lon="113.5255">
        <time>2022-04-17T01:42:17Z</time>
        <extensions>
          <gpxtpx:TrackPointExtension></gpxtpx:TrackPointExtension>
        </extensions>
      </trkpt>
      <trkpt lat="34.810515" lon="113.525445">
        <time>2022-04-17T01:42:22Z</time>
        <extensions>
          <gpxtpx:TrackPointExtension></gpxtpx:TrackPointExtension>
        </extensions>
      </trkpt>
      <trkpt lat="34.810398" lon="113.525426">
        <time>2022-04-17T01:42:27Z</time>
        <extensions>
          <gpxtpx:TrackPointExtension></gpxtpx:TrackPointExtension>
        </extensions>
      </trkpt>
      <trkpt lat="34.810279" lon="113.525429">
        <time>2022-04-17T01:42:32Z</time>
        <extensions>
          <gpxtpx:TrackPointExtension></gpxtpx:TrackPointExtension>
        </extensions>
      </trkpt>
      <trkpt lat="34.810169" lon="113.5254">
        <time>2022-04-17T01:42:37Z</time>
        <extensions>
          <gpxtpx:TrackPointExtension></gpxtpx:TrackPointExtension>
        </extensions>
      </trkpt>
      <trkpt lat="34.810048" lon="113.525435">
        <time>2022-04-17T01:42:42Z</time>
        <extensions>
          <gpxtpx:TrackPointExtension></gpxtpx:TrackPointExtension>
        </extensions>
      </trkpt>
      <trkpt lat="34.80989" lon="113.525446">
        <time>2022-04-17T01:42:47Z</time>
        <extensions>
          <gpxtpx:TrackPointExtension></gpxtpx:TrackPointExtension>
        </extensions>
      </trkpt>
      <trkpt lat="34.809771" lon="113.525444">
        <time>2022-04-17T01:42:52Z</time>
        <extensions>
          <gpxtpx:TrackPointExtension></gpxtpx:TrackPointExtension>
        </extensions>
      </trkpt>
      <trkpt lat="34.809625" lon="113.525486">
        <time>2022-04-17T01:42:57Z</time>
        <extensions>
          <gpxtpx:TrackPointExtension></gpxtpx:TrackPointExtension>
        </extensions>
      </trkpt>
      <trkpt lat="34.809507" lon="113.525577">
        <time>2022-04-17T01:43:02Z</time>
        <extensions>
          <gpxtpx:TrackPointExtension></gpxtpx:TrackPointExtension>
        </extensions>
      </trkpt>
      <trkpt lat="34.809441" lon="113.5257">
        <time>2022-04-17T01:43:07Z</time>
        <extensions>
          <gpxtpx:TrackPointExtension></gpxtpx:TrackPointExtension>
        </extensions>
      </trkpt>
      <trkpt lat="34.809404" lon="113.52586">
        <time>2022-04-17T01:43:12Z</time>
        <extensions>
          <gpxtpx:TrackPointExtension></gpxtpx:TrackPointExtension>
        </extensions>
      </trkpt>
      <trkpt lat="34.809416" lon="113.526023">
        <time>2022-04-17T01:43:17Z</time>
        <extensions>
          <gpxtpx:TrackPointExtension></gpxtpx:TrackPointExtension>
        </extensions>
      </trkpt>
      <trkpt lat="34.80948" lon="113.526165">
        <time>2022-04-17T01:43:22Z</time>
        <extensions>
          <gpxtpx:TrackPointExtension></gpxtpx:TrackPointExtension>
        </extensions>
      </trkpt>
      <trkpt lat="34.809583" lon="113.526287">
        <time>2022-04-17T01:43:27Z</time>
        <extensions>
          <gpxtpx:TrackPointExtension></gpxtpx:TrackPointExtension>
        </extensions>
      </trkpt>
      <trkpt lat="34.809715" lon="113.526355">
        <time>2022-04-17T01:43:32Z</time>
        <extensions>
          <gpxtpx:TrackPointExtension></gpxtpx:TrackPointExtension>
        </extensions>
      </trkpt>
      <trkpt lat="34.809867" lon="113.526365">
        <time>2022-04-17T01:43:37Z</time>
        <extensions>
          <gpxtpx:TrackPointExtension></gpxtpx:TrackPointExtension>
        </extensions>
      </trkpt>
      <trkpt lat="34.810007" lon="113.526348">
        <time>2022-04-17T01:43:42Z</time>
        <extensions>
          <gpxtpx:TrackPointExtension></gpxtpx:TrackPointExtension>
        </extensions>
      </trkpt>
      <trkpt lat="34.810143" lon="113.526359">
        <time>2022-04-17T01:43:47Z</time>
        <extensions>
          <gpxtpx:TrackPointExtension></gpxtpx:TrackPointExtension>
        </extensions>
      </trkpt>
      <trkpt lat="34.810267" lon="113.526379">
        <time>2022-04-17T01:43:52Z</time>
        <extensions>
          <gpxtpx:TrackPointExtension></gpxtpx:TrackPointExtension>
        </extensions>
      </trkpt>
      <trkpt lat="34.810371" lon="113.526391">
        <time>2022-04-17T01:43:57Z</time>
        <extensions>
          <gpxtpx:TrackPointExtension></gpxtpx:TrackPointExtension>
        </extensions>
      </trkpt>
      <trkpt lat="34.810498" lon="113.526373">
        <time>2022-04-17T01:44:02Z</time>
        <extensions>
          <gpxtpx:TrackPointExtension></gpxtpx:TrackPointExtension>
        </extensions>
      </trkpt>
      <trkpt lat="34.810603" lon="113.526382">
        <time>2022-04-17T01:44:07Z</time>
        <extensions>
          <gpxtpx:TrackPointExtension></gpxtpx:TrackPointExtension>
        </extensions>
      </trkpt>
      <trkpt lat="34.810691" lon="113.526327">
        <time>2022-04-17T01:44:12Z</time>
        <extensions>
          <gpxtpx:TrackPointExtension></gpxtpx:TrackPointExtension>
        </extensions>
      </trkpt>
      <trkpt lat="34.810784" lon="113.526229">
        <time>2022-04-17T01:44:17Z</time>
        <extensions>
          <gpxtpx:TrackPointExtension></gpxtpx:TrackPointExtension>
        </extensions>
      </trkpt>
      <trkpt lat="34.810849" lon="113.52609">
        <time>2022-04-17T01:44:22Z</time>
        <extensions>
          <gpxtpx:TrackPointExtension></gpxtpx:TrackPointExtension>
        </extensions>
      </trkpt>
      <trkpt lat="34.810867" lon="113.52594">
        <time>2022-04-17T01:44:27Z</time>
        <extensions>
          <gpxtpx:TrackPointExtension></gpxtpx:TrackPointExtension>
        </extensions>
      </trkpt>
      <trkpt lat="34.810868" lon="113.525799">
        <time>2022-04-17T01:44:32Z</time>
        <extensions>
          <gpxtpx:TrackPointExtension></gpxtpx:TrackPointExtension>
        </extensions>
      </trkpt>
      <trkpt lat="34.81083" lon="113.525664">
        <time>2022-04-17T01:44:37Z</time>
        <extensions>
          <gpxtpx:TrackPointExtension></gpxtpx:TrackPointExtension>
        </extensions>
      </trkpt>
      <trkpt lat="34.810765" lon="113.525571">
        <time>2022-04-17T01:44:42Z</time>
        <extensions>
          <gpxtpx:TrackPointExtension></gpxtpx:TrackPointExtension>
        </extensions>
      </trkpt>
      <trkpt lat="34.810637" lon="113.525477">
        <time>2022-04-17T01:44:47Z</time>
        <extensions>
          <gpxtpx:TrackPointExtension></gpxtpx:TrackPointExtension>
        </extensions>
      </trkpt>
      <trkpt lat="34.81051" lon="113.525444">
        <time>2022-04-17T01:44:52Z</time>
        <extensions>
          <gpxtpx:TrackPointExtension></gpxtpx:TrackPointExtension>
        </extensions>
      </trkpt>
      <trkpt lat="34.810387" lon="113.525423">
        <time>2022-04-17T01:44:57Z</time>
        <extensions>
          <gpxtpx:TrackPointExtension></gpxtpx:TrackPointExtension>
        </extensions>
      </trkpt>
      <trkpt lat="34.810271" lon="113.525403">
        <time>2022-04-17T01:45:02Z</time>
        <extensions>
          <gpxtpx:TrackPointExtension></gpxtpx:TrackPointExtension>
        </extensions>
      </trkpt>
      <trkpt lat="34.810152" lon="113.525387">
        <time>2022-04-17T01:45:07Z</time>
        <extensions>
          <gpxtpx:TrackPointExtension></gpxtpx:TrackPointExtension>
        </extensions>
      </trkpt>
      <trkpt lat="34.810032" lon="113.525413">
        <time>2022-04-17T01:45:12Z</time>
        <extensions>
          <gpxtpx:TrackPointExtension></gpxtpx:TrackPointExtension>
        </extensions>
      </trkpt>
      <trkpt lat="34.809928" lon="113.525414">
        <time>2022-04-17T01:45:17Z</time>
        <extensions>
          <gpxtpx:TrackPointExtension></gpxtpx:TrackPointExtension>
        </extensions>
      </trkpt>
      <trkpt lat="34.809819" lon="113.525415">
        <time>2022-04-17T01:45:22Z</time>
        <extensions>
          <gpxtpx:TrackPointExtension></gpxtpx:TrackPointExtension>
        </extensions>
      </trkpt>
      <trkpt lat="34.809696" lon="113.525438">
        <time>2022-04-17T01:45:27Z</time>
        <extensions>
          <gpxtpx:TrackPointExtension></gpxtpx:TrackPointExtension>
        </extensions>
      </trkpt>
      <trkpt lat="34.809606" lon="113.525473">
        <time>2022-04-17T01:45:32Z</time>
        <extensions>
          <gpxtpx:TrackPointExtension></gpxtpx:TrackPointExtension>
        </extensions>
      </trkpt>
      <trkpt lat="34.80949" lon="113.525544">
        <time>2022-04-17T01:45:37Z</time>
        <extensions>
          <gpxtpx:TrackPointExtension></gpxtpx:TrackPointExtension>
        </extensions>
      </trkpt>
      <trkpt lat="34.809423" lon="113.525652">
        <time>2022-04-17T01:45:42Z</time>
        <extensions>
          <gpxtpx:TrackPointExtension></gpxtpx:TrackPointExtension>
        </extensions>
      </trkpt>
      <trkpt lat="34.809409" lon="113.525743">
        <time>2022-04-17T01:45:47Z</time>
        <extensions>
          <gpxtpx:TrackPointExtension></gpxtpx:TrackPointExtension>
        </extensions>
      </trkpt>
      <trkpt lat="34.809396" lon="113.525892">
        <time>2022-04-17T01:45:52Z</time>
        <extensions>
          <gpxtpx:TrackPointExtension></gpxtpx:TrackPointExtension>
        </extensions>
      </trkpt>
      <trkpt lat="34.809412" lon="113.526049">
        <time>2022-04-17T01:45:57Z</time>
        <extensions>
          <gpxtpx:TrackPointExtension></gpxtpx:TrackPointExtension>
        </extensions>
      </trkpt>
      <trkpt lat="34.809455" lon="113.52618">
        <time>2022-04-17T01:46:02Z</time>
        <extensions>
          <gpxtpx:TrackPointExtension></gpxtpx:TrackPointExtension>
        </extensions>
      </trkpt>
      <trkpt lat="34.809558" lon="113.526274">
        <time>2022-04-17T01:46:07Z</time>
        <extensions>
          <gpxtpx:TrackPointExtension></gpxtpx:TrackPointExtension>
        </extensions>
      </trkpt>
      <trkpt lat="34.809638" lon="113.526344">
        <time>2022-04-17T01:46:12Z</time>
        <extensions>
          <gpxtpx:TrackPointExtension></gpxtpx:TrackPointExtension>
        </extensions>
      </trkpt>
      <trkpt lat="34.809738" lon="113.526383">
        <time>2022-04-17T01:46:17Z</time>
        <extensions>
          <gpxtpx:TrackPointExtension></gpxtpx:TrackPointExtension>
        </extensions>
      </trkpt>
      <trkpt lat="34.809869" lon="113.526397">
        <time>2022-04-17T01:46:22Z</time>
        <extensions>
          <gpxtpx:TrackPointExtension></gpxtpx:TrackPointExtension>
        </extensions>
      </trkpt>
      <trkpt lat="34.809975" lon="113.526397">
        <time>2022-04-17T01:46:27Z</time>
        <extensions>
          <gpxtpx:TrackPointExtension></gpxtpx:TrackPointExtension>
        </extensions>
      </trkpt>
      <trkpt lat="34.810085" lon="113.526404">
        <time>2022-04-17T01:46:32Z</time>
        <extensions>
          <gpxtpx:TrackPointExtension></gpxtpx:TrackPointExtension>
        </extensions>
      </trkpt>
      <trkpt lat="34.810214" lon="113.526406">
        <time>2022-04-17T01:46:37Z</time>
        <extensions>
          <gpxtpx:TrackPointExtension></gpxtpx:TrackPointExtension>
        </extensions>
      </trkpt>
      <trkpt lat="34.810339" lon="113.526398">
        <time>2022-04-17T01:46:42Z</time>
        <extensions>
          <gpxtpx:TrackPointExtension></gpxtpx:TrackPointExtension>
        </extensions>
      </trkpt>
      <trkpt lat="34.810447" lon="113.526403">
        <time>2022-04-17T01:46:47Z</time>
        <extensions>
          <gpxtpx:TrackPointExtension></gpxtpx:TrackPointExtension>
        </extensions>
      </trkpt>
      <trkpt lat="34.810559" lon="113.526399">
        <time>2022-04-17T01:46:52Z</time>
        <extensions>
          <gpxtpx:TrackPointExtension></gpxtpx:TrackPointExtension>
        </extensions>
      </trkpt>
      <trkpt lat="34.810675" lon="113.526343">
        <time>2022-04-17T01:46:57Z</time>
        <extensions>
          <gpxtpx:TrackPointExtension></gpxtpx:TrackPointExtension>
        </extensions>
      </trkpt>
      <trkpt lat="34.810788" lon="113.526248">
        <time>2022-04-17T01:47:02Z</time>
        <extensions>
          <gpxtpx:TrackPointExtension></gpxtpx:TrackPointExtension>
        </extensions>
      </trkpt>
      <trkpt lat="34.810838" lon="113.526135">
        <time>2022-04-17T01:47:07Z</time>
        <extensions>
          <gpxtpx:TrackPointExtension></gpxtpx:TrackPointExtension>
        </extensions>
      </trkpt>
      <trkpt lat="34.81087" lon="113.525999">
        <time>2022-04-17T01:47:12Z</time>
        <extensions>
          <gpxtpx:TrackPointExtension></gpxtpx:TrackPointExtension>
        </extensions>
      </trkpt>
      <trkpt lat="34.810877" lon="113.52586">
        <time>2022-04-17T01:47:17Z</time>
        <extensions>
          <gpxtpx:TrackPointExtension></gpxtpx:TrackPointExtension>
        </extensions>
      </trkpt>
      <trkpt lat="34.81085" lon="113.525717">
        <time>2022-04-17T01:47:22Z</time>
        <extensions>
          <gpxtpx:TrackPointExtension></gpxtpx:TrackPointExtension>
        </extensions>
      </trkpt>
      <trkpt lat="34.810807" lon="113.525622">
        <time>2022-04-17T01:47:27Z</time>
        <extensions>
          <gpxtpx:TrackPointExtension></gpxtpx:TrackPointExtension>
        </extensions>
      </trkpt>
      <trkpt lat="34.810701" lon="113.525532">
        <time>2022-04-17T01:47:32Z</time>
        <extensions>
          <gpxtpx:TrackPointExtension></gpxtpx:TrackPointExtension>
        </extensions>
      </trkpt>
      <trkpt lat="34.810594" lon="113.52546">
        <time>2022-04-17T01:47:37Z</time>
        <extensions>
          <gpxtpx:TrackPointExtension></gpxtpx:TrackPointExtension>
        </extensions>
      </trkpt>
      <trkpt lat="34.810478" lon="113.525436">
        <time>2022-04-17T01:47:42Z</time>
        <extensions>
          <gpxtpx:TrackPointExtension></gpxtpx:TrackPointExtension>
        </extensions>
      </trkpt>
      <trkpt lat="34.810353" lon="113.525459">
        <time>2022-04-17T01:47:47Z</time>
        <extensions>
          <gpxtpx:TrackPointExtension></gpxtpx:TrackPointExtension>
        </extensions>
      </trkpt>
      <trkpt lat="34.810248" lon="113.525451">
        <time>2022-04-17T01:47:52Z</time>
        <extensions>
          <gpxtpx:TrackPointExtension></gpxtpx:TrackPointExtension>
        </extensions>
      </trkpt>
      <trkpt lat="34.81013" lon="113.525412">
        <time>2022-04-17T01:47:57Z</time>
        <extensions>
          <gpxtpx:TrackPointExtension></gpxtpx:TrackPointExtension>
        </extensions>
      </trkpt>
      <trkpt lat="34.810019" lon="113.52542">
        <time>2022-04-17T01:48:02Z</time>
        <extensions>
          <gpxtpx:TrackPointExtension></gpxtpx:TrackPointExtension>
        </extensions>
      </trkpt>
      <trkpt lat="34.8099" lon="113.525416">
        <time>2022-04-17T01:48:07Z</time>
        <extensions>
          <gpxtpx:TrackPointExtension></gpxtpx:TrackPointExtension>
        </extensions>
      </trkpt>
      <trkpt lat="34.80977" lon="113.525404">
        <time>2022-04-17T01:48:12Z</time>
        <extensions>
          <gpxtpx:TrackPointExtension></gpxtpx:TrackPointExtension>
        </extensions>
      </trkpt>
      <trkpt lat="34.809665" lon="113.525436">
        <time>2022-04-17T01:48:17Z</time>
        <extensions>
          <gpxtpx:TrackPointExtension></gpxtpx:TrackPointExtension>
        </extensions>
      </trkpt>
      <trkpt lat="34.809553" lon="113.525509">
        <time>2022-04-17T01:48:22Z</time>
        <extensions>
          <gpxtpx:TrackPointExtension></gpxtpx:TrackPointExtension>
        </extensions>
      </trkpt>
      <trkpt lat="34.809466" lon="113.525603">
        <time>2022-04-17T01:48:27Z</time>
        <extensions>
          <gpxtpx:TrackPointExtension></gpxtpx:TrackPointExtension>
        </extensions>
      </trkpt>
      <trkpt lat="34.809414" lon="113.525708">
        <time>2022-04-17T01:48:32Z</time>
        <extensions>
          <gpxtpx:TrackPointExtension></gpxtpx:TrackPointExtension>
        </extensions>
      </trkpt>
      <trkpt lat="34.809392" lon="113.525858">
        <time>2022-04-17T01:48:37Z</time>
        <extensions>
          <gpxtpx:TrackPointExtension></gpxtpx:TrackPointExtension>
        </extensions>
      </trkpt>
      <trkpt lat="34.809421" lon="113.52604">
        <time>2022-04-17T01:48:42Z</time>
        <extensions>
          <gpxtpx:TrackPointExtension></gpxtpx:TrackPointExtension>
        </extensions>
      </trkpt>
      <trkpt lat="34.80946" lon="113.526152">
        <time>2022-04-17T01:48:47Z</time>
        <extensions>
          <gpxtpx:TrackPointExtension></gpxtpx:TrackPointExtension>
        </extensions>
      </trkpt>
      <trkpt lat="34.809521" lon="113.526259">
        <time>2022-04-17T01:48:52Z</time>
        <extensions>
          <gpxtpx:TrackPointExtension></gpxtpx:TrackPointExtension>
        </extensions>
      </trkpt>
      <trkpt lat="34.809617" lon="113.526334">
        <time>2022-04-17T01:48:57Z</time>
        <extensions>
          <gpxtpx:TrackPointExtension></gpxtpx:TrackPointExtension>
        </extensions>
      </trkpt>
      <trkpt lat="34.809738" lon="113.526391">
        <time>2022-04-17T01:49:02Z</time>
        <extensions>
          <gpxtpx:TrackPointExtension></gpxtpx:TrackPointExtension>
        </extensions>
      </trkpt>
      <trkpt lat="34.809879" lon="113.526387">
        <time>2022-04-17T01:49:07Z</time>
        <extensions>
          <gpxtpx:TrackPointExtension></gpxtpx:TrackPointExtension>
        </extensions>
      </trkpt>
      <trkpt lat="34.810005" lon="113.526401">
        <time>2022-04-17T01:49:12Z</time>
        <extensions>
          <gpxtpx:TrackPointExtension></gpxtpx:TrackPointExtension>
        </extensions>
      </trkpt>
      <trkpt lat="34.810137" lon="113.526407">
        <time>2022-04-17T01:49:17Z</time>
        <extensions>
          <gpxtpx:TrackPointExtension></gpxtpx:TrackPointExtension>
        </extensions>
      </trkpt>
      <trkpt lat="34.810276" lon="113.526401">
        <time>2022-04-17T01:49:22Z</time>
        <extensions>
          <gpxtpx:TrackPointExtension></gpxtpx:TrackPointExtension>
        </extensions>
      </trkpt>
      <trkpt lat="34.810452" lon="113.52639">
        <time>2022-04-17T01:49:27Z</time>
        <extensions>
          <gpxtpx:TrackPointExtension></gpxtpx:TrackPointExtension>
        </extensions>
      </trkpt>
      <trkpt lat="34.810555" lon="113.526385">
        <time>2022-04-17T01:49:32Z</time>
        <extensions>
          <gpxtpx:TrackPointExtension></gpxtpx:TrackPointExtension>
        </extensions>
      </trkpt>
      <trkpt lat="34.810655" lon="113.526363">
        <time>2022-04-17T01:49:37Z</time>
        <extensions>
          <gpxtpx:TrackPointExtension></gpxtpx:TrackPointExtension>
        </extensions>
      </trkpt>
      <trkpt lat="34.810748" lon="113.526277">
        <time>2022-04-17T01:49:42Z</time>
        <extensions>
          <gpxtpx:TrackPointExtension></gpxtpx:TrackPointExtension>
        </extensions>
      </trkpt>
      <trkpt lat="34.810816" lon="113.526171">
        <time>2022-04-17T01:49:47Z</time>
        <extensions>
          <gpxtpx:TrackPointExtension></gpxtpx:TrackPointExtension>
        </extensions>
      </trkpt>
      <trkpt lat="34.81086" lon="113.526049">
        <time>2022-04-17T01:49:52Z</time>
        <extensions>
          <gpxtpx:TrackPointExtension></gpxtpx:TrackPointExtension>
        </extensions>
      </trkpt>
      <trkpt lat="34.810883" lon="113.525898">
        <time>2022-04-17T01:49:57Z</time>
        <extensions>
          <gpxtpx:TrackPointExtension></gpxtpx:TrackPointExtension>
        </extensions>
      </trkpt>
      <trkpt lat="34.810854" lon="113.525715">
        <time>2022-04-17T01:50:02Z</time>
        <extensions>
          <gpxtpx:TrackPointExtension></gpxtpx:TrackPointExtension>
        </extensions>
      </trkpt>
      <trkpt lat="34.81076" lon="113.525588">
        <time>2022-04-17T01:50:07Z</time>
        <extensions>
          <gpxtpx:TrackPointExtension></gpxtpx:TrackPointExtension>
        </extensions>
      </trkpt>
      <trkpt lat="34.81067" lon="113.525496">
        <time>2022-04-17T01:50:12Z</time>
        <extensions>
          <gpxtpx:TrackPointExtension></gpxtpx:TrackPointExtension>
        </extensions>
      </trkpt>
      <trkpt lat="34.810575" lon="113.525453">
        <time>2022-04-17T01:50:17Z</time>
        <extensions>
          <gpxtpx:TrackPointExtension></gpxtpx:TrackPointExtension>
        </extensions>
      </trkpt>
      <trkpt lat="34.810454" lon="113.525437">
        <time>2022-04-17T01:50:22Z</time>
        <extensions>
          <gpxtpx:TrackPointExtension></gpxtpx:TrackPointExtension>
        </extensions>
      </trkpt>
      <trkpt lat="34.810318" lon="113.525436">
        <time>2022-04-17T01:50:27Z</time>
        <extensions>
          <gpxtpx:TrackPointExtension></gpxtpx:TrackPointExtension>
        </extensions>
      </trkpt>
      <trkpt lat="34.810241" lon="113.525439">
        <time>2022-04-17T01:50:32Z</time>
        <extensions>
          <gpxtpx:TrackPointExtension></gpxtpx:TrackPointExtension>
        </extensions>
      </trkpt>
      <trkpt lat="34.81012" lon="113.52542">
        <time>2022-04-17T01:50:37Z</time>
        <extensions>
          <gpxtpx:TrackPointExtension></gpxtpx:TrackPointExtension>
        </extensions>
      </trkpt>
      <trkpt lat="34.809993" lon="113.525418">
        <time>2022-04-17T01:50:42Z</time>
        <extensions>
          <gpxtpx:TrackPointExtension></gpxtpx:TrackPointExtension>
        </extensions>
      </trkpt>
      <trkpt lat="34.809856" lon="113.525417">
        <time>2022-04-17T01:50:47Z</time>
        <extensions>
          <gpxtpx:TrackPointExtension></gpxtpx:TrackPointExtension>
        </extensions>
      </trkpt>
      <trkpt lat="34.809725" lon="113.525413">
        <time>2022-04-17T01:50:52Z</time>
        <extensions>
          <gpxtpx:TrackPointExtension></gpxtpx:TrackPointExtension>
        </extensions>
      </trkpt>
      <trkpt lat="34.809619" lon="113.52546">
        <time>2022-04-17T01:50:57Z</time>
        <extensions>
          <gpxtpx:TrackPointExtension></gpxtpx:TrackPointExtension>
        </extensions>
      </trkpt>
      <trkpt lat="34.809503" lon="113.52555">
        <time>2022-04-17T01:51:02Z</time>
        <extensions>
          <gpxtpx:TrackPointExtension></gpxtpx:TrackPointExtension>
        </extensions>
      </trkpt>
      <trkpt lat="34.809426" lon="113.525664">
        <time>2022-04-17T01:51:07Z</time>
        <extensions>
          <gpxtpx:TrackPointExtension></gpxtpx:TrackPointExtension>
        </extensions>
      </trkpt>
      <trkpt lat="34.8094" lon="113.525812">
        <time>2022-04-17T01:51:12Z</time>
        <extensions>
          <gpxtpx:TrackPointExtension></gpxtpx:TrackPointExtension>
        </extensions>
      </trkpt>
      <trkpt lat="34.809392" lon="113.525985">
        <time>2022-04-17T01:51:17Z</time>
        <extensions>
          <gpxtpx:TrackPointExtension></gpxtpx:TrackPointExtension>
        </extensions>
      </trkpt>
      <trkpt lat="34.809428" lon="113.526148">
        <time>2022-04-17T01:51:22Z</time>
        <extensions>
          <gpxtpx:TrackPointExtension></gpxtpx:TrackPointExtension>
        </extensions>
      </trkpt>
      <trkpt lat="34.809527" lon="113.52627">
        <time>2022-04-17T01:51:27Z</time>
        <extensions>
          <gpxtpx:TrackPointExtension></gpxtpx:TrackPointExtension>
        </extensions>
      </trkpt>
      <trkpt lat="34.809645" lon="113.526354">
        <time>2022-04-17T01:51:32Z</time>
        <extensions>
          <gpxtpx:TrackPointExtension></gpxtpx:TrackPointExtension>
        </extensions>
      </trkpt>
      <trkpt lat="34.809735" lon="113.526391">
        <time>2022-04-17T01:51:37Z</time>
        <extensions>
          <gpxtpx:TrackPointExtension></gpxtpx:TrackPointExtension>
        </extensions>
      </trkpt>
      <trkpt lat="34.809861" lon="113.526384">
        <time>2022-04-17T01:51:42Z</time>
        <extensions>
          <gpxtpx:TrackPointExtension></gpxtpx:TrackPointExtension>
        </extensions>
      </trkpt>
      <trkpt lat="34.810011" lon="113.526394">
        <time>2022-04-17T01:51:47Z</time>
        <extensions>
          <gpxtpx:TrackPointExtension></gpxtpx:TrackPointExtension>
        </extensions>
      </trkpt>
      <trkpt lat="34.81014" lon="113.526389">
        <time>2022-04-17T01:51:52Z</time>
        <extensions>
          <gpxtpx:TrackPointExtension></gpxtpx:TrackPointExtension>
        </extensions>
      </trkpt>
      <trkpt lat="34.810275" lon="113.526412">
        <time>2022-04-17T01:51:57Z</time>
        <extensions>
          <gpxtpx:TrackPointExtension></gpxtpx:TrackPointExtension>
        </extensions>
      </trkpt>
      <trkpt lat="34.810418" lon="113.526413">
        <time>2022-04-17T01:52:02Z</time>
        <extensions>
          <gpxtpx:TrackPointExtension></gpxtpx:TrackPointExtension>
        </extensions>
      </trkpt>
      <trkpt lat="34.81057" lon="113.526409">
        <time>2022-04-17T01:52:07Z</time>
        <extensions>
          <gpxtpx:TrackPointExtension></gpxtpx:TrackPointExtension>
        </extensions>
      </trkpt>
      <trkpt lat="34.810689" lon="113.52637">
        <time>2022-04-17T01:52:12Z</time>
        <extensions>
          <gpxtpx:TrackPointExtension></gpxtpx:TrackPointExtension>
        </extensions>
      </trkpt>
      <trkpt lat="34.810802" lon="113.526253">
        <time>2022-04-17T01:52:17Z</time>
        <extensions>
          <gpxtpx:TrackPointExtension></gpxtpx:TrackPointExtension>
        </extensions>
      </trkpt>
      <trkpt lat="34.810862" lon="113.526134">
        <time>2022-04-17T01:52:22Z</time>
        <extensions>
          <gpxtpx:TrackPointExtension></gpxtpx:TrackPointExtension>
        </extensions>
      </trkpt>
      <trkpt lat="34.810884" lon="113.525971">
        <time>2022-04-17T01:52:27Z</time>
        <extensions>
          <gpxtpx:TrackPointExtension></gpxtpx:TrackPointExtension>
        </extensions>
      </trkpt>
      <trkpt lat="34.810884" lon="113.525845">
        <time>2022-04-17T01:52:32Z</time>
        <extensions>
          <gpxtpx:TrackPointExtension></gpxtpx:TrackPointExtension>
        </extensions>
      </trkpt>
      <trkpt lat="34.81082" lon="113.52567">
        <time>2022-04-17T01:52:37Z</time>
        <extensions>
          <gpxtpx:TrackPointExtension></gpxtpx:TrackPointExtension>
        </extensions>
      </trkpt>
      <trkpt lat="34.81072" lon="113.525538">
        <time>2022-04-17T01:52:42Z</time>
        <extensions>
          <gpxtpx:TrackPointExtension></gpxtpx:TrackPointExtension>
        </extensions>
      </trkpt>
      <trkpt lat="34.810608" lon="113.525456">
        <time>2022-04-17T01:52:47Z</time>
        <extensions>
          <gpxtpx:TrackPointExtension></gpxtpx:TrackPointExtension>
        </extensions>
      </trkpt>
      <trkpt lat="34.81048" lon="113.525429">
        <time>2022-04-17T01:52:52Z</time>
        <extensions>
          <gpxtpx:TrackPointExtension></gpxtpx:TrackPointExtension>
        </extensions>
      </trkpt>
      <trkpt lat="34.810351" lon="113.525436">
        <time>2022-04-17T01:52:57Z</time>
        <extensions>
          <gpxtpx:TrackPointExtension></gpxtpx:TrackPointExtension>
        </extensions>
      </trkpt>
      <trkpt lat="34.810284" lon="113.525435">
        <time>2022-04-17T01:53:02Z</time>
        <extensions>
          <gpxtpx:TrackPointExtension></gpxtpx:TrackPointExtension>
        </extensions>
      </trkpt>
      <trkpt lat="34.810192" lon="113.52542">
        <time>2022-04-17T01:53:07Z</time>
        <extensions>
          <gpxtpx:TrackPointExtension></gpxtpx:TrackPointExtension>
        </extensions>
      </trkpt>
      <trkpt lat="34.810059" lon="113.525444">
        <time>2022-04-17T01:53:12Z</time>
        <extensions>
          <gpxtpx:TrackPointExtension></gpxtpx:TrackPointExtension>
        </extensions>
      </trkpt>
      <trkpt lat="34.809941" lon="113.525432">
        <time>2022-04-17T01:53:17Z</time>
        <extensions>
          <gpxtpx:TrackPointExtension></gpxtpx:TrackPointExtension>
        </extensions>
      </trkpt>
      <trkpt lat="34.809848" lon="113.525417">
        <time>2022-04-17T01:53:22Z</time>
        <extensions>
          <gpxtpx:TrackPointExtension></gpxtpx:TrackPointExtension>
        </extensions>
      </trkpt>
      <trkpt lat="34.809725" lon="113.525415">
        <time>2022-04-17T01:53:27Z</time>
        <extensions>
          <gpxtpx:TrackPointExtension></gpxtpx:TrackPointExtension>
        </extensions>
      </trkpt>
      <trkpt lat="34.809617" lon="113.525447">
        <time>2022-04-17T01:53:32Z</time>
        <extensions>
          <gpxtpx:TrackPointExtension></gpxtpx:TrackPointExtension>
        </extensions>
      </trkpt>
      <trkpt lat="34.809539" lon="113.525528">
        <time>2022-04-17T01:53:37Z</time>
        <extensions>
          <gpxtpx:TrackPointExtension></gpxtpx:TrackPointExtension>
        </extensions>
      </trkpt>
      <trkpt lat="34.809452" lon="113.525642">
        <time>2022-04-17T01:53:42Z</time>
        <extensions>
          <gpxtpx:TrackPointExtension></gpxtpx:TrackPointExtension>
        </extensions>
      </trkpt>
      <trkpt lat="34.809425" lon="113.525776">
        <time>2022-04-17T01:53:47Z</time>
        <extensions>
          <gpxtpx:TrackPointExtension></gpxtpx:TrackPointExtension>
        </extensions>
      </trkpt>
      <trkpt lat="34.809424" lon="113.525914">
        <time>2022-04-17T01:53:52Z</time>
        <extensions>
          <gpxtpx:TrackPointExtension></gpxtpx:TrackPointExtension>
        </extensions>
      </trkpt>
      <trkpt lat="34.80945" lon="113.526058">
        <time>2022-04-17T01:53:57Z</time>
        <extensions>
          <gpxtpx:TrackPointExtension></gpxtpx:TrackPointExtension>
        </extensions>
      </trkpt>
      <trkpt lat="34.809501" lon="113.526179">
        <time>2022-04-17T01:54:02Z</time>
        <extensions>
          <gpxtpx:TrackPointExtension></gpxtpx:TrackPointExtension>
        </extensions>
      </trkpt>
      <trkpt lat="34.809587" lon="113.526278">
        <time>2022-04-17T01:54:07Z</time>
        <extensions>
          <gpxtpx:TrackPointExtension></gpxtpx:TrackPointExtension>
        </extensions>
      </trkpt>
      <trkpt lat="34.809646" lon="113.526343">
        <time>2022-04-17T01:54:12Z</time>
        <extensions>
          <gpxtpx:TrackPointExtension></gpxtpx:TrackPointExtension>
        </extensions>
      </trkpt>
      <trkpt lat="34.809738" lon="113.526373">
        <time>2022-04-17T01:54:17Z</time>
        <extensions>
          <gpxtpx:TrackPointExtension></gpxtpx:TrackPointExtension>
        </extensions>
      </trkpt>
      <trkpt lat="34.809853" lon="113.526363">
        <time>2022-04-17T01:54:22Z</time>
        <extensions>
          <gpxtpx:TrackPointExtension></gpxtpx:TrackPointExtension>
        </extensions>
      </trkpt>
      <trkpt lat="34.809966" lon="113.526379">
        <time>2022-04-17T01:54:27Z</time>
        <extensions>
          <gpxtpx:TrackPointExtension></gpxtpx:TrackPointExtension>
        </extensions>
      </trkpt>
      <trkpt lat="34.810074" lon="113.52637">
        <time>2022-04-17T01:54:32Z</time>
        <extensions>
          <gpxtpx:TrackPointExtension></gpxtpx:TrackPointExtension>
        </extensions>
      </trkpt>
      <trkpt lat="34.810176" lon="113.526364">
        <time>2022-04-17T01:54:37Z</time>
        <extensions>
          <gpxtpx:TrackPointExtension></gpxtpx:TrackPointExtension>
        </extensions>
      </trkpt>
      <trkpt lat="34.810296" lon="113.526391">
        <time>2022-04-17T01:54:42Z</time>
        <extensions>
          <gpxtpx:TrackPointExtension></gpxtpx:TrackPointExtension>
        </extensions>
      </trkpt>
      <trkpt lat="34.810416" lon="113.526389">
        <time>2022-04-17T01:54:47Z</time>
        <extensions>
          <gpxtpx:TrackPointExtension></gpxtpx:TrackPointExtension>
        </extensions>
      </trkpt>
      <trkpt lat="34.810531" lon="113.526381">
        <time>2022-04-17T01:54:52Z</time>
        <extensions>
          <gpxtpx:TrackPointExtension></gpxtpx:TrackPointExtension>
        </extensions>
      </trkpt>
      <trkpt lat="34.810632" lon="113.526356">
        <time>2022-04-17T01:54:57Z</time>
        <extensions>
          <gpxtpx:TrackPointExtension></gpxtpx:TrackPointExtension>
        </extensions>
      </trkpt>
      <trkpt lat="34.810718" lon="113.526299">
        <time>2022-04-17T01:55:02Z</time>
        <extensions>
          <gpxtpx:TrackPointExtension></gpxtpx:TrackPointExtension>
        </extensions>
      </trkpt>
      <trkpt lat="34.810804" lon="113.526176">
        <time>2022-04-17T01:55:07Z</time>
        <extensions>
          <gpxtpx:TrackPointExtension></gpxtpx:TrackPointExtension>
        </extensions>
      </trkpt>
      <trkpt lat="34.810856" lon="113.526033">
        <time>2022-04-17T01:55:12Z</time>
        <extensions>
          <gpxtpx:TrackPointExtension></gpxtpx:TrackPointExtension>
        </extensions>
      </trkpt>
      <trkpt lat="34.810884" lon="113.525876">
        <time>2022-04-17T01:55:17Z</time>
        <extensions>
          <gpxtpx:TrackPointExtension></gpxtpx:TrackPointExtension>
        </extensions>
      </trkpt>
      <trkpt lat="34.810872" lon="113.525753">
        <time>2022-04-17T01:55:22Z</time>
        <extensions>
          <gpxtpx:TrackPointExtension></gpxtpx:TrackPointExtension>
        </extensions>
      </trkpt>
    </trkseg>
    <trkseg>
      <trkpt lat="34.810791" lon="113.525689">
        <time>2022-04-17T02:00:39Z</time>
        <extensions>
          <gpxtpx:TrackPointExtension></gpxtpx:TrackPointExtension>
        </extensions>
      </trkpt>
      <trkpt lat="34.810791" lon="113.525689">
        <time>2022-04-17T02:00:44Z</time>
        <extensions>
          <gpxtpx:TrackPointExtension></gpxtpx:TrackPointExtension>
        </extensions>
      </trkpt>
      <trkpt lat="34.810791" lon="113.525689">
        <time>2022-04-17T02:00:49Z</time>
        <extensions>
          <gpxtpx:TrackPointExtension></gpxtpx:TrackPointExtension>
        </extensions>
      </trkpt>
      <trkpt lat="34.810767" lon="113.525636">
        <time>2022-04-17T02:00:54Z</time>
        <extensions>
          <gpxtpx:TrackPointExtension></gpxtpx:TrackPointExtension>
        </extensions>
      </trkpt>
      <trkpt lat="34.810738" lon="113.52557">
        <time>2022-04-17T02:00:59Z</time>
        <extensions>
          <gpxtpx:TrackPointExtension></gpxtpx:TrackPointExtension>
        </extensions>
      </trkpt>
      <trkpt lat="34.810689" lon="113.525515">
        <time>2022-04-17T02:01:04Z</time>
        <extensions>
          <gpxtpx:TrackPointExtension></gpxtpx:TrackPointExtension>
        </extensions>
      </trkpt>
      <trkpt lat="34.810582" lon="113.525462">
        <time>2022-04-17T02:01:09Z</time>
        <extensions>
          <gpxtpx:TrackPointExtension></gpxtpx:TrackPointExtension>
        </extensions>
      </trkpt>
      <trkpt lat="34.810438" lon="113.525423">
        <time>2022-04-17T02:01:14Z</time>
        <extensions>
          <gpxtpx:TrackPointExtension></gpxtpx:TrackPointExtension>
        </extensions>
      </trkpt>
      <trkpt lat="34.810307" lon="113.525439">
        <time>2022-04-17T02:01:19Z</time>
        <extensions>
          <gpxtpx:TrackPointExtension></gpxtpx:TrackPointExtension>
        </extensions>
      </trkpt>
      <trkpt lat="34.810191" lon="113.52543">
        <time>2022-04-17T02:01:24Z</time>
        <extensions>
          <gpxtpx:TrackPointExtension></gpxtpx:TrackPointExtension>
        </extensions>
      </trkpt>
      <trkpt lat="34.810064" lon="113.525422">
        <time>2022-04-17T02:01:29Z</time>
        <extensions>
          <gpxtpx:TrackPointExtension></gpxtpx:TrackPointExtension>
        </extensions>
      </trkpt>
      <trkpt lat="34.809932" lon="113.525423">
        <time>2022-04-17T02:01:34Z</time>
        <extensions>
          <gpxtpx:TrackPointExtension></gpxtpx:TrackPointExtension>
        </extensions>
      </trkpt>
      <trkpt lat="34.8098" lon="113.525444">
        <time>2022-04-17T02:01:39Z</time>
        <extensions>
          <gpxtpx:TrackPointExtension></gpxtpx:TrackPointExtension>
        </extensions>
      </trkpt>
      <trkpt lat="34.809653" lon="113.525457">
        <time>2022-04-17T02:01:44Z</time>
        <extensions>
          <gpxtpx:TrackPointExtension></gpxtpx:TrackPointExtension>
        </extensions>
      </trkpt>
      <trkpt lat="34.809534" lon="113.525513">
        <time>2022-04-17T02:01:49Z</time>
        <extensions>
          <gpxtpx:TrackPointExtension></gpxtpx:TrackPointExtension>
        </extensions>
      </trkpt>
      <trkpt lat="34.809448" lon="113.525613">
        <time>2022-04-17T02:01:54Z</time>
        <extensions>
          <gpxtpx:TrackPointExtension></gpxtpx:TrackPointExtension>
        </extensions>
      </trkpt>
      <trkpt lat="34.8094" lon="113.525718">
        <time>2022-04-17T02:01:59Z</time>
        <extensions>
          <gpxtpx:TrackPointExtension></gpxtpx:TrackPointExtension>
        </extensions>
      </trkpt>
      <trkpt lat="34.809375" lon="113.525861">
        <time>2022-04-17T02:02:04Z</time>
        <extensions>
          <gpxtpx:TrackPointExtension></gpxtpx:TrackPointExtension>
        </extensions>
      </trkpt>
      <trkpt lat="34.809381" lon="113.526013">
        <time>2022-04-17T02:02:09Z</time>
        <extensions>
          <gpxtpx:TrackPointExtension></gpxtpx:TrackPointExtension>
        </extensions>
      </trkpt>
      <trkpt lat="34.809425" lon="113.52616">
        <time>2022-04-17T02:02:14Z</time>
        <extensions>
          <gpxtpx:TrackPointExtension></gpxtpx:TrackPointExtension>
        </extensions>
      </trkpt>
      <trkpt lat="34.809483" lon="113.526271">
        <time>2022-04-17T02:02:19Z</time>
        <extensions>
          <gpxtpx:TrackPointExtension></gpxtpx:TrackPointExtension>
        </extensions>
      </trkpt>
      <trkpt lat="34.809579" lon="113.526363">
        <time>2022-04-17T02:02:24Z</time>
        <extensions>
          <gpxtpx:TrackPointExtension></gpxtpx:TrackPointExtension>
        </extensions>
      </trkpt>
      <trkpt lat="34.809702" lon="113.526415">
        <time>2022-04-17T02:02:29Z</time>
        <extensions>
          <gpxtpx:TrackPointExtension></gpxtpx:TrackPointExtension>
        </extensions>
      </trkpt>
      <trkpt lat="34.809819" lon="113.526409">
        <time>2022-04-17T02:02:34Z</time>
        <extensions>
          <gpxtpx:TrackPointExtension></gpxtpx:TrackPointExtension>
        </extensions>
      </trkpt>
      <trkpt lat="34.809945" lon="113.526418">
        <time>2022-04-17T02:02:39Z</time>
        <extensions>
          <gpxtpx:TrackPointExtension></gpxtpx:TrackPointExtension>
        </extensions>
      </trkpt>
      <trkpt lat="34.810043" lon="113.526421">
        <time>2022-04-17T02:02:44Z</time>
        <extensions>
          <gpxtpx:TrackPointExtension></gpxtpx:TrackPointExtension>
        </extensions>
      </trkpt>
      <trkpt lat="34.810163" lon="113.526424">
        <time>2022-04-17T02:02:49Z</time>
        <extensions>
          <gpxtpx:TrackPointExtension></gpxtpx:TrackPointExtension>
        </extensions>
      </trkpt>
      <trkpt lat="34.810298" lon="113.526426">
        <time>2022-04-17T02:02:54Z</time>
        <extensions>
          <gpxtpx:TrackPointExtension></gpxtpx:TrackPointExtension>
        </extensions>
      </trkpt>
      <trkpt lat="34.810414" lon="113.52643">
        <time>2022-04-17T02:02:59Z</time>
        <extensions>
          <gpxtpx:TrackPointExtension></gpxtpx:TrackPointExtension>
        </extensions>
      </trkpt>
      <trkpt lat="34.810516" lon="113.526437">
        <time>2022-04-17T02:03:04Z</time>
        <extensions>
          <gpxtpx:TrackPointExtension></gpxtpx:TrackPointExtension>
        </extensions>
      </trkpt>
      <trkpt lat="34.810609" lon="113.526411">
        <time>2022-04-17T02:03:09Z</time>
        <extensions>
          <gpxtpx:TrackPointExtension></gpxtpx:TrackPointExtension>
        </extensions>
      </trkpt>
      <trkpt lat="34.810714" lon="113.526333">
        <time>2022-04-17T02:03:14Z</time>
        <extensions>
          <gpxtpx:TrackPointExtension></gpxtpx:TrackPointExtension>
        </extensions>
      </trkpt>
      <trkpt lat="34.810804" lon="113.526233">
        <time>2022-04-17T02:03:19Z</time>
        <extensions>
          <gpxtpx:TrackPointExtension></gpxtpx:TrackPointExtension>
        </extensions>
      </trkpt>
      <trkpt lat="34.810859" lon="113.526103">
        <time>2022-04-17T02:03:24Z</time>
        <extensions>
          <gpxtpx:TrackPointExtension></gpxtpx:TrackPointExtension>
        </extensions>
      </trkpt>
      <trkpt lat="34.8109" lon="113.525986">
        <time>2022-04-17T02:03:29Z</time>
        <extensions>
          <gpxtpx:TrackPointExtension></gpxtpx:TrackPointExtension>
        </extensions>
      </trkpt>
      <trkpt lat="34.810886" lon="113.525801">
        <time>2022-04-17T02:03:34Z</time>
        <extensions>
          <gpxtpx:TrackPointExtension></gpxtpx:TrackPointExtension>
        </extensions>
      </trkpt>
      <trkpt lat="34.810829" lon="113.525671">
        <time>2022-04-17T02:03:39Z</time>
        <extensions>
          <gpxtpx:TrackPointExtension></gpxtpx:TrackPointExtension>
        </extensions>
      </trkpt>
      <trkpt lat="34.810741" lon="113.525576">
        <time>2022-04-17T02:03:44Z</time>
        <extensions>
          <gpxtpx:TrackPointExtension></gpxtpx:TrackPointExtension>
        </extensions>
      </trkpt>
      <trkpt lat="34.810622" lon="113.52548">
        <time>2022-04-17T02:03:49Z</time>
        <extensions>
          <gpxtpx:TrackPointExtension></gpxtpx:TrackPointExtension>
        </extensions>
      </trkpt>
      <trkpt lat="34.810498" lon="113.525458">
        <time>2022-04-17T02:03:54Z</time>
        <extensions>
          <gpxtpx:TrackPointExtension></gpxtpx:TrackPointExtension>
        </extensions>
      </trkpt>
      <trkpt lat="34.810373" lon="113.525464">
        <time>2022-04-17T02:03:59Z</time>
        <extensions>
          <gpxtpx:TrackPointExtension></gpxtpx:TrackPointExtension>
        </extensions>
      </trkpt>
      <trkpt lat="34.810266" lon="113.525453">
        <time>2022-04-17T02:04:04Z</time>
        <extensions>
          <gpxtpx:TrackPointExtension></gpxtpx:TrackPointExtension>
        </extensions>
      </trkpt>
      <trkpt lat="34.810152" lon="113.525438">
        <time>2022-04-17T02:04:09Z</time>
        <extensions>
          <gpxtpx:TrackPointExtension></gpxtpx:TrackPointExtension>
        </extensions>
      </trkpt>
      <trkpt lat="34.810024" lon="113.525444">
        <time>2022-04-17T02:04:14Z</time>
        <extensions>
          <gpxtpx:TrackPointExtension></gpxtpx:TrackPointExtension>
        </extensions>
      </trkpt>
      <trkpt lat="34.80991" lon="113.525441">
        <time>2022-04-17T02:04:19Z</time>
        <extensions>
          <gpxtpx:TrackPointExtension></gpxtpx:TrackPointExtension>
        </extensions>
      </trkpt>
      <trkpt lat="34.809785" lon="113.525432">
        <time>2022-04-17T02:04:24Z</time>
        <extensions>
          <gpxtpx:TrackPointExtension></gpxtpx:TrackPointExtension>
        </extensions>
      </trkpt>
      <trkpt lat="34.809661" lon="113.525441">
        <time>2022-04-17T02:04:29Z</time>
        <extensions>
          <gpxtpx:TrackPointExtension></gpxtpx:TrackPointExtension>
        </extensions>
      </trkpt>
      <trkpt lat="34.809551" lon="113.525478">
        <time>2022-04-17T02:04:34Z</time>
        <extensions>
          <gpxtpx:TrackPointExtension></gpxtpx:TrackPointExtension>
        </extensions>
      </trkpt>
      <trkpt lat="34.80946" lon="113.525566">
        <time>2022-04-17T02:04:39Z</time>
        <extensions>
          <gpxtpx:TrackPointExtension></gpxtpx:TrackPointExtension>
        </extensions>
      </trkpt>
      <trkpt lat="34.809392" lon="113.525694">
        <time>2022-04-17T02:04:44Z</time>
        <extensions>
          <gpxtpx:TrackPointExtension></gpxtpx:TrackPointExtension>
        </extensions>
      </trkpt>
      <trkpt lat="34.809365" lon="113.525843">
        <time>2022-04-17T02:04:49Z</time>
        <extensions>
          <gpxtpx:TrackPointExtension></gpxtpx:TrackPointExtension>
        </extensions>
      </trkpt>
      <trkpt lat="34.809356" lon="113.525991">
        <time>2022-04-17T02:04:54Z</time>
        <extensions>
          <gpxtpx:TrackPointExtension></gpxtpx:TrackPointExtension>
        </extensions>
      </trkpt>
      <trkpt lat="34.809389" lon="113.526128">
        <time>2022-04-17T02:04:59Z</time>
        <extensions>
          <gpxtpx:TrackPointExtension></gpxtpx:TrackPointExtension>
        </extensions>
      </trkpt>
      <trkpt lat="34.809457" lon="113.526243">
        <time>2022-04-17T02:05:04Z</time>
        <extensions>
          <gpxtpx:TrackPointExtension></gpxtpx:TrackPointExtension>
        </extensions>
      </trkpt>
      <trkpt lat="34.809568" lon="113.52634">
        <time>2022-04-17T02:05:09Z</time>
        <extensions>
          <gpxtpx:TrackPointExtension></gpxtpx:TrackPointExtension>
        </extensions>
      </trkpt>
      <trkpt lat="34.809671" lon="113.526392">
        <time>2022-04-17T02:05:14Z</time>
        <extensions>
          <gpxtpx:TrackPointExtension></gpxtpx:TrackPointExtension>
        </extensions>
      </trkpt>
      <trkpt lat="34.809783" lon="113.526428">
        <time>2022-04-17T02:05:19Z</time>
        <extensions>
          <gpxtpx:TrackPointExtension></gpxtpx:TrackPointExtension>
        </extensions>
      </trkpt>
      <trkpt lat="34.809889" lon="113.526432">
        <time>2022-04-17T02:05:24Z</time>
        <extensions>
          <gpxtpx:TrackPointExtension></gpxtpx:TrackPointExtension>
        </extensions>
      </trkpt>
      <trkpt lat="34.809988" lon="113.526431">
        <time>2022-04-17T02:05:29Z</time>
        <extensions>
          <gpxtpx:TrackPointExtension></gpxtpx:TrackPointExtension>
        </extensions>
      </trkpt>
      <trkpt lat="34.81009" lon="113.526444">
        <time>2022-04-17T02:05:34Z</time>
        <extensions>
          <gpxtpx:TrackPointExtension></gpxtpx:TrackPointExtension>
        </extensions>
      </trkpt>
      <trkpt lat="34.810212" lon="113.526448">
        <time>2022-04-17T02:05:39Z</time>
        <extensions>
          <gpxtpx:TrackPointExtension></gpxtpx:TrackPointExtension>
        </extensions>
      </trkpt>
      <trkpt lat="34.810344" lon="113.526451">
        <time>2022-04-17T02:05:44Z</time>
        <extensions>
          <gpxtpx:TrackPointExtension></gpxtpx:TrackPointExtension>
        </extensions>
      </trkpt>
      <trkpt lat="34.81046" lon="113.526454">
        <time>2022-04-17T02:05:49Z</time>
        <extensions>
          <gpxtpx:TrackPointExtension></gpxtpx:TrackPointExtension>
        </extensions>
      </trkpt>
      <trkpt lat="34.810579" lon="113.526433">
        <time>2022-04-17T02:05:54Z</time>
        <extensions>
          <gpxtpx:TrackPointExtension></gpxtpx:TrackPointExtension>
        </extensions>
      </trkpt>
      <trkpt lat="34.810696" lon="113.52639">
        <time>2022-04-17T02:05:59Z</time>
        <extensions>
          <gpxtpx:TrackPointExtension></gpxtpx:TrackPointExtension>
        </extensions>
      </trkpt>
      <trkpt lat="34.810787" lon="113.526301">
        <time>2022-04-17T02:06:04Z</time>
        <extensions>
          <gpxtpx:TrackPointExtension></gpxtpx:TrackPointExtension>
        </extensions>
      </trkpt>
      <trkpt lat="34.810852" lon="113.526208">
        <time>2022-04-17T02:06:09Z</time>
        <extensions>
          <gpxtpx:TrackPointExtension></gpxtpx:TrackPointExtension>
        </extensions>
      </trkpt>
      <trkpt lat="34.810884" lon="113.526079">
        <time>2022-04-17T02:06:14Z</time>
        <extensions>
          <gpxtpx:TrackPointExtension></gpxtpx:TrackPointExtension>
        </extensions>
      </trkpt>
      <trkpt lat="34.810888" lon="113.525923">
        <time>2022-04-17T02:06:19Z</time>
        <extensions>
          <gpxtpx:TrackPointExtension></gpxtpx:TrackPointExtension>
        </extensions>
      </trkpt>
      <trkpt lat="34.810879" lon="113.525767">
        <time>2022-04-17T02:06:24Z</time>
        <extensions>
          <gpxtpx:TrackPointExtension></gpxtpx:TrackPointExtension>
        </extensions>
      </trkpt>
      <trkpt lat="34.810797" lon="113.525631">
        <time>2022-04-17T02:06:29Z</time>
        <extensions>
          <gpxtpx:TrackPointExtension></gpxtpx:TrackPointExtension>
        </extensions>
      </trkpt>
      <trkpt lat="34.810671" lon="113.525516">
        <time>2022-04-17T02:06:34Z</time>
        <extensions>
          <gpxtpx:TrackPointExtension></gpxtpx:TrackPointExtension>
        </extensions>
      </trkpt>
      <trkpt lat="34.810559" lon="113.525468">
        <time>2022-04-17T02:06:39Z</time>
        <extensions>
          <gpxtpx:TrackPointExtension></gpxtpx:TrackPointExtension>
        </extensions>
      </trkpt>
      <trkpt lat="34.810456" lon="113.525464">
        <time>2022-04-17T02:06:44Z</time>
        <extensions>
          <gpxtpx:TrackPointExtension></gpxtpx:TrackPointExtension>
        </extensions>
      </trkpt>
      <trkpt lat="34.810329" lon="113.525461">
        <time>2022-04-17T02:06:49Z</time>
        <extensions>
          <gpxtpx:TrackPointExtension></gpxtpx:TrackPointExtension>
        </extensions>
      </trkpt>
      <trkpt lat="34.810218" lon="113.525449">
        <time>2022-04-17T02:06:54Z</time>
        <extensions>
          <gpxtpx:TrackPointExtension></gpxtpx:TrackPointExtension>
        </extensions>
      </trkpt>
      <trkpt lat="34.810097" lon="113.525436">
        <time>2022-04-17T02:06:59Z</time>
        <extensions>
          <gpxtpx:TrackPointExtension></gpxtpx:TrackPointExtension>
        </extensions>
      </trkpt>
      <trkpt lat="34.809977" lon="113.525453">
        <time>2022-04-17T02:07:04Z</time>
        <extensions>
          <gpxtpx:TrackPointExtension></gpxtpx:TrackPointExtension>
        </extensions>
      </trkpt>
      <trkpt lat="34.809866" lon="113.525439">
        <time>2022-04-17T02:07:09Z</time>
        <extensions>
          <gpxtpx:TrackPointExtension></gpxtpx:TrackPointExtension>
        </extensions>
      </trkpt>
      <trkpt lat="34.809746" lon="113.525436">
        <time>2022-04-17T02:07:14Z</time>
        <extensions>
          <gpxtpx:TrackPointExtension></gpxtpx:TrackPointExtension>
        </extensions>
      </trkpt>
      <trkpt lat="34.809617" lon="113.52546">
        <time>2022-04-17T02:07:19Z</time>
        <extensions>
          <gpxtpx:TrackPointExtension></gpxtpx:TrackPointExtension>
        </extensions>
      </trkpt>
      <trkpt lat="34.809498" lon="113.525549">
        <time>2022-04-17T02:07:24Z</time>
        <extensions>
          <gpxtpx:TrackPointExtension></gpxtpx:TrackPointExtension>
        </extensions>
      </trkpt>
      <trkpt lat="34.809415" lon="113.525675">
        <time>2022-04-17T02:07:29Z</time>
        <extensions>
          <gpxtpx:TrackPointExtension></gpxtpx:TrackPointExtension>
        </extensions>
      </trkpt>
      <trkpt lat="34.809365" lon="113.525811">
        <time>2022-04-17T02:07:34Z</time>
        <extensions>
          <gpxtpx:TrackPointExtension></gpxtpx:TrackPointExtension>
        </extensions>
      </trkpt>
      <trkpt lat="34.80936" lon="113.52596">
        <time>2022-04-17T02:07:39Z</time>
        <extensions>
          <gpxtpx:TrackPointExtension></gpxtpx:TrackPointExtension>
        </extensions>
      </trkpt>
      <trkpt lat="34.809387" lon="113.526108">
        <time>2022-04-17T02:07:44Z</time>
        <extensions>
          <gpxtpx:TrackPointExtension></gpxtpx:TrackPointExtension>
        </extensions>
      </trkpt>
      <trkpt lat="34.809433" lon="113.52623">
        <time>2022-04-17T02:07:49Z</time>
        <extensions>
          <gpxtpx:TrackPointExtension></gpxtpx:TrackPointExtension>
        </extensions>
      </trkpt>
      <trkpt lat="34.809532" lon="113.526332">
        <time>2022-04-17T02:07:54Z</time>
        <extensions>
          <gpxtpx:TrackPointExtension></gpxtpx:TrackPointExtension>
        </extensions>
      </trkpt>
      <trkpt lat="34.80965" lon="113.526393">
        <time>2022-04-17T02:07:59Z</time>
        <extensions>
          <gpxtpx:TrackPointExtension></gpxtpx:TrackPointExtension>
        </extensions>
      </trkpt>
      <trkpt lat="34.80976" lon="113.526411">
        <time>2022-04-17T02:08:04Z</time>
        <extensions>
          <gpxtpx:TrackPointExtension></gpxtpx:TrackPointExtension>
        </extensions>
      </trkpt>
      <trkpt lat="34.809877" lon="113.526425">
        <time>2022-04-17T02:08:09Z</time>
        <extensions>
          <gpxtpx:TrackPointExtension></gpxtpx:TrackPointExtension>
        </extensions>
      </trkpt>
      <trkpt lat="34.809998" lon="113.526422">
        <time>2022-04-17T02:08:14Z</time>
        <extensions>
          <gpxtpx:TrackPointExtension></gpxtpx:TrackPointExtension>
        </extensions>
      </trkpt>
      <trkpt lat="34.810116" lon="113.526425">
        <time>2022-04-17T02:08:19Z</time>
        <extensions>
          <gpxtpx:TrackPointExtension></gpxtpx:TrackPointExtension>
        </extensions>
      </trkpt>
      <trkpt lat="34.810219" lon="113.526432">
        <time>2022-04-17T02:08:24Z</time>
        <extensions>
          <gpxtpx:TrackPointExtension></gpxtpx:TrackPointExtension>
        </extensions>
      </trkpt>
      <trkpt lat="34.810331" lon="113.526434">
        <time>2022-04-17T02:08:29Z</time>
        <extensions>
          <gpxtpx:TrackPointExtension></gpxtpx:TrackPointExtension>
        </extensions>
      </trkpt>
      <trkpt lat="34.810467" lon="113.526428">
        <time>2022-04-17T02:08:34Z</time>
        <extensions>
          <gpxtpx:TrackPointExtension></gpxtpx:TrackPointExtension>
        </extensions>
      </trkpt>
      <trkpt lat="34.810602" lon="113.526394">
        <time>2022-04-17T02:08:39Z</time>
        <extensions>
          <gpxtpx:TrackPointExtension></gpxtpx:TrackPointExtension>
        </extensions>
      </trkpt>
      <trkpt lat="34.810713" lon="113.526318">
        <time>2022-04-17T02:08:44Z</time>
        <extensions>
          <gpxtpx:TrackPointExtension></gpxtpx:TrackPointExtension>
        </extensions>
      </trkpt>
      <trkpt lat="34.810798" lon="113.526209">
        <time>2022-04-17T02:08:49Z</time>
        <extensions>
          <gpxtpx:TrackPointExtension></gpxtpx:TrackPointExtension>
        </extensions>
      </trkpt>
      <trkpt lat="34.810849" lon="113.526075">
        <time>2022-04-17T02:08:54Z</time>
        <extensions>
          <gpxtpx:TrackPointExtension></gpxtpx:TrackPointExtension>
        </extensions>
      </trkpt>
      <trkpt lat="34.810865" lon="113.52593">
        <time>2022-04-17T02:08:59Z</time>
        <extensions>
          <gpxtpx:TrackPointExtension></gpxtpx:TrackPointExtension>
        </extensions>
      </trkpt>
      <trkpt lat="34.810833" lon="113.525787">
        <time>2022-04-17T02:09:04Z</time>
        <extensions>
          <gpxtpx:TrackPointExtension></gpxtpx:TrackPointExtension>
        </extensions>
      </trkpt>
      <trkpt lat="34.810784" lon="113.525662">
        <time>2022-04-17T02:09:09Z</time>
        <extensions>
          <gpxtpx:TrackPointExtension></gpxtpx:TrackPointExtension>
        </extensions>
      </trkpt>
      <trkpt lat="34.810695" lon="113.525536">
        <time>2022-04-17T02:09:14Z</time>
        <extensions>
          <gpxtpx:TrackPointExtension></gpxtpx:TrackPointExtension>
        </extensions>
      </trkpt>
      <trkpt lat="34.810599" lon="113.525493">
        <time>2022-04-17T02:09:19Z</time>
        <extensions>
          <gpxtpx:TrackPointExtension></gpxtpx:TrackPointExtension>
        </extensions>
      </trkpt>
      <trkpt lat="34.810469" lon="113.525478">
        <time>2022-04-17T02:09:24Z</time>
        <extensions>
          <gpxtpx:TrackPointExtension></gpxtpx:TrackPointExtension>
        </extensions>
      </trkpt>
      <trkpt lat="34.810364" lon="113.525478">
        <time>2022-04-17T02:09:29Z</time>
        <extensions>
          <gpxtpx:TrackPointExtension></gpxtpx:TrackPointExtension>
        </extensions>
      </trkpt>
      <trkpt lat="34.81025" lon="113.52546">
        <time>2022-04-17T02:09:34Z</time>
        <extensions>
          <gpxtpx:TrackPointExtension></gpxtpx:TrackPointExtension>
        </extensions>
      </trkpt>
      <trkpt lat="34.810161" lon="113.525464">
        <time>2022-04-17T02:09:39Z</time>
        <extensions>
          <gpxtpx:TrackPointExtension></gpxtpx:TrackPointExtension>
        </extensions>
      </trkpt>
      <trkpt lat="34.810044" lon="113.525466">
        <time>2022-04-17T02:09:44Z</time>
        <extensions>
          <gpxtpx:TrackPointExtension></gpxtpx:TrackPointExtension>
        </extensions>
      </trkpt>
      <trkpt lat="34.809923" lon="113.525449">
        <time>2022-04-17T02:09:49Z</time>
        <extensions>
          <gpxtpx:TrackPointExtension></gpxtpx:TrackPointExtension>
        </extensions>
      </trkpt>
      <trkpt lat="34.8098" lon="113.525441">
        <time>2022-04-17T02:09:54Z</time>
        <extensions>
          <gpxtpx:TrackPointExtension></gpxtpx:TrackPointExtension>
        </extensions>
      </trkpt>
      <trkpt lat="34.809673" lon="113.525449">
        <time>2022-04-17T02:09:59Z</time>
        <extensions>
          <gpxtpx:TrackPointExtension></gpxtpx:TrackPointExtension>
        </extensions>
      </trkpt>
      <trkpt lat="34.809555" lon="113.525502">
        <time>2022-04-17T02:10:04Z</time>
        <extensions>
          <gpxtpx:TrackPointExtension></gpxtpx:TrackPointExtension>
        </extensions>
      </trkpt>
      <trkpt lat="34.809452" lon="113.525613">
        <time>2022-04-17T02:10:09Z</time>
        <extensions>
          <gpxtpx:TrackPointExtension></gpxtpx:TrackPointExtension>
        </extensions>
      </trkpt>
      <trkpt lat="34.809378" lon="113.525754">
        <time>2022-04-17T02:10:14Z</time>
        <extensions>
          <gpxtpx:TrackPointExtension></gpxtpx:TrackPointExtension>
        </extensions>
      </trkpt>
      <trkpt lat="34.809347" lon="113.525906">
        <time>2022-04-17T02:10:19Z</time>
        <extensions>
          <gpxtpx:TrackPointExtension></gpxtpx:TrackPointExtension>
        </extensions>
      </trkpt>
      <trkpt lat="34.809377" lon="113.526066">
        <time>2022-04-17T02:10:24Z</time>
        <extensions>
          <gpxtpx:TrackPointExtension></gpxtpx:TrackPointExtension>
        </extensions>
      </trkpt>
      <trkpt lat="34.809445" lon="113.526191">
        <time>2022-04-17T02:10:29Z</time>
        <extensions>
          <gpxtpx:TrackPointExtension></gpxtpx:TrackPointExtension>
        </extensions>
      </trkpt>
      <trkpt lat="34.809556" lon="113.526303">
        <time>2022-04-17T02:10:34Z</time>
        <extensions>
          <gpxtpx:TrackPointExtension></gpxtpx:TrackPointExtension>
        </extensions>
      </trkpt>
      <trkpt lat="34.80967" lon="113.526364">
        <time>2022-04-17T02:10:39Z</time>
        <extensions>
          <gpxtpx:TrackPointExtension></gpxtpx:TrackPointExtension>
        </extensions>
      </trkpt>
      <trkpt lat="34.809788" lon="113.526385">
        <time>2022-04-17T02:10:44Z</time>
        <extensions>
          <gpxtpx:TrackPointExtension></gpxtpx:TrackPointExtension>
        </extensions>
      </trkpt>
      <trkpt lat="34.809931" lon="113.526397">
        <time>2022-04-17T02:10:49Z</time>
        <extensions>
          <gpxtpx:TrackPointExtension></gpxtpx:TrackPointExtension>
        </extensions>
      </trkpt>
      <trkpt lat="34.810069" lon="113.526406">
        <time>2022-04-17T02:10:54Z</time>
        <extensions>
          <gpxtpx:TrackPointExtension></gpxtpx:TrackPointExtension>
        </extensions>
      </trkpt>
      <trkpt lat="34.810203" lon="113.526416">
        <time>2022-04-17T02:10:59Z</time>
        <extensions>
          <gpxtpx:TrackPointExtension></gpxtpx:TrackPointExtension>
        </extensions>
      </trkpt>
      <trkpt lat="34.810348" lon="113.526418">
        <time>2022-04-17T02:11:04Z</time>
        <extensions>
          <gpxtpx:TrackPointExtension></gpxtpx:TrackPointExtension>
        </extensions>
      </trkpt>
      <trkpt lat="34.810484" lon="113.52643">
        <time>2022-04-17T02:11:09Z</time>
        <extensions>
          <gpxtpx:TrackPointExtension></gpxtpx:TrackPointExtension>
        </extensions>
      </trkpt>
      <trkpt lat="34.810624" lon="113.526386">
        <time>2022-04-17T02:11:14Z</time>
        <extensions>
          <gpxtpx:TrackPointExtension></gpxtpx:TrackPointExtension>
        </extensions>
      </trkpt>
      <trkpt lat="34.810731" lon="113.526316">
        <time>2022-04-17T02:11:19Z</time>
        <extensions>
          <gpxtpx:TrackPointExtension></gpxtpx:TrackPointExtension>
        </extensions>
      </trkpt>
      <trkpt lat="34.81081" lon="113.526175">
        <time>2022-04-17T02:11:24Z</time>
        <extensions>
          <gpxtpx:TrackPointExtension></gpxtpx:TrackPointExtension>
        </extensions>
      </trkpt>
      <trkpt lat="34.810852" lon="113.526014">
        <time>2022-04-17T02:11:29Z</time>
        <extensions>
          <gpxtpx:TrackPointExtension></gpxtpx:TrackPointExtension>
        </extensions>
      </trkpt>
      <trkpt lat="34.810864" lon="113.525848">
        <time>2022-04-17T02:11:34Z</time>
        <extensions>
          <gpxtpx:TrackPointExtension></gpxtpx:TrackPointExtension>
        </extensions>
      </trkpt>
      <trkpt lat="34.81082" lon="113.525716">
        <time>2022-04-17T02:11:39Z</time>
        <extensions>
          <gpxtpx:TrackPointExtension></gpxtpx:TrackPointExtension>
        </extensions>
      </trkpt>
      <trkpt lat="34.81073" lon="113.525583">
        <time>2022-04-17T02:11:44Z</time>
        <extensions>
          <gpxtpx:TrackPointExtension></gpxtpx:TrackPointExtension>
        </extensions>
      </trkpt>
      <trkpt lat="34.810632" lon="113.52551">
        <time>2022-04-17T02:11:49Z</time>
        <extensions>
          <gpxtpx:TrackPointExtension></gpxtpx:TrackPointExtension>
        </extensions>
      </trkpt>
      <trkpt lat="34.810507" lon="113.525479">
        <time>2022-04-17T02:11:54Z</time>
        <extensions>
          <gpxtpx:TrackPointExtension></gpxtpx:TrackPointExtension>
        </extensions>
      </trkpt>
      <trkpt lat="34.810416" lon="113.525477">
        <time>2022-04-17T02:11:59Z</time>
        <extensions>
          <gpxtpx:TrackPointExtension></gpxtpx:TrackPointExtension>
        </extensions>
      </trkpt>
      <trkpt lat="34.810311" lon="113.525476">
        <time>2022-04-17T02:12:04Z</time>
        <extensions>
          <gpxtpx:TrackPointExtension></gpxtpx:TrackPointExtension>
        </extensions>
      </trkpt>
      <trkpt lat="34.810226" lon="113.525467">
        <time>2022-04-17T02:12:09Z</time>
        <extensions>
          <gpxtpx:TrackPointExtension></gpxtpx:TrackPointExtension>
        </extensions>
      </trkpt>
      <trkpt lat="34.810122" lon="113.525453">
        <time>2022-04-17T02:12:14Z</time>
        <extensions>
          <gpxtpx:TrackPointExtension></gpxtpx:TrackPointExtension>
        </extensions>
      </trkpt>
      <trkpt lat="34.81001" lon="113.525452">
        <time>2022-04-17T02:12:19Z</time>
        <extensions>
          <gpxtpx:TrackPointExtension></gpxtpx:TrackPointExtension>
        </extensions>
      </trkpt>
      <trkpt lat="34.809906" lon="113.525449">
        <time>2022-04-17T02:12:24Z</time>
        <extensions>
          <gpxtpx:TrackPointExtension></gpxtpx:TrackPointExtension>
        </extensions>
      </trkpt>
      <trkpt lat="34.809806" lon="113.525457">
        <time>2022-04-17T02:12:29Z</time>
        <extensions>
          <gpxtpx:TrackPointExtension></gpxtpx:TrackPointExtension>
        </extensions>
      </trkpt>
      <trkpt lat="34.8097" lon="113.525458">
        <time>2022-04-17T02:12:34Z</time>
        <extensions>
          <gpxtpx:TrackPointExtension></gpxtpx:TrackPointExtension>
        </extensions>
      </trkpt>
      <trkpt lat="34.809587" lon="113.525507">
        <time>2022-04-17T02:12:39Z</time>
        <extensions>
          <gpxtpx:TrackPointExtension></gpxtpx:TrackPointExtension>
        </extensions>
      </trkpt>
      <trkpt lat="34.809497" lon="113.525585">
        <time>2022-04-17T02:12:44Z</time>
        <extensions>
          <gpxtpx:TrackPointExtension></gpxtpx:TrackPointExtension>
        </extensions>
      </trkpt>
      <trkpt lat="34.809426" lon="113.525692">
        <time>2022-04-17T02:12:49Z</time>
        <extensions>
          <gpxtpx:TrackPointExtension></gpxtpx:TrackPointExtension>
        </extensions>
      </trkpt>
      <trkpt lat="34.809394" lon="113.525831">
        <time>2022-04-17T02:12:54Z</time>
        <extensions>
          <gpxtpx:TrackPointExtension></gpxtpx:TrackPointExtension>
        </extensions>
      </trkpt>
      <trkpt lat="34.809389" lon="113.525964">
        <time>2022-04-17T02:12:59Z</time>
        <extensions>
          <gpxtpx:TrackPointExtension></gpxtpx:TrackPointExtension>
        </extensions>
      </trkpt>
      <trkpt lat="34.809409" lon="113.526076">
        <time>2022-04-17T02:13:04Z</time>
        <extensions>
          <gpxtpx:TrackPointExtension></gpxtpx:TrackPointExtension>
        </extensions>
      </trkpt>
      <trkpt lat="34.809461" lon="113.526172">
        <time>2022-04-17T02:13:09Z</time>
        <extensions>
          <gpxtpx:TrackPointExtension></gpxtpx:TrackPointExtension>
        </extensions>
      </trkpt>
      <trkpt lat="34.809523" lon="113.526273">
        <time>2022-04-17T02:13:14Z</time>
        <extensions>
          <gpxtpx:TrackPointExtension></gpxtpx:TrackPointExtension>
        </extensions>
      </trkpt>
      <trkpt lat="34.809622" lon="113.526354">
        <time>2022-04-17T02:13:19Z</time>
        <extensions>
          <gpxtpx:TrackPointExtension></gpxtpx:TrackPointExtension>
        </extensions>
      </trkpt>
      <trkpt lat="34.809728" lon="113.526393">
        <time>2022-04-17T02:13:24Z</time>
        <extensions>
          <gpxtpx:TrackPointExtension></gpxtpx:TrackPointExtension>
        </extensions>
      </trkpt>
      <trkpt lat="34.809826" lon="113.526389">
        <time>2022-04-17T02:13:29Z</time>
        <extensions>
          <gpxtpx:TrackPointExtension></gpxtpx:TrackPointExtension>
        </extensions>
      </trkpt>
      <trkpt lat="34.809915" lon="113.526389">
        <time>2022-04-17T02:13:34Z</time>
        <extensions>
          <gpxtpx:TrackPointExtension></gpxtpx:TrackPointExtension>
        </extensions>
      </trkpt>
      <trkpt lat="34.810017" lon="113.526385">
        <time>2022-04-17T02:13:39Z</time>
        <extensions>
          <gpxtpx:TrackPointExtension></gpxtpx:TrackPointExtension>
        </extensions>
      </trkpt>
      <trkpt lat="34.810117" lon="113.526391">
        <time>2022-04-17T02:13:44Z</time>
        <extensions>
          <gpxtpx:TrackPointExtension></gpxtpx:TrackPointExtension>
        </extensions>
      </trkpt>
      <trkpt lat="34.810211" lon="113.526397">
        <time>2022-04-17T02:13:49Z</time>
        <extensions>
          <gpxtpx:TrackPointExtension></gpxtpx:TrackPointExtension>
        </extensions>
      </trkpt>
      <trkpt lat="34.810318" lon="113.526401">
        <time>2022-04-17T02:13:54Z</time>
        <extensions>
          <gpxtpx:TrackPointExtension></gpxtpx:TrackPointExtension>
        </extensions>
      </trkpt>
      <trkpt lat="34.810421" lon="113.526404">
        <time>2022-04-17T02:13:59Z</time>
        <extensions>
          <gpxtpx:TrackPointExtension></gpxtpx:TrackPointExtension>
        </extensions>
      </trkpt>
      <trkpt lat="34.810525" lon="113.526405">
        <time>2022-04-17T02:14:04Z</time>
        <extensions>
          <gpxtpx:TrackPointExtension></gpxtpx:TrackPointExtension>
        </extensions>
      </trkpt>
      <trkpt lat="34.810617" lon="113.526369">
        <time>2022-04-17T02:14:09Z</time>
        <extensions>
          <gpxtpx:TrackPointExtension></gpxtpx:TrackPointExtension>
        </extensions>
      </trkpt>
      <trkpt lat="34.810722" lon="113.526292">
        <time>2022-04-17T02:14:14Z</time>
        <extensions>
          <gpxtpx:TrackPointExtension></gpxtpx:TrackPointExtension>
        </extensions>
      </trkpt>
      <trkpt lat="34.810806" lon="113.526185">
        <time>2022-04-17T02:14:19Z</time>
        <extensions>
          <gpxtpx:TrackPointExtension></gpxtpx:TrackPointExtension>
        </extensions>
      </trkpt>
      <trkpt lat="34.810848" lon="113.526063">
        <time>2022-04-17T02:14:24Z</time>
        <extensions>
          <gpxtpx:TrackPointExtension></gpxtpx:TrackPointExtension>
        </extensions>
      </trkpt>
      <trkpt lat="34.810864" lon="113.525945">
        <time>2022-04-17T02:14:29Z</time>
        <extensions>
          <gpxtpx:TrackPointExtension></gpxtpx:TrackPointExtension>
        </extensions>
      </trkpt>
      <trkpt lat="34.810843" lon="113.525809">
        <time>2022-04-17T02:14:34Z</time>
        <extensions>
          <gpxtpx:TrackPointExtension></gpxtpx:TrackPointExtension>
        </extensions>
      </trkpt>
      <trkpt lat="34.8108" lon="113.5257">
        <time>2022-04-17T02:14:39Z</time>
        <extensions>
          <gpxtpx:TrackPointExtension></gpxtpx:TrackPointExtension>
        </extensions>
      </trkpt>
      <trkpt lat="34.810713" lon="113.525597">
        <time>2022-04-17T02:14:44Z</time>
        <extensions>
          <gpxtpx:TrackPointExtension></gpxtpx:TrackPointExtension>
        </extensions>
      </trkpt>
      <trkpt lat="34.810632" lon="113.525538">
        <time>2022-04-17T02:14:49Z</time>
        <extensions>
          <gpxtpx:TrackPointExtension></gpxtpx:TrackPointExtension>
        </extensions>
      </trkpt>
      <trkpt lat="34.810519" lon="113.525492">
        <time>2022-04-17T02:14:54Z</time>
        <extensions>
          <gpxtpx:TrackPointExtension></gpxtpx:TrackPointExtension>
        </extensions>
      </trkpt>
      <trkpt lat="34.8104" lon="113.525488">
        <time>2022-04-17T02:14:59Z</time>
        <extensions>
          <gpxtpx:TrackPointExtension></gpxtpx:TrackPointExtension>
        </extensions>
      </trkpt>
      <trkpt lat="34.810294" lon="113.525476">
        <time>2022-04-17T02:15:04Z</time>
        <extensions>
          <gpxtpx:TrackPointExtension></gpxtpx:TrackPointExtension>
        </extensions>
      </trkpt>
      <trkpt lat="34.810177" lon="113.525471">
        <time>2022-04-17T02:15:09Z</time>
        <extensions>
          <gpxtpx:TrackPointExtension></gpxtpx:TrackPointExtension>
        </extensions>
      </trkpt>
      <trkpt lat="34.810063" lon="113.525472">
        <time>2022-04-17T02:15:14Z</time>
        <extensions>
          <gpxtpx:TrackPointExtension></gpxtpx:TrackPointExtension>
        </extensions>
      </trkpt>
      <trkpt lat="34.809965" lon="113.525465">
        <time>2022-04-17T02:15:19Z</time>
        <extensions>
          <gpxtpx:TrackPointExtension></gpxtpx:TrackPointExtension>
        </extensions>
      </trkpt>
      <trkpt lat="34.809863" lon="113.525451">
        <time>2022-04-17T02:15:24Z</time>
        <extensions>
          <gpxtpx:TrackPointExtension></gpxtpx:TrackPointExtension>
        </extensions>
      </trkpt>
      <trkpt lat="34.809742" lon="113.525449">
        <time>2022-04-17T02:15:29Z</time>
        <extensions>
          <gpxtpx:TrackPointExtension></gpxtpx:TrackPointExtension>
        </extensions>
      </trkpt>
      <trkpt lat="34.80963" lon="113.525482">
        <time>2022-04-17T02:15:34Z</time>
        <extensions>
          <gpxtpx:TrackPointExtension></gpxtpx:TrackPointExtension>
        </extensions>
      </trkpt>
      <trkpt lat="34.809529" lon="113.525539">
        <time>2022-04-17T02:15:39Z</time>
        <extensions>
          <gpxtpx:TrackPointExtension></gpxtpx:TrackPointExtension>
        </extensions>
      </trkpt>
      <trkpt lat="34.809453" lon="113.52562">
        <time>2022-04-17T02:15:44Z</time>
        <extensions>
          <gpxtpx:TrackPointExtension></gpxtpx:TrackPointExtension>
        </extensions>
      </trkpt>
      <trkpt lat="34.809397" lon="113.525728">
        <time>2022-04-17T02:15:49Z</time>
        <extensions>
          <gpxtpx:TrackPointExtension></gpxtpx:TrackPointExtension>
        </extensions>
      </trkpt>
      <trkpt lat="34.809361" lon="113.525873">
        <time>2022-04-17T02:15:54Z</time>
        <extensions>
          <gpxtpx:TrackPointExtension></gpxtpx:TrackPointExtension>
        </extensions>
      </trkpt>
      <trkpt lat="34.809373" lon="113.526034">
        <time>2022-04-17T02:15:59Z</time>
        <extensions>
          <gpxtpx:TrackPointExtension></gpxtpx:TrackPointExtension>
        </extensions>
      </trkpt>
      <trkpt lat="34.809424" lon="113.526179">
        <time>2022-04-17T02:16:04Z</time>
        <extensions>
          <gpxtpx:TrackPointExtension></gpxtpx:TrackPointExtension>
        </extensions>
      </trkpt>
      <trkpt lat="34.809497" lon="113.526269">
        <time>2022-04-17T02:16:09Z</time>
        <extensions>
          <gpxtpx:TrackPointExtension></gpxtpx:TrackPointExtension>
        </extensions>
      </trkpt>
      <trkpt lat="34.809609" lon="113.526344">
        <time>2022-04-17T02:16:14Z</time>
        <extensions>
          <gpxtpx:TrackPointExtension></gpxtpx:TrackPointExtension>
        </extensions>
      </trkpt>
      <trkpt lat="34.809707" lon="113.526376">
        <time>2022-04-17T02:16:19Z</time>
        <extensions>
          <gpxtpx:TrackPointExtension></gpxtpx:TrackPointExtension>
        </extensions>
      </trkpt>
      <trkpt lat="34.809834" lon="113.526378">
        <time>2022-04-17T02:16:24Z</time>
        <extensions>
          <gpxtpx:TrackPointExtension></gpxtpx:TrackPointExtension>
        </extensions>
      </trkpt>
      <trkpt lat="34.809949" lon="113.526399">
        <time>2022-04-17T02:16:29Z</time>
        <extensions>
          <gpxtpx:TrackPointExtension></gpxtpx:TrackPointExtension>
        </extensions>
      </trkpt>
      <trkpt lat="34.810058" lon="113.526404">
        <time>2022-04-17T02:16:34Z</time>
        <extensions>
          <gpxtpx:TrackPointExtension></gpxtpx:TrackPointExtension>
        </extensions>
      </trkpt>
      <trkpt lat="34.810182" lon="113.526403">
        <time>2022-04-17T02:16:39Z</time>
        <extensions>
          <gpxtpx:TrackPointExtension></gpxtpx:TrackPointExtension>
        </extensions>
      </trkpt>
      <trkpt lat="34.810308" lon="113.52641">
        <time>2022-04-17T02:16:44Z</time>
        <extensions>
          <gpxtpx:TrackPointExtension></gpxtpx:TrackPointExtension>
        </extensions>
      </trkpt>
      <trkpt lat="34.810392" lon="113.526416">
        <time>2022-04-17T02:16:49Z</time>
        <extensions>
          <gpxtpx:TrackPointExtension></gpxtpx:TrackPointExtension>
        </extensions>
      </trkpt>
      <trkpt lat="34.810504" lon="113.526413">
        <time>2022-04-17T02:16:54Z</time>
        <extensions>
          <gpxtpx:TrackPointExtension></gpxtpx:TrackPointExtension>
        </extensions>
      </trkpt>
      <trkpt lat="34.810603" lon="113.526387">
        <time>2022-04-17T02:16:59Z</time>
        <extensions>
          <gpxtpx:TrackPointExtension></gpxtpx:TrackPointExtension>
        </extensions>
      </trkpt>
      <trkpt lat="34.810701" lon="113.526315">
        <time>2022-04-17T02:17:04Z</time>
        <extensions>
          <gpxtpx:TrackPointExtension></gpxtpx:TrackPointExtension>
        </extensions>
      </trkpt>
      <trkpt lat="34.810772" lon="113.526232">
        <time>2022-04-17T02:17:09Z</time>
        <extensions>
          <gpxtpx:TrackPointExtension></gpxtpx:TrackPointExtension>
        </extensions>
      </trkpt>
      <trkpt lat="34.810827" lon="113.526115">
        <time>2022-04-17T02:17:14Z</time>
        <extensions>
          <gpxtpx:TrackPointExtension></gpxtpx:TrackPointExtension>
        </extensions>
      </trkpt>
      <trkpt lat="34.810839" lon="113.526007">
        <time>2022-04-17T02:17:19Z</time>
        <extensions>
          <gpxtpx:TrackPointExtension></gpxtpx:TrackPointExtension>
        </extensions>
      </trkpt>
      <trkpt lat="34.810836" lon="113.525885">
        <time>2022-04-17T02:17:24Z</time>
        <extensions>
          <gpxtpx:TrackPointExtension></gpxtpx:TrackPointExtension>
        </extensions>
      </trkpt>
      <trkpt lat="34.810815" lon="113.52577">
        <time>2022-04-17T02:17:29Z</time>
        <extensions>
          <gpxtpx:TrackPointExtension></gpxtpx:TrackPointExtension>
        </extensions>
      </trkpt>
      <trkpt lat="34.810773" lon="113.525679">
        <time>2022-04-17T02:17:34Z</time>
        <extensions>
          <gpxtpx:TrackPointExtension></gpxtpx:TrackPointExtension>
        </extensions>
      </trkpt>
      <trkpt lat="34.810703" lon="113.525574">
        <time>2022-04-17T02:17:39Z</time>
        <extensions>
          <gpxtpx:TrackPointExtension></gpxtpx:TrackPointExtension>
        </extensions>
      </trkpt>
      <trkpt lat="34.810621" lon="113.525516">
        <time>2022-04-17T02:17:44Z</time>
        <extensions>
          <gpxtpx:TrackPointExtension></gpxtpx:TrackPointExtension>
        </extensions>
      </trkpt>
      <trkpt lat="34.810531" lon="113.525495">
        <time>2022-04-17T02:17:49Z</time>
        <extensions>
          <gpxtpx:TrackPointExtension></gpxtpx:TrackPointExtension>
        </extensions>
      </trkpt>
      <trkpt lat="34.810435" lon="113.525487">
        <time>2022-04-17T02:17:54Z</time>
        <extensions>
          <gpxtpx:TrackPointExtension></gpxtpx:TrackPointExtension>
        </extensions>
      </trkpt>
      <trkpt lat="34.810342" lon="113.525489">
        <time>2022-04-17T02:17:59Z</time>
        <extensions>
          <gpxtpx:TrackPointExtension></gpxtpx:TrackPointExtension>
        </extensions>
      </trkpt>
      <trkpt lat="34.810242" lon="113.525483">
        <time>2022-04-17T02:18:04Z</time>
        <extensions>
          <gpxtpx:TrackPointExtension></gpxtpx:TrackPointExtension>
        </extensions>
      </trkpt>
      <trkpt lat="34.810134" lon="113.525484">
        <time>2022-04-17T02:18:09Z</time>
        <extensions>
          <gpxtpx:TrackPointExtension></gpxtpx:TrackPointExtension>
        </extensions>
      </trkpt>
      <trkpt lat="34.810026" lon="113.525469">
        <time>2022-04-17T02:18:14Z</time>
        <extensions>
          <gpxtpx:TrackPointExtension></gpxtpx:TrackPointExtension>
        </extensions>
      </trkpt>
      <trkpt lat="34.809923" lon="113.525464">
        <time>2022-04-17T02:18:19Z</time>
        <extensions>
          <gpxtpx:TrackPointExtension></gpxtpx:TrackPointExtension>
        </extensions>
      </trkpt>
      <trkpt lat="34.809809" lon="113.525467">
        <time>2022-04-17T02:18:24Z</time>
        <extensions>
          <gpxtpx:TrackPointExtension></gpxtpx:TrackPointExtension>
        </extensions>
      </trkpt>
      <trkpt lat="34.809716" lon="113.525448">
        <time>2022-04-17T02:18:29Z</time>
        <extensions>
          <gpxtpx:TrackPointExtension></gpxtpx:TrackPointExtension>
        </extensions>
      </trkpt>
      <trkpt lat="34.809628" lon="113.525474">
        <time>2022-04-17T02:18:34Z</time>
        <extensions>
          <gpxtpx:TrackPointExtension></gpxtpx:TrackPointExtension>
        </extensions>
      </trkpt>
      <trkpt lat="34.80954" lon="113.52554">
        <time>2022-04-17T02:18:39Z</time>
        <extensions>
          <gpxtpx:TrackPointExtension></gpxtpx:TrackPointExtension>
        </extensions>
      </trkpt>
      <trkpt lat="34.809459" lon="113.525629">
        <time>2022-04-17T02:18:44Z</time>
        <extensions>
          <gpxtpx:TrackPointExtension></gpxtpx:TrackPointExtension>
        </extensions>
      </trkpt>
      <trkpt lat="34.809402" lon="113.52575">
        <time>2022-04-17T02:18:49Z</time>
        <extensions>
          <gpxtpx:TrackPointExtension></gpxtpx:TrackPointExtension>
        </extensions>
      </trkpt>
      <trkpt lat="34.809395" lon="113.525849">
        <time>2022-04-17T02:18:54Z</time>
        <extensions>
          <gpxtpx:TrackPointExtension></gpxtpx:TrackPointExtension>
        </extensions>
      </trkpt>
      <trkpt lat="34.809389" lon="113.525967">
        <time>2022-04-17T02:18:59Z</time>
        <extensions>
          <gpxtpx:TrackPointExtension></gpxtpx:TrackPointExtension>
        </extensions>
      </trkpt>
      <trkpt lat="34.809417" lon="113.526091">
        <time>2022-04-17T02:19:04Z</time>
        <extensions>
          <gpxtpx:TrackPointExtension></gpxtpx:TrackPointExtension>
        </extensions>
      </trkpt>
      <trkpt lat="34.809467" lon="113.526184">
        <time>2022-04-17T02:19:09Z</time>
        <extensions>
          <gpxtpx:TrackPointExtension></gpxtpx:TrackPointExtension>
        </extensions>
      </trkpt>
      <trkpt lat="34.80953" lon="113.526274">
        <time>2022-04-17T02:19:14Z</time>
        <extensions>
          <gpxtpx:TrackPointExtension></gpxtpx:TrackPointExtension>
        </extensions>
      </trkpt>
      <trkpt lat="34.80962" lon="113.526331">
        <time>2022-04-17T02:19:19Z</time>
        <extensions>
          <gpxtpx:TrackPointExtension></gpxtpx:TrackPointExtension>
        </extensions>
      </trkpt>
      <trkpt lat="34.809716" lon="113.526358">
        <time>2022-04-17T02:19:24Z</time>
        <extensions>
          <gpxtpx:TrackPointExtension></gpxtpx:TrackPointExtension>
        </extensions>
      </trkpt>
      <trkpt lat="34.809805" lon="113.52636">
        <time>2022-04-17T02:19:29Z</time>
        <extensions>
          <gpxtpx:TrackPointExtension></gpxtpx:TrackPointExtension>
        </extensions>
      </trkpt>
      <trkpt lat="34.809907" lon="113.526365">
        <time>2022-04-17T02:19:34Z</time>
        <extensions>
          <gpxtpx:TrackPointExtension></gpxtpx:TrackPointExtension>
        </extensions>
      </trkpt>
      <trkpt lat="34.810021" lon="113.526367">
        <time>2022-04-17T02:19:39Z</time>
        <extensions>
          <gpxtpx:TrackPointExtension></gpxtpx:TrackPointExtension>
        </extensions>
      </trkpt>
      <trkpt lat="34.810119" lon="113.526379">
        <time>2022-04-17T02:19:44Z</time>
        <extensions>
          <gpxtpx:TrackPointExtension></gpxtpx:TrackPointExtension>
        </extensions>
      </trkpt>
      <trkpt lat="34.810226" lon="113.526391">
        <time>2022-04-17T02:19:49Z</time>
        <extensions>
          <gpxtpx:TrackPointExtension></gpxtpx:TrackPointExtension>
        </extensions>
      </trkpt>
      <trkpt lat="34.810362" lon="113.526398">
        <time>2022-04-17T02:19:54Z</time>
        <extensions>
          <gpxtpx:TrackPointExtension></gpxtpx:TrackPointExtension>
        </extensions>
      </trkpt>
      <trkpt lat="34.810467" lon="113.526398">
        <time>2022-04-17T02:19:59Z</time>
        <extensions>
          <gpxtpx:TrackPointExtension></gpxtpx:TrackPointExtension>
        </extensions>
      </trkpt>
      <trkpt lat="34.810585" lon="113.526389">
        <time>2022-04-17T02:20:04Z</time>
        <extensions>
          <gpxtpx:TrackPointExtension></gpxtpx:TrackPointExtension>
        </extensions>
      </trkpt>
      <trkpt lat="34.810704" lon="113.526319">
        <time>2022-04-17T02:20:09Z</time>
        <extensions>
          <gpxtpx:TrackPointExtension></gpxtpx:TrackPointExtension>
        </extensions>
      </trkpt>
      <trkpt lat="34.810798" lon="113.526187">
        <time>2022-04-17T02:20:14Z</time>
        <extensions>
          <gpxtpx:TrackPointExtension></gpxtpx:TrackPointExtension>
        </extensions>
      </trkpt>
      <trkpt lat="34.810836" lon="113.526075">
        <time>2022-04-17T02:20:19Z</time>
        <extensions>
          <gpxtpx:TrackPointExtension></gpxtpx:TrackPointExtension>
        </extensions>
      </trkpt>
      <trkpt lat="34.810838" lon="113.525919">
        <time>2022-04-17T02:20:24Z</time>
        <extensions>
          <gpxtpx:TrackPointExtension></gpxtpx:TrackPointExtension>
        </extensions>
      </trkpt>
      <trkpt lat="34.810809" lon="113.525774">
        <time>2022-04-17T02:20:29Z</time>
        <extensions>
          <gpxtpx:TrackPointExtension></gpxtpx:TrackPointExtension>
        </extensions>
      </trkpt>
      <trkpt lat="34.810747" lon="113.52566">
        <time>2022-04-17T02:20:34Z</time>
        <extensions>
          <gpxtpx:TrackPointExtension></gpxtpx:TrackPointExtension>
        </extensions>
      </trkpt>
      <trkpt lat="34.810653" lon="113.525574">
        <time>2022-04-17T02:20:39Z</time>
        <extensions>
          <gpxtpx:TrackPointExtension></gpxtpx:TrackPointExtension>
        </extensions>
      </trkpt>
      <trkpt lat="34.810546" lon="113.525536">
        <time>2022-04-17T02:20:44Z</time>
        <extensions>
          <gpxtpx:TrackPointExtension></gpxtpx:TrackPointExtension>
        </extensions>
      </trkpt>
      <trkpt lat="34.810442" lon="113.52551">
        <time>2022-04-17T02:20:49Z</time>
        <extensions>
          <gpxtpx:TrackPointExtension></gpxtpx:TrackPointExtension>
        </extensions>
      </trkpt>
      <trkpt lat="34.810333" lon="113.5255">
        <time>2022-04-17T02:20:54Z</time>
        <extensions>
          <gpxtpx:TrackPointExtension></gpxtpx:TrackPointExtension>
        </extensions>
      </trkpt>
      <trkpt lat="34.810235" lon="113.525495">
        <time>2022-04-17T02:20:59Z</time>
        <extensions>
          <gpxtpx:TrackPointExtension></gpxtpx:TrackPointExtension>
        </extensions>
      </trkpt>
      <trkpt lat="34.810108" lon="113.525483">
        <time>2022-04-17T02:21:04Z</time>
        <extensions>
          <gpxtpx:TrackPointExtension></gpxtpx:TrackPointExtension>
        </extensions>
      </trkpt>
      <trkpt lat="34.81" lon="113.52547">
        <time>2022-04-17T02:21:09Z</time>
        <extensions>
          <gpxtpx:TrackPointExtension></gpxtpx:TrackPointExtension>
        </extensions>
      </trkpt>
      <trkpt lat="34.809878" lon="113.525473">
        <time>2022-04-17T02:21:14Z</time>
        <extensions>
          <gpxtpx:TrackPointExtension></gpxtpx:TrackPointExtension>
        </extensions>
      </trkpt>
      <trkpt lat="34.809744" lon="113.525463">
        <time>2022-04-17T02:21:19Z</time>
        <extensions>
          <gpxtpx:TrackPointExtension></gpxtpx:TrackPointExtension>
        </extensions>
      </trkpt>
      <trkpt lat="34.809639" lon="113.525484">
        <time>2022-04-17T02:21:24Z</time>
        <extensions>
          <gpxtpx:TrackPointExtension></gpxtpx:TrackPointExtension>
        </extensions>
      </trkpt>
      <trkpt lat="34.809544" lon="113.52555">
        <time>2022-04-17T02:21:29Z</time>
        <extensions>
          <gpxtpx:TrackPointExtension></gpxtpx:TrackPointExtension>
        </extensions>
      </trkpt>
      <trkpt lat="34.809464" lon="113.525654">
        <time>2022-04-17T02:21:34Z</time>
        <extensions>
          <gpxtpx:TrackPointExtension></gpxtpx:TrackPointExtension>
        </extensions>
      </trkpt>
      <trkpt lat="34.809424" lon="113.5258">
        <time>2022-04-17T02:21:39Z</time>
        <extensions>
          <gpxtpx:TrackPointExtension></gpxtpx:TrackPointExtension>
        </extensions>
      </trkpt>
      <trkpt lat="34.809415" lon="113.525953">
        <time>2022-04-17T02:21:44Z</time>
        <extensions>
          <gpxtpx:TrackPointExtension></gpxtpx:TrackPointExtension>
        </extensions>
      </trkpt>
      <trkpt lat="34.809434" lon="113.526084">
        <time>2022-04-17T02:21:49Z</time>
        <extensions>
          <gpxtpx:TrackPointExtension></gpxtpx:TrackPointExtension>
        </extensions>
      </trkpt>
      <trkpt lat="34.809495" lon="113.526205">
        <time>2022-04-17T02:21:54Z</time>
        <extensions>
          <gpxtpx:TrackPointExtension></gpxtpx:TrackPointExtension>
        </extensions>
      </trkpt>
      <trkpt lat="34.809596" lon="113.526293">
        <time>2022-04-17T02:21:59Z</time>
        <extensions>
          <gpxtpx:TrackPointExtension></gpxtpx:TrackPointExtension>
        </extensions>
      </trkpt>
      <trkpt lat="34.809699" lon="113.526358">
        <time>2022-04-17T02:22:04Z</time>
        <extensions>
          <gpxtpx:TrackPointExtension></gpxtpx:TrackPointExtension>
        </extensions>
      </trkpt>
      <trkpt lat="34.809814" lon="113.526378">
        <time>2022-04-17T02:22:09Z</time>
        <extensions>
          <gpxtpx:TrackPointExtension></gpxtpx:TrackPointExtension>
        </extensions>
      </trkpt>
      <trkpt lat="34.809925" lon="113.526394">
        <time>2022-04-17T02:22:14Z</time>
        <extensions>
          <gpxtpx:TrackPointExtension></gpxtpx:TrackPointExtension>
        </extensions>
      </trkpt>
      <trkpt lat="34.810041" lon="113.526407">
        <time>2022-04-17T02:22:19Z</time>
        <extensions>
          <gpxtpx:TrackPointExtension></gpxtpx:TrackPointExtension>
        </extensions>
      </trkpt>
      <trkpt lat="34.810176" lon="113.526407">
        <time>2022-04-17T02:22:24Z</time>
        <extensions>
          <gpxtpx:TrackPointExtension></gpxtpx:TrackPointExtension>
        </extensions>
      </trkpt>
      <trkpt lat="34.81031" lon="113.526426">
        <time>2022-04-17T02:22:29Z</time>
        <extensions>
          <gpxtpx:TrackPointExtension></gpxtpx:TrackPointExtension>
        </extensions>
      </trkpt>
      <trkpt lat="34.810411" lon="113.526417">
        <time>2022-04-17T02:22:34Z</time>
        <extensions>
          <gpxtpx:TrackPointExtension></gpxtpx:TrackPointExtension>
        </extensions>
      </trkpt>
      <trkpt lat="34.810525" lon="113.526408">
        <time>2022-04-17T02:22:39Z</time>
        <extensions>
          <gpxtpx:TrackPointExtension></gpxtpx:TrackPointExtension>
        </extensions>
      </trkpt>
      <trkpt lat="34.81065" lon="113.52637">
        <time>2022-04-17T02:22:44Z</time>
        <extensions>
          <gpxtpx:TrackPointExtension></gpxtpx:TrackPointExtension>
        </extensions>
      </trkpt>
      <trkpt lat="34.810747" lon="113.526289">
        <time>2022-04-17T02:22:49Z</time>
        <extensions>
          <gpxtpx:TrackPointExtension></gpxtpx:TrackPointExtension>
        </extensions>
      </trkpt>
      <trkpt lat="34.810811" lon="113.526202">
        <time>2022-04-17T02:22:54Z</time>
        <extensions>
          <gpxtpx:TrackPointExtension></gpxtpx:TrackPointExtension>
        </extensions>
      </trkpt>
      <trkpt lat="34.810858" lon="113.526059">
        <time>2022-04-17T02:22:59Z</time>
        <extensions>
          <gpxtpx:TrackPointExtension></gpxtpx:TrackPointExtension>
        </extensions>
      </trkpt>
      <trkpt lat="34.810873" lon="113.525911">
        <time>2022-04-17T02:23:04Z</time>
        <extensions>
          <gpxtpx:TrackPointExtension></gpxtpx:TrackPointExtension>
        </extensions>
      </trkpt>
      <trkpt lat="34.81085" lon="113.525794">
        <time>2022-04-17T02:23:09Z</time>
        <extensions>
          <gpxtpx:TrackPointExtension></gpxtpx:TrackPointExtension>
        </extensions>
      </trkpt>
      <trkpt lat="34.810782" lon="113.525669">
        <time>2022-04-17T02:23:14Z</time>
        <extensions>
          <gpxtpx:TrackPointExtension></gpxtpx:TrackPointExtension>
        </extensions>
      </trkpt>
      <trkpt lat="34.810659" lon="113.525554">
        <time>2022-04-17T02:23:19Z</time>
        <extensions>
          <gpxtpx:TrackPointExtension></gpxtpx:TrackPointExtension>
        </extensions>
      </trkpt>
      <trkpt lat="34.810572" lon="113.525513">
        <time>2022-04-17T02:23:24Z</time>
        <extensions>
          <gpxtpx:TrackPointExtension></gpxtpx:TrackPointExtension>
        </extensions>
      </trkpt>
      <trkpt lat="34.810468" lon="113.525496">
        <time>2022-04-17T02:23:29Z</time>
        <extensions>
          <gpxtpx:TrackPointExtension></gpxtpx:TrackPointExtension>
        </extensions>
      </trkpt>
      <trkpt lat="34.810362" lon="113.525475">
        <time>2022-04-17T02:23:34Z</time>
        <extensions>
          <gpxtpx:TrackPointExtension></gpxtpx:TrackPointExtension>
        </extensions>
      </trkpt>
      <trkpt lat="34.810256" lon="113.525489">
        <time>2022-04-17T02:23:39Z</time>
        <extensions>
          <gpxtpx:TrackPointExtension></gpxtpx:TrackPointExtension>
        </extensions>
      </trkpt>
      <trkpt lat="34.810133" lon="113.525478">
        <time>2022-04-17T02:23:44Z</time>
        <extensions>
          <gpxtpx:TrackPointExtension></gpxtpx:TrackPointExtension>
        </extensions>
      </trkpt>
      <trkpt lat="34.810016" lon="113.525455">
        <time>2022-04-17T02:23:49Z</time>
        <extensions>
          <gpxtpx:TrackPointExtension></gpxtpx:TrackPointExtension>
        </extensions>
      </trkpt>
      <trkpt lat="34.809887" lon="113.525436">
        <time>2022-04-17T02:23:54Z</time>
        <extensions>
          <gpxtpx:TrackPointExtension></gpxtpx:TrackPointExtension>
        </extensions>
      </trkpt>
      <trkpt lat="34.80975" lon="113.525434">
        <time>2022-04-17T02:23:59Z</time>
        <extensions>
          <gpxtpx:TrackPointExtension></gpxtpx:TrackPointExtension>
        </extensions>
      </trkpt>
      <trkpt lat="34.809616" lon="113.525462">
        <time>2022-04-17T02:24:04Z</time>
        <extensions>
          <gpxtpx:TrackPointExtension></gpxtpx:TrackPointExtension>
        </extensions>
      </trkpt>
      <trkpt lat="34.809505" lon="113.52555">
        <time>2022-04-17T02:24:09Z</time>
        <extensions>
          <gpxtpx:TrackPointExtension></gpxtpx:TrackPointExtension>
        </extensions>
      </trkpt>
      <trkpt lat="34.809428" lon="113.525659">
        <time>2022-04-17T02:24:14Z</time>
        <extensions>
          <gpxtpx:TrackPointExtension></gpxtpx:TrackPointExtension>
        </extensions>
      </trkpt>
      <trkpt lat="34.809382" lon="113.525815">
        <time>2022-04-17T02:24:19Z</time>
        <extensions>
          <gpxtpx:TrackPointExtension></gpxtpx:TrackPointExtension>
        </extensions>
      </trkpt>
      <trkpt lat="34.809373" lon="113.525982">
        <time>2022-04-17T02:24:24Z</time>
        <extensions>
          <gpxtpx:TrackPointExtension></gpxtpx:TrackPointExtension>
        </extensions>
      </trkpt>
      <trkpt lat="34.809406" lon="113.526134">
        <time>2022-04-17T02:24:29Z</time>
        <extensions>
          <gpxtpx:TrackPointExtension></gpxtpx:TrackPointExtension>
        </extensions>
      </trkpt>
      <trkpt lat="34.809464" lon="113.526246">
        <time>2022-04-17T02:24:34Z</time>
        <extensions>
          <gpxtpx:TrackPointExtension></gpxtpx:TrackPointExtension>
        </extensions>
      </trkpt>
      <trkpt lat="34.809561" lon="113.526345">
        <time>2022-04-17T02:24:39Z</time>
        <extensions>
          <gpxtpx:TrackPointExtension></gpxtpx:TrackPointExtension>
        </extensions>
      </trkpt>
      <trkpt lat="34.809696" lon="113.526382">
        <time>2022-04-17T02:24:44Z</time>
        <extensions>
          <gpxtpx:TrackPointExtension></gpxtpx:TrackPointExtension>
        </extensions>
      </trkpt>
      <trkpt lat="34.809821" lon="113.526397">
        <time>2022-04-17T02:24:49Z</time>
        <extensions>
          <gpxtpx:TrackPointExtension></gpxtpx:TrackPointExtension>
        </extensions>
      </trkpt>
      <trkpt lat="34.809939" lon="113.526402">
        <time>2022-04-17T02:24:54Z</time>
        <extensions>
          <gpxtpx:TrackPointExtension></gpxtpx:TrackPointExtension>
        </extensions>
      </trkpt>
      <trkpt lat="34.810064" lon="113.526406">
        <time>2022-04-17T02:24:59Z</time>
        <extensions>
          <gpxtpx:TrackPointExtension></gpxtpx:TrackPointExtension>
        </extensions>
      </trkpt>
      <trkpt lat="34.810162" lon="113.526416">
        <time>2022-04-17T02:25:04Z</time>
        <extensions>
          <gpxtpx:TrackPointExtension></gpxtpx:TrackPointExtension>
        </extensions>
      </trkpt>
      <trkpt lat="34.810306" lon="113.52642">
        <time>2022-04-17T02:25:09Z</time>
        <extensions>
          <gpxtpx:TrackPointExtension></gpxtpx:TrackPointExtension>
        </extensions>
      </trkpt>
      <trkpt lat="34.810456" lon="113.526426">
        <time>2022-04-17T02:25:14Z</time>
        <extensions>
          <gpxtpx:TrackPointExtension></gpxtpx:TrackPointExtension>
        </extensions>
      </trkpt>
      <trkpt lat="34.810558" lon="113.526412">
        <time>2022-04-17T02:25:19Z</time>
        <extensions>
          <gpxtpx:TrackPointExtension></gpxtpx:TrackPointExtension>
        </extensions>
      </trkpt>
      <trkpt lat="34.810695" lon="113.526344">
        <time>2022-04-17T02:25:24Z</time>
        <extensions>
          <gpxtpx:TrackPointExtension></gpxtpx:TrackPointExtension>
        </extensions>
      </trkpt>
      <trkpt lat="34.810788" lon="113.526246">
        <time>2022-04-17T02:25:29Z</time>
        <extensions>
          <gpxtpx:TrackPointExtension></gpxtpx:TrackPointExtension>
        </extensions>
      </trkpt>
      <trkpt lat="34.810847" lon="113.526085">
        <time>2022-04-17T02:25:34Z</time>
        <extensions>
          <gpxtpx:TrackPointExtension></gpxtpx:TrackPointExtension>
        </extensions>
      </trkpt>
      <trkpt lat="34.810846" lon="113.525885">
        <time>2022-04-17T02:25:39Z</time>
        <extensions>
          <gpxtpx:TrackPointExtension></gpxtpx:TrackPointExtension>
        </extensions>
      </trkpt>
      <trkpt lat="34.81081" lon="113.525738">
        <time>2022-04-17T02:25:44Z</time>
        <extensions>
          <gpxtpx:TrackPointExtension></gpxtpx:TrackPointExtension>
        </extensions>
      </trkpt>
      <trkpt lat="34.810711" lon="113.525593">
        <time>2022-04-17T02:25:49Z</time>
        <extensions>
          <gpxtpx:TrackPointExtension></gpxtpx:TrackPointExtension>
        </extensions>
      </trkpt>
      <trkpt lat="34.810573" lon="113.525504">
        <time>2022-04-17T02:25:54Z</time>
        <extensions>
          <gpxtpx:TrackPointExtension></gpxtpx:TrackPointExtension>
        </extensions>
      </trkpt>
      <trkpt lat="34.810439" lon="113.525477">
        <time>2022-04-17T02:25:59Z</time>
        <extensions>
          <gpxtpx:TrackPointExtension></gpxtpx:TrackPointExtension>
        </extensions>
      </trkpt>
      <trkpt lat="34.8103" lon="113.525469">
        <time>2022-04-17T02:26:04Z</time>
        <extensions>
          <gpxtpx:TrackPointExtension></gpxtpx:TrackPointExtension>
        </extensions>
      </trkpt>
      <trkpt lat="34.810145" lon="113.525465">
        <time>2022-04-17T02:26:09Z</time>
        <extensions>
          <gpxtpx:TrackPointExtension></gpxtpx:TrackPointExtension>
        </extensions>
      </trkpt>
      <trkpt lat="34.80998" lon="113.525466">
        <time>2022-04-17T02:26:14Z</time>
        <extensions>
          <gpxtpx:TrackPointExtension></gpxtpx:TrackPointExtension>
        </extensions>
      </trkpt>
      <trkpt lat="34.809837" lon="113.525463">
        <time>2022-04-17T02:26:19Z</time>
        <extensions>
          <gpxtpx:TrackPointExtension></gpxtpx:TrackPointExtension>
        </extensions>
      </trkpt>
      <trkpt lat="34.809696" lon="113.525485">
        <time>2022-04-17T02:26:24Z</time>
        <extensions>
          <gpxtpx:TrackPointExtension></gpxtpx:TrackPointExtension>
        </extensions>
      </trkpt>
      <trkpt lat="34.80955" lon="113.525574">
        <time>2022-04-17T02:26:29Z</time>
        <extensions>
          <gpxtpx:TrackPointExtension></gpxtpx:TrackPointExtension>
        </extensions>
      </trkpt>
      <trkpt lat="34.809451" lon="113.525686">
        <time>2022-04-17T02:26:34Z</time>
        <extensions>
          <gpxtpx:TrackPointExtension></gpxtpx:TrackPointExtension>
        </extensions>
      </trkpt>
      <trkpt lat="34.809401" lon="113.525881">
        <time>2022-04-17T02:26:39Z</time>
        <extensions>
          <gpxtpx:TrackPointExtension></gpxtpx:TrackPointExtension>
        </extensions>
      </trkpt>
      <trkpt lat="34.809426" lon="113.526094">
        <time>2022-04-17T02:26:44Z</time>
        <extensions>
          <gpxtpx:TrackPointExtension></gpxtpx:TrackPointExtension>
        </extensions>
      </trkpt>
      <trkpt lat="34.809507" lon="113.526247">
        <time>2022-04-17T02:26:49Z</time>
        <extensions>
          <gpxtpx:TrackPointExtension></gpxtpx:TrackPointExtension>
        </extensions>
      </trkpt>
      <trkpt lat="34.809654" lon="113.526347">
        <time>2022-04-17T02:26:54Z</time>
        <extensions>
          <gpxtpx:TrackPointExtension></gpxtpx:TrackPointExtension>
        </extensions>
      </trkpt>
      <trkpt lat="34.809829" lon="113.526354">
        <time>2022-04-17T02:26:59Z</time>
        <extensions>
          <gpxtpx:TrackPointExtension></gpxtpx:TrackPointExtension>
        </extensions>
      </trkpt>
      <trkpt lat="34.809986" lon="113.526358">
        <time>2022-04-17T02:27:04Z</time>
        <extensions>
          <gpxtpx:TrackPointExtension></gpxtpx:TrackPointExtension>
        </extensions>
      </trkpt>
      <trkpt lat="34.810121" lon="113.526385">
        <time>2022-04-17T02:27:09Z</time>
        <extensions>
          <gpxtpx:TrackPointExtension></gpxtpx:TrackPointExtension>
        </extensions>
      </trkpt>
      <trkpt lat="34.810312" lon="113.52641">
        <time>2022-04-17T02:27:14Z</time>
        <extensions>
          <gpxtpx:TrackPointExtension></gpxtpx:TrackPointExtension>
        </extensions>
      </trkpt>
      <trkpt lat="34.810473" lon="113.526418">
        <time>2022-04-17T02:27:14Z</time>
        <extensions>
          <gpxtpx:TrackPointExtension></gpxtpx:TrackPointExtension>
        </extensions>
      </trkpt>
    </trkseg>
  </trk>
</gpx>