<?xml version="1.0" encoding="UTF-8"?>
<gpx xmlns="http://www.topografix.com/GPX/1/1" xmlns:gpxtpx="http://www.garmin.com/xmlschemas/TrackPointExtension/v1" xmlns:xsi="http://www.w3.org/2001/XMLSchema-instance" xsi:schemaLocation="http://www.topografix.com/GPX/1/1 http://www.topografix.com/GPX/1/1/gpx.xsd" version="1.1" creator="gpx.py -- https://github.com/tkrajina/gpxpy">
  <trk>
    <name>gpx from keep</name>
    <type>Run</type>
    <trkseg>
      <trkpt lat="35.8853659216356" lon="115.11226417727309">
        <ele>106.6</ele>
        <time>2026-09-24T12:57:35Z</time>
        <extensions>
          <gpxtpx:TrackPointExtension>
            <gpxtpx:hr>129</gpxtpx:hr>
          </gpxtpx:TrackPointExtension>
        </extensions>
      </trkpt>
      <trkpt lat="35.885319876248644" lon="115.11219212359671">
        <ele>106.6</ele>
        <time>2026-09-24T12:57:36Z</time>
        <extensions>
          <gpxtpx:TrackPointExtension>
            <gpxtpx:hr>129</gpxtpx:hr>
          </gpxtpx:TrackPointExtension>
        </extensions>
      </trkpt>
      <trkpt lat="35.88529084158919" lon="115.11213908370554">
        <ele>106.6</ele>
        <time>2026-09-24T12:57:37Z</time>
        <extensions>
          <gpxtpx:TrackPointExtension>
            <gpxtpx:hr>129</gpxtpx:hr>
          </gpxtpx:TrackPointExtension>
        </extensions>
      </trkpt>
      <trkpt lat="35.88527981726208" lon="115.11210505735218">
        <ele>106.6</ele>
        <time>2026-09-24T12:57:38Z</time>
        <extensions>
          <gpxtpx:TrackPointExtension>
            <gpxtpx:hr>129</gpxtpx:hr>
          </gpxtpx:TrackPointExtension>
        </extensions>
      </trkpt>
      <trkpt lat="35.88527679957537" lon="115.11208203906983">
        <ele>106.6</ele>
        <time>2026-09-24T12:57:39Z</time>
        <extensions>
          <gpxtpx:TrackPointExtension>
            <gpxtpx:hr>129</gpxtpx:hr>
          </gpxtpx:TrackPointExtension>
        </extensions>
      </trkpt>
      <trkpt lat="35.885290791594436" lon="115.11207703349822">
        <ele>106.6</ele>
        <time>2026-09-24T12:57:40Z</time>
        <extensions>
          <gpxtpx:TrackPointExtension>
            <gpxtpx:hr>139</gpxtpx:hr>
          </gpxtpx:TrackPointExtension>
        </extensions>
      </trkpt>
      <trkpt lat="35.88531678827748" lon="115.11208203470082">
        <ele>106.6</ele>
        <time>2026-09-24T12:57:41Z</time>
        <extensions>
          <gpxtpx:TrackPointExtension>
            <gpxtpx:hr>139</gpxtpx:hr>
          </gpxtpx:TrackPointExtension>
        </extensions>
      </trkpt>
      <trkpt lat="35.88535178564281" lon="115.11209103815723">
        <ele>106.6</ele>
        <time>2026-09-24T12:57:42Z</time>
        <extensions>
          <gpxtpx:TrackPointExtension>
            <gpxtpx:hr>139</gpxtpx:hr>
          </gpxtpx:TrackPointExtension>
        </extensions>
      </trkpt>
      <trkpt lat="35.885390785106935" lon="115.11210404441853">
        <ele>106.6</ele>
        <time>2026-09-24T12:57:43Z</time>
        <extensions>
          <gpxtpx:TrackPointExtension>
            <gpxtpx:hr>139</gpxtpx:hr>
          </gpxtpx:TrackPointExtension>
        </extensions>
      </trkpt>
      <trkpt lat="35.88542578490108" lon="115.11211605031428">
        <ele>106.6</ele>
        <time>2026-09-24T12:57:44Z</time>
        <extensions>
          <gpxtpx:TrackPointExtension>
            <gpxtpx:hr>139</gpxtpx:hr>
          </gpxtpx:TrackPointExtension>
        </extensions>
      </trkpt>
      <trkpt lat="35.88545778232024" lon="115.11212405330184">
        <ele>106.6</ele>
        <time>2026-09-24T12:57:45Z</time>
        <extensions>
          <gpxtpx:TrackPointExtension>
            <gpxtpx:hr>147</gpxtpx:hr>
          </gpxtpx:TrackPointExtension>
        </extensions>
      </trkpt>
      <trkpt lat="35.88549377619153" lon="115.11212905342292">
        <ele>106.6</ele>
        <time>2026-09-24T12:57:46Z</time>
        <extensions>
          <gpxtpx:TrackPointExtension>
            <gpxtpx:hr>147</gpxtpx:hr>
          </gpxtpx:TrackPointExtension>
        </extensions>
      </trkpt>
      <trkpt lat="35.88552576796475" lon="115.11213005073849">
        <ele>106.6</ele>
        <time>2026-09-24T12:57:47Z</time>
        <extensions>
          <gpxtpx:TrackPointExtension>
            <gpxtpx:hr>147</gpxtpx:hr>
          </gpxtpx:TrackPointExtension>
        </extensions>
      </trkpt>
      <trkpt lat="35.88555376086779" lon="115.11213104849098">
        <ele>106.6</ele>
        <time>2026-09-24T12:57:48Z</time>
        <extensions>
          <gpxtpx:TrackPointExtension>
            <gpxtpx:hr>147</gpxtpx:hr>
          </gpxtpx:TrackPointExtension>
        </extensions>
      </trkpt>
      <trkpt lat="35.88557775490044" lon="115.11213204668041">
        <ele>106.6</ele>
        <time>2026-09-24T12:57:49Z</time>
        <extensions>
          <gpxtpx:TrackPointExtension>
            <gpxtpx:hr>147</gpxtpx:hr>
          </gpxtpx:TrackPointExtension>
        </extensions>
      </trkpt>
      <trkpt lat="35.88559875220229" lon="115.11213604763063">
        <ele>106.6</ele>
        <time>2026-09-24T12:57:50Z</time>
        <extensions>
          <gpxtpx:TrackPointExtension>
            <gpxtpx:hr>153</gpxtpx:hr>
          </gpxtpx:TrackPointExtension>
        </extensions>
      </trkpt>
      <trkpt lat="35.88562875181086" lon="115.11214605246693">
        <ele>106.6</ele>
        <time>2026-09-24T12:57:51Z</time>
        <extensions>
          <gpxtpx:TrackPointExtension>
            <gpxtpx:hr>153</gpxtpx:hr>
          </gpxtpx:TrackPointExtension>
        </extensions>
      </trkpt>
      <trkpt lat="35.88565975599102" lon="115.11216206207138">
        <ele>106.6</ele>
        <time>2026-09-24T12:57:52Z</time>
        <extensions>
          <gpxtpx:TrackPointExtension>
            <gpxtpx:hr>153</gpxtpx:hr>
          </gpxtpx:TrackPointExtension>
        </extensions>
      </trkpt>
      <trkpt lat="35.88568276405684" lon="115.11218007418748">
        <ele>106.6</ele>
        <time>2026-09-24T12:57:53Z</time>
        <extensions>
          <gpxtpx:TrackPointExtension>
            <gpxtpx:hr>153</gpxtpx:hr>
          </gpxtpx:TrackPointExtension>
        </extensions>
      </trkpt>
      <trkpt lat="35.88570976776776" lon="115.11219408262617">
        <ele>106.6</ele>
        <time>2026-09-24T12:57:54Z</time>
        <extensions>
          <gpxtpx:TrackPointExtension>
            <gpxtpx:hr>153</gpxtpx:hr>
          </gpxtpx:TrackPointExtension>
        </extensions>
      </trkpt>
      <trkpt lat="35.88574076144923" lon="115.11219708168159">
        <ele>106.4</ele>
        <time>2026-09-24T12:57:55Z</time>
        <extensions>
          <gpxtpx:TrackPointExtension>
            <gpxtpx:hr>155</gpxtpx:hr>
          </gpxtpx:TrackPointExtension>
        </extensions>
      </trkpt>
      <trkpt lat="35.88577374970939" lon="115.11219407563568">
        <ele>106.4</ele>
        <time>2026-09-24T12:57:56Z</time>
        <extensions>
          <gpxtpx:TrackPointExtension>
            <gpxtpx:hr>155</gpxtpx:hr>
          </gpxtpx:TrackPointExtension>
        </extensions>
      </trkpt>
      <trkpt lat="35.885815734622106" lon="115.11219006779358">
        <ele>106.4</ele>
        <time>2026-09-24T12:57:57Z</time>
        <extensions>
          <gpxtpx:TrackPointExtension>
            <gpxtpx:hr>155</gpxtpx:hr>
          </gpxtpx:TrackPointExtension>
        </extensions>
      </trkpt>
      <trkpt lat="35.88585872249178" lon="115.11219006309682">
        <ele>106.4</ele>
        <time>2026-09-24T12:57:58Z</time>
        <extensions>
          <gpxtpx:TrackPointExtension>
            <gpxtpx:hr>155</gpxtpx:hr>
          </gpxtpx:TrackPointExtension>
        </extensions>
      </trkpt>
      <trkpt lat="35.88589771472878" lon="115.11219406209155">
        <ele>106.0</ele>
        <time>2026-09-24T12:57:59Z</time>
        <extensions>
          <gpxtpx:TrackPointExtension>
            <gpxtpx:hr>155</gpxtpx:hr>
          </gpxtpx:TrackPointExtension>
        </extensions>
      </trkpt>
      <trkpt lat="35.88593670615766" lon="115.11219706027312">
        <ele>106.0</ele>
        <time>2026-09-24T12:58:00Z</time>
        <extensions>
          <gpxtpx:TrackPointExtension>
            <gpxtpx:hr>156</gpxtpx:hr>
          </gpxtpx:TrackPointExtension>
        </extensions>
      </trkpt>
      <trkpt lat="35.8859716987159" lon="115.11220005889199">
        <ele>106.4</ele>
        <time>2026-09-24T12:58:01Z</time>
        <extensions>
          <gpxtpx:TrackPointExtension>
            <gpxtpx:hr>156</gpxtpx:hr>
          </gpxtpx:TrackPointExtension>
        </extensions>
      </trkpt>
      <trkpt lat="35.885997695433055" lon="115.1122050601227">
        <ele>106.4</ele>
        <time>2026-09-24T12:58:02Z</time>
        <extensions>
          <gpxtpx:TrackPointExtension>
            <gpxtpx:hr>156</gpxtpx:hr>
          </gpxtpx:TrackPointExtension>
        </extensions>
      </trkpt>
      <trkpt lat="35.88601869923338" lon="115.11221706760313">
        <ele>106.4</ele>
        <time>2026-09-24T12:58:03Z</time>
        <extensions>
          <gpxtpx:TrackPointExtension>
            <gpxtpx:hr>156</gpxtpx:hr>
          </gpxtpx:TrackPointExtension>
        </extensions>
      </trkpt>
      <trkpt lat="35.88603871305408" lon="115.11224108498672">
        <ele>106.4</ele>
        <time>2026-09-24T12:58:04Z</time>
        <extensions>
          <gpxtpx:TrackPointExtension>
            <gpxtpx:hr>156</gpxtpx:hr>
          </gpxtpx:TrackPointExtension>
        </extensions>
      </trkpt>
      <trkpt lat="35.886058730957664" lon="115.11227010648217">
        <ele>105.8</ele>
        <time>2026-09-24T12:58:05Z</time>
        <extensions>
          <gpxtpx:TrackPointExtension>
            <gpxtpx:hr>157</gpxtpx:hr>
          </gpxtpx:TrackPointExtension>
        </extensions>
      </trkpt>
      <trkpt lat="35.886075748111644" lon="115.11229712670674">
        <ele>105.8</ele>
        <time>2026-09-24T12:58:06Z</time>
        <extensions>
          <gpxtpx:TrackPointExtension>
            <gpxtpx:hr>157</gpxtpx:hr>
          </gpxtpx:TrackPointExtension>
        </extensions>
      </trkpt>
      <trkpt lat="35.8860857688951" lon="115.11232614936868">
        <ele>105.8</ele>
        <time>2026-09-24T12:58:07Z</time>
        <extensions>
          <gpxtpx:TrackPointExtension>
            <gpxtpx:hr>157</gpxtpx:hr>
          </gpxtpx:TrackPointExtension>
        </extensions>
      </trkpt>
      <trkpt lat="35.88608879086777" lon="115.11235417201254">
        <ele>105.8</ele>
        <time>2026-09-24T12:58:08Z</time>
        <extensions>
          <gpxtpx:TrackPointExtension>
            <gpxtpx:hr>157</gpxtpx:hr>
          </gpxtpx:TrackPointExtension>
        </extensions>
      </trkpt>
      <trkpt lat="35.88608681182976" lon="115.11237919277157">
        <ele>105.8</ele>
        <time>2026-09-24T12:58:09Z</time>
        <extensions>
          <gpxtpx:TrackPointExtension>
            <gpxtpx:hr>157</gpxtpx:hr>
          </gpxtpx:TrackPointExtension>
        </extensions>
      </trkpt>
      <trkpt lat="35.88608483281483" lon="115.1124042135591">
        <ele>105.8</ele>
        <time>2026-09-24T12:58:10Z</time>
        <extensions>
          <gpxtpx:TrackPointExtension>
            <gpxtpx:hr>153</gpxtpx:hr>
          </gpxtpx:TrackPointExtension>
        </extensions>
      </trkpt>
      <trkpt lat="35.88608185001421" lon="115.11242423036259">
        <ele>105.8</ele>
        <time>2026-09-24T12:58:11Z</time>
        <extensions>
          <gpxtpx:TrackPointExtension>
            <gpxtpx:hr>153</gpxtpx:hr>
          </gpxtpx:TrackPointExtension>
        </extensions>
      </trkpt>
      <trkpt lat="35.886080864208274" lon="115.11244124449058">
        <ele>105.8</ele>
        <time>2026-09-24T12:58:12Z</time>
        <extensions>
          <gpxtpx:TrackPointExtension>
            <gpxtpx:hr>153</gpxtpx:hr>
          </gpxtpx:TrackPointExtension>
        </extensions>
      </trkpt>
      <trkpt lat="35.88607888197244" lon="115.11246226204456">
        <ele>105.8</ele>
        <time>2026-09-24T12:58:13Z</time>
        <extensions>
          <gpxtpx:TrackPointExtension>
            <gpxtpx:hr>153</gpxtpx:hr>
          </gpxtpx:TrackPointExtension>
        </extensions>
      </trkpt>
      <trkpt lat="35.88607789865072" lon="115.11248227868248">
        <ele>105.8</ele>
        <time>2026-09-24T12:58:14Z</time>
        <extensions>
          <gpxtpx:TrackPointExtension>
            <gpxtpx:hr>153</gpxtpx:hr>
          </gpxtpx:TrackPointExtension>
        </extensions>
      </trkpt>
      <trkpt lat="35.88607491590763" lon="115.11250229555709">
        <ele>105.4</ele>
        <time>2026-09-24T12:58:15Z</time>
        <extensions>
          <gpxtpx:TrackPointExtension>
            <gpxtpx:hr>152</gpxtpx:hr>
          </gpxtpx:TrackPointExtension>
        </extensions>
      </trkpt>
      <trkpt lat="35.88607293289735" lon="115.1125223123407">
        <ele>105.4</ele>
        <time>2026-09-24T12:58:16Z</time>
        <extensions>
          <gpxtpx:TrackPointExtension>
            <gpxtpx:hr>152</gpxtpx:hr>
          </gpxtpx:TrackPointExtension>
        </extensions>
      </trkpt>
      <trkpt lat="35.88607095072421" lon="115.11254332997218">
        <ele>105.4</ele>
        <time>2026-09-24T12:58:17Z</time>
        <extensions>
          <gpxtpx:TrackPointExtension>
            <gpxtpx:hr>152</gpxtpx:hr>
          </gpxtpx:TrackPointExtension>
        </extensions>
      </trkpt>
      <trkpt lat="35.88606896856732" lon="115.11256434762376">
        <ele>105.4</ele>
        <time>2026-09-24T12:58:18Z</time>
        <extensions>
          <gpxtpx:TrackPointExtension>
            <gpxtpx:hr>152</gpxtpx:hr>
          </gpxtpx:TrackPointExtension>
        </extensions>
      </trkpt>
      <trkpt lat="35.88606698807472" lon="115.11258736695866">
        <ele>105.4</ele>
        <time>2026-09-24T12:58:19Z</time>
        <extensions>
          <gpxtpx:TrackPointExtension>
            <gpxtpx:hr>152</gpxtpx:hr>
          </gpxtpx:TrackPointExtension>
        </extensions>
      </trkpt>
      <trkpt lat="35.886064010358396" lon="115.11261338892524">
        <ele>105.4</ele>
        <time>2026-09-24T12:58:20Z</time>
        <extensions>
          <gpxtpx:TrackPointExtension>
            <gpxtpx:hr>149</gpxtpx:hr>
          </gpxtpx:TrackPointExtension>
        </extensions>
      </trkpt>
      <trkpt lat="35.88606103514502" lon="115.11264241342492">
        <ele>105.4</ele>
        <time>2026-09-24T12:58:21Z</time>
        <extensions>
          <gpxtpx:TrackPointExtension>
            <gpxtpx:hr>149</gpxtpx:hr>
          </gpxtpx:TrackPointExtension>
        </extensions>
      </trkpt>
      <trkpt lat="35.88605805665431" lon="115.11266743462122">
        <ele>105.4</ele>
        <time>2026-09-24T12:58:22Z</time>
        <extensions>
          <gpxtpx:TrackPointExtension>
            <gpxtpx:hr>149</gpxtpx:hr>
          </gpxtpx:TrackPointExtension>
        </extensions>
      </trkpt>
      <trkpt lat="35.886056073765516" lon="115.11268745155503">
        <ele>105.4</ele>
        <time>2026-09-24T12:58:23Z</time>
        <extensions>
          <gpxtpx:TrackPointExtension>
            <gpxtpx:hr>149</gpxtpx:hr>
          </gpxtpx:TrackPointExtension>
        </extensions>
      </trkpt>
      <trkpt lat="35.88605409420558" lon="115.11271147185593">
        <ele>105.4</ele>
        <time>2026-09-24T12:58:24Z</time>
        <extensions>
          <gpxtpx:TrackPointExtension>
            <gpxtpx:hr>149</gpxtpx:hr>
          </gpxtpx:TrackPointExtension>
        </extensions>
      </trkpt>
      <trkpt lat="35.88605111826707" lon="115.11273949564621">
        <ele>105.9</ele>
        <time>2026-09-24T12:58:25Z</time>
        <extensions>
          <gpxtpx:TrackPointExtension>
            <gpxtpx:hr>149</gpxtpx:hr>
          </gpxtpx:TrackPointExtension>
        </extensions>
      </trkpt>
      <trkpt lat="35.88604714845493" lon="115.11277452546145">
        <ele>105.9</ele>
        <time>2026-09-24T12:58:26Z</time>
        <extensions>
          <gpxtpx:TrackPointExtension>
            <gpxtpx:hr>149</gpxtpx:hr>
          </gpxtpx:TrackPointExtension>
        </extensions>
      </trkpt>
      <trkpt lat="35.886043177023424" lon="115.11280755364888">
        <ele>105.9</ele>
        <time>2026-09-24T12:58:27Z</time>
        <extensions>
          <gpxtpx:TrackPointExtension>
            <gpxtpx:hr>149</gpxtpx:hr>
          </gpxtpx:TrackPointExtension>
        </extensions>
      </trkpt>
      <trkpt lat="35.88604020118363" lon="115.11283557756123">
        <ele>105.9</ele>
        <time>2026-09-24T12:58:28Z</time>
        <extensions>
          <gpxtpx:TrackPointExtension>
            <gpxtpx:hr>149</gpxtpx:hr>
          </gpxtpx:TrackPointExtension>
        </extensions>
      </trkpt>
      <trkpt lat="35.886037227041086" lon="115.11286560319766">
        <ele>105.9</ele>
        <time>2026-09-24T12:58:29Z</time>
        <extensions>
          <gpxtpx:TrackPointExtension>
            <gpxtpx:hr>149</gpxtpx:hr>
          </gpxtpx:TrackPointExtension>
        </extensions>
      </trkpt>
      <trkpt lat="35.886033259062" lon="115.11290263490494">
        <ele>105.9</ele>
        <time>2026-09-24T12:58:30Z</time>
        <extensions>
          <gpxtpx:TrackPointExtension>
            <gpxtpx:hr>149</gpxtpx:hr>
          </gpxtpx:TrackPointExtension>
        </extensions>
      </trkpt>
      <trkpt lat="35.8860282914151" lon="115.11293966678349">
        <ele>105.9</ele>
        <time>2026-09-24T12:58:31Z</time>
        <extensions>
          <gpxtpx:TrackPointExtension>
            <gpxtpx:hr>149</gpxtpx:hr>
          </gpxtpx:TrackPointExtension>
        </extensions>
      </trkpt>
      <trkpt lat="35.886024324374745" lon="115.11297769946422">
        <ele>105.9</ele>
        <time>2026-09-24T12:58:32Z</time>
        <extensions>
          <gpxtpx:TrackPointExtension>
            <gpxtpx:hr>149</gpxtpx:hr>
          </gpxtpx:TrackPointExtension>
        </extensions>
      </trkpt>
      <trkpt lat="35.886020357387295" lon="115.11301573221036">
        <ele>105.9</ele>
        <time>2026-09-24T12:58:33Z</time>
        <extensions>
          <gpxtpx:TrackPointExtension>
            <gpxtpx:hr>149</gpxtpx:hr>
          </gpxtpx:TrackPointExtension>
        </extensions>
      </trkpt>
      <trkpt lat="35.886017386806394" lon="115.11304976150171">
        <ele>105.9</ele>
        <time>2026-09-24T12:58:34Z</time>
        <extensions>
          <gpxtpx:TrackPointExtension>
            <gpxtpx:hr>149</gpxtpx:hr>
          </gpxtpx:TrackPointExtension>
        </extensions>
      </trkpt>
      <trkpt lat="35.88601242272844" lon="115.11309079704418">
        <ele>106.0</ele>
        <time>2026-09-24T12:58:35Z</time>
        <extensions>
          <gpxtpx:TrackPointExtension>
            <gpxtpx:hr>152</gpxtpx:hr>
          </gpxtpx:TrackPointExtension>
        </extensions>
      </trkpt>
      <trkpt lat="35.88600745702404" lon="115.11312983095007">
        <ele>106.0</ele>
        <time>2026-09-24T12:58:36Z</time>
        <extensions>
          <gpxtpx:TrackPointExtension>
            <gpxtpx:hr>152</gpxtpx:hr>
          </gpxtpx:TrackPointExtension>
        </extensions>
      </trkpt>
      <trkpt lat="35.88600348771211" lon="115.11316486138377">
        <ele>106.0</ele>
        <time>2026-09-24T12:58:37Z</time>
        <extensions>
          <gpxtpx:TrackPointExtension>
            <gpxtpx:hr>152</gpxtpx:hr>
          </gpxtpx:TrackPointExtension>
        </extensions>
      </trkpt>
      <trkpt lat="35.88599852465328" lon="115.1132068979991">
        <ele>106.0</ele>
        <time>2026-09-24T12:58:38Z</time>
        <extensions>
          <gpxtpx:TrackPointExtension>
            <gpxtpx:hr>152</gpxtpx:hr>
          </gpxtpx:TrackPointExtension>
        </extensions>
      </trkpt>
      <trkpt lat="35.88599356081061" lon="115.11324793383248">
        <ele>106.0</ele>
        <time>2026-09-24T12:58:39Z</time>
        <extensions>
          <gpxtpx:TrackPointExtension>
            <gpxtpx:hr>152</gpxtpx:hr>
          </gpxtpx:TrackPointExtension>
        </extensions>
      </trkpt>
      <trkpt lat="35.88598859363065" lon="115.11328496628833">
        <ele>106.0</ele>
        <time>2026-09-24T12:58:40Z</time>
        <extensions>
          <gpxtpx:TrackPointExtension>
            <gpxtpx:hr>154</gpxtpx:hr>
          </gpxtpx:TrackPointExtension>
        </extensions>
      </trkpt>
      <trkpt lat="35.885983632458135" lon="115.11332900486155">
        <ele>106.0</ele>
        <time>2026-09-24T12:58:41Z</time>
        <extensions>
          <gpxtpx:TrackPointExtension>
            <gpxtpx:hr>154</gpxtpx:hr>
          </gpxtpx:TrackPointExtension>
        </extensions>
      </trkpt>
      <trkpt lat="35.885978669650676" lon="115.11337104178769">
        <ele>106.0</ele>
        <time>2026-09-24T12:58:42Z</time>
        <extensions>
          <gpxtpx:TrackPointExtension>
            <gpxtpx:hr>154</gpxtpx:hr>
          </gpxtpx:TrackPointExtension>
        </extensions>
      </trkpt>
      <trkpt lat="35.8859747015006" lon="115.11340707347073">
        <ele>106.0</ele>
        <time>2026-09-24T12:58:43Z</time>
        <extensions>
          <gpxtpx:TrackPointExtension>
            <gpxtpx:hr>154</gpxtpx:hr>
          </gpxtpx:TrackPointExtension>
        </extensions>
      </trkpt>
      <trkpt lat="35.88596973453512" lon="115.11344410619176">
        <ele>106.0</ele>
        <time>2026-09-24T12:58:44Z</time>
        <extensions>
          <gpxtpx:TrackPointExtension>
            <gpxtpx:hr>154</gpxtpx:hr>
          </gpxtpx:TrackPointExtension>
        </extensions>
      </trkpt>
      <trkpt lat="35.88596477276054" lon="115.1134871442078">
        <ele>106.1</ele>
        <time>2026-09-24T12:58:45Z</time>
        <extensions>
          <gpxtpx:TrackPointExtension>
            <gpxtpx:hr>157</gpxtpx:hr>
          </gpxtpx:TrackPointExtension>
        </extensions>
      </trkpt>
      <trkpt lat="35.885959809336285" lon="115.1135281805585">
        <ele>106.1</ele>
        <time>2026-09-24T12:58:46Z</time>
        <extensions>
          <gpxtpx:TrackPointExtension>
            <gpxtpx:hr>157</gpxtpx:hr>
          </gpxtpx:TrackPointExtension>
        </extensions>
      </trkpt>
      <trkpt lat="35.88595583967249" lon="115.11356221074435">
        <ele>106.1</ele>
        <time>2026-09-24T12:58:47Z</time>
        <extensions>
          <gpxtpx:TrackPointExtension>
            <gpxtpx:hr>157</gpxtpx:hr>
          </gpxtpx:TrackPointExtension>
        </extensions>
      </trkpt>
      <trkpt lat="35.88595087463778" lon="115.11360124547825">
        <ele>106.1</ele>
        <time>2026-09-24T12:58:48Z</time>
        <extensions>
          <gpxtpx:TrackPointExtension>
            <gpxtpx:hr>157</gpxtpx:hr>
          </gpxtpx:TrackPointExtension>
        </extensions>
      </trkpt>
      <trkpt lat="35.885945907933376" lon="115.11363827852209">
        <ele>106.1</ele>
        <time>2026-09-24T12:58:49Z</time>
        <extensions>
          <gpxtpx:TrackPointExtension>
            <gpxtpx:hr>157</gpxtpx:hr>
          </gpxtpx:TrackPointExtension>
        </extensions>
      </trkpt>
      <trkpt lat="35.885939941560736" lon="115.11367531173661">
        <ele>106.1</ele>
        <time>2026-09-24T12:58:50Z</time>
        <extensions>
          <gpxtpx:TrackPointExtension>
            <gpxtpx:hr>161</gpxtpx:hr>
          </gpxtpx:TrackPointExtension>
        </extensions>
      </trkpt>
      <trkpt lat="35.88592899568955" lon="115.11373436498384">
        <ele>106.1</ele>
        <time>2026-09-24T12:58:51Z</time>
        <extensions>
          <gpxtpx:TrackPointExtension>
            <gpxtpx:hr>161</gpxtpx:hr>
          </gpxtpx:TrackPointExtension>
        </extensions>
      </trkpt>
      <trkpt lat="35.88591605050877" lon="115.11379341860561">
        <ele>106.1</ele>
        <time>2026-09-24T12:58:52Z</time>
        <extensions>
          <gpxtpx:TrackPointExtension>
            <gpxtpx:hr>161</gpxtpx:hr>
          </gpxtpx:TrackPointExtension>
        </extensions>
      </trkpt>
      <trkpt lat="35.88590808664718" lon="115.11383245407136">
        <ele>106.1</ele>
        <time>2026-09-24T12:58:53Z</time>
        <extensions>
          <gpxtpx:TrackPointExtension>
            <gpxtpx:hr>161</gpxtpx:hr>
          </gpxtpx:TrackPointExtension>
        </extensions>
      </trkpt>
      <trkpt lat="35.88590012371161" lon="115.11387249049483">
        <ele>106.1</ele>
        <time>2026-09-24T12:58:54Z</time>
        <extensions>
          <gpxtpx:TrackPointExtension>
            <gpxtpx:hr>161</gpxtpx:hr>
          </gpxtpx:TrackPointExtension>
        </extensions>
      </trkpt>
      <trkpt lat="35.8858891616802" lon="115.11391252731757">
        <ele>105.1</ele>
        <time>2026-09-24T12:58:55Z</time>
        <extensions>
          <gpxtpx:TrackPointExtension>
            <gpxtpx:hr>164</gpxtpx:hr>
          </gpxtpx:TrackPointExtension>
        </extensions>
      </trkpt>
      <trkpt lat="35.88588119449188" lon="115.1139475594187">
        <ele>105.1</ele>
        <time>2026-09-24T12:58:56Z</time>
        <extensions>
          <gpxtpx:TrackPointExtension>
            <gpxtpx:hr>164</gpxtpx:hr>
          </gpxtpx:TrackPointExtension>
        </extensions>
      </trkpt>
      <trkpt lat="35.88587422444128" lon="115.11397958878193">
        <ele>105.1</ele>
        <time>2026-09-24T12:58:57Z</time>
        <extensions>
          <gpxtpx:TrackPointExtension>
            <gpxtpx:hr>164</gpxtpx:hr>
          </gpxtpx:TrackPointExtension>
        </extensions>
      </trkpt>
      <trkpt lat="35.88587125242345" lon="115.11401061685825">
        <ele>105.1</ele>
        <time>2026-09-24T12:58:58Z</time>
        <extensions>
          <gpxtpx:TrackPointExtension>
            <gpxtpx:hr>164</gpxtpx:hr>
          </gpxtpx:TrackPointExtension>
        </extensions>
      </trkpt>
      <trkpt lat="35.885873286047335" lon="115.11404965161047">
        <ele>105.0</ele>
        <time>2026-09-24T12:58:59Z</time>
        <extensions>
          <gpxtpx:TrackPointExtension>
            <gpxtpx:hr>164</gpxtpx:hr>
          </gpxtpx:TrackPointExtension>
        </extensions>
      </trkpt>
      <trkpt lat="35.88587332292665" lon="115.11409168934715">
        <ele>105.0</ele>
        <time>2026-09-24T12:59:00Z</time>
        <extensions>
          <gpxtpx:TrackPointExtension>
            <gpxtpx:hr>164</gpxtpx:hr>
          </gpxtpx:TrackPointExtension>
        </extensions>
      </trkpt>
      <trkpt lat="35.8858703554344" lon="115.11412772208314">
        <ele>105.1</ele>
        <time>2026-09-24T12:59:01Z</time>
        <extensions>
          <gpxtpx:TrackPointExtension>
            <gpxtpx:hr>164</gpxtpx:hr>
          </gpxtpx:TrackPointExtension>
        </extensions>
      </trkpt>
      <trkpt lat="35.885867387988895" lon="115.11416375487697">
        <ele>105.1</ele>
        <time>2026-09-24T12:59:02Z</time>
        <extensions>
          <gpxtpx:TrackPointExtension>
            <gpxtpx:hr>164</gpxtpx:hr>
          </gpxtpx:TrackPointExtension>
        </extensions>
      </trkpt>
      <trkpt lat="35.88586242291983" lon="115.11420178975555">
        <ele>105.1</ele>
        <time>2026-09-24T12:59:03Z</time>
        <extensions>
          <gpxtpx:TrackPointExtension>
            <gpxtpx:hr>164</gpxtpx:hr>
          </gpxtpx:TrackPointExtension>
        </extensions>
      </trkpt>
      <trkpt lat="35.88585745701865" lon="115.11423882379252">
        <ele>105.1</ele>
        <time>2026-09-24T12:59:04Z</time>
        <extensions>
          <gpxtpx:TrackPointExtension>
            <gpxtpx:hr>164</gpxtpx:hr>
          </gpxtpx:TrackPointExtension>
        </extensions>
      </trkpt>
      <trkpt lat="35.885852488510544" lon="115.11427285516774">
        <ele>105.1</ele>
        <time>2026-09-24T12:59:05Z</time>
        <extensions>
          <gpxtpx:TrackPointExtension>
            <gpxtpx:hr>165</gpxtpx:hr>
          </gpxtpx:TrackPointExtension>
        </extensions>
      </trkpt>
      <trkpt lat="35.885847523590684" lon="115.11431089023085">
        <ele>105.1</ele>
        <time>2026-09-24T12:59:06Z</time>
        <extensions>
          <gpxtpx:TrackPointExtension>
            <gpxtpx:hr>165</gpxtpx:hr>
          </gpxtpx:TrackPointExtension>
        </extensions>
      </trkpt>
      <trkpt lat="35.885842557834714" lon="115.11434792444736">
        <ele>105.1</ele>
        <time>2026-09-24T12:59:07Z</time>
        <extensions>
          <gpxtpx:TrackPointExtension>
            <gpxtpx:hr>165</gpxtpx:hr>
          </gpxtpx:TrackPointExtension>
        </extensions>
      </trkpt>
      <trkpt lat="35.88583859184588" lon="115.11438495861555">
        <ele>105.1</ele>
        <time>2026-09-24T12:59:08Z</time>
        <extensions>
          <gpxtpx:TrackPointExtension>
            <gpxtpx:hr>165</gpxtpx:hr>
          </gpxtpx:TrackPointExtension>
        </extensions>
      </trkpt>
      <trkpt lat="35.88583362618837" lon="115.11442199295381">
        <ele>105.1</ele>
        <time>2026-09-24T12:59:09Z</time>
        <extensions>
          <gpxtpx:TrackPointExtension>
            <gpxtpx:hr>165</gpxtpx:hr>
          </gpxtpx:TrackPointExtension>
        </extensions>
      </trkpt>
      <trkpt lat="35.88582865701215" lon="115.11445502369016">
        <ele>105.1</ele>
        <time>2026-09-24T12:59:10Z</time>
        <extensions>
          <gpxtpx:TrackPointExtension>
            <gpxtpx:hr>165</gpxtpx:hr>
          </gpxtpx:TrackPointExtension>
        </extensions>
      </trkpt>
      <trkpt lat="35.88582469027236" lon="115.11449105711706">
        <ele>105.1</ele>
        <time>2026-09-24T12:59:11Z</time>
        <extensions>
          <gpxtpx:TrackPointExtension>
            <gpxtpx:hr>165</gpxtpx:hr>
          </gpxtpx:TrackPointExtension>
        </extensions>
      </trkpt>
      <trkpt lat="35.88581972654482" lon="115.11453009346725">
        <ele>105.1</ele>
        <time>2026-09-24T12:59:12Z</time>
        <extensions>
          <gpxtpx:TrackPointExtension>
            <gpxtpx:hr>165</gpxtpx:hr>
          </gpxtpx:TrackPointExtension>
        </extensions>
      </trkpt>
      <trkpt lat="35.88581576079782" lon="115.1145671279345">
        <ele>105.1</ele>
        <time>2026-09-24T12:59:13Z</time>
        <extensions>
          <gpxtpx:TrackPointExtension>
            <gpxtpx:hr>165</gpxtpx:hr>
          </gpxtpx:TrackPointExtension>
        </extensions>
      </trkpt>
      <trkpt lat="35.8858127921262" lon="115.11460115958685">
        <ele>105.1</ele>
        <time>2026-09-24T12:59:14Z</time>
        <extensions>
          <gpxtpx:TrackPointExtension>
            <gpxtpx:hr>165</gpxtpx:hr>
          </gpxtpx:TrackPointExtension>
        </extensions>
      </trkpt>
      <trkpt lat="35.88580882647337" lon="115.11463819417058">
        <ele>105.1</ele>
        <time>2026-09-24T12:59:15Z</time>
        <extensions>
          <gpxtpx:TrackPointExtension>
            <gpxtpx:hr>166</gpxtpx:hr>
          </gpxtpx:TrackPointExtension>
        </extensions>
      </trkpt>
      <trkpt lat="35.88580485996981" lon="115.11467422788962">
        <ele>105.1</ele>
        <time>2026-09-24T12:59:16Z</time>
        <extensions>
          <gpxtpx:TrackPointExtension>
            <gpxtpx:hr>166</gpxtpx:hr>
          </gpxtpx:TrackPointExtension>
        </extensions>
      </trkpt>
      <trkpt lat="35.885799894695836" lon="115.11471126270219">
        <ele>105.1</ele>
        <time>2026-09-24T12:59:17Z</time>
        <extensions>
          <gpxtpx:TrackPointExtension>
            <gpxtpx:hr>166</gpxtpx:hr>
          </gpxtpx:TrackPointExtension>
        </extensions>
      </trkpt>
      <trkpt lat="35.88579792772207" lon="115.11474729631917">
        <ele>105.1</ele>
        <time>2026-09-24T12:59:18Z</time>
        <extensions>
          <gpxtpx:TrackPointExtension>
            <gpxtpx:hr>166</gpxtpx:hr>
          </gpxtpx:TrackPointExtension>
        </extensions>
      </trkpt>
      <trkpt lat="35.885796960512536" lon="115.11478332988429">
        <ele>105.1</ele>
        <time>2026-09-24T12:59:19Z</time>
        <extensions>
          <gpxtpx:TrackPointExtension>
            <gpxtpx:hr>166</gpxtpx:hr>
          </gpxtpx:TrackPointExtension>
        </extensions>
      </trkpt>
      <trkpt lat="35.88579699849746" lon="115.1148253689886">
        <ele>105.1</ele>
        <time>2026-09-24T12:59:20Z</time>
        <extensions>
          <gpxtpx:TrackPointExtension>
            <gpxtpx:hr>169</gpxtpx:hr>
          </gpxtpx:TrackPointExtension>
        </extensions>
      </trkpt>
      <trkpt lat="35.88579703654539" lon="115.11486740817088">
        <ele>105.1</ele>
        <time>2026-09-24T12:59:21Z</time>
        <extensions>
          <gpxtpx:TrackPointExtension>
            <gpxtpx:hr>169</gpxtpx:hr>
          </gpxtpx:TrackPointExtension>
        </extensions>
      </trkpt>
      <trkpt lat="35.885794072778396" lon="115.11490644495179">
        <ele>105.1</ele>
        <time>2026-09-24T12:59:22Z</time>
        <extensions>
          <gpxtpx:TrackPointExtension>
            <gpxtpx:hr>169</gpxtpx:hr>
          </gpxtpx:TrackPointExtension>
        </extensions>
      </trkpt>
      <trkpt lat="35.88578811445971" lon="115.11495048681435">
        <ele>105.1</ele>
        <time>2026-09-24T12:59:23Z</time>
        <extensions>
          <gpxtpx:TrackPointExtension>
            <gpxtpx:hr>169</gpxtpx:hr>
          </gpxtpx:TrackPointExtension>
        </extensions>
      </trkpt>
      <trkpt lat="35.88578015677436" lon="115.11499452898074">
        <ele>105.1</ele>
        <time>2026-09-24T12:59:24Z</time>
        <extensions>
          <gpxtpx:TrackPointExtension>
            <gpxtpx:hr>169</gpxtpx:hr>
          </gpxtpx:TrackPointExtension>
        </extensions>
      </trkpt>
      <trkpt lat="35.88577119578947" lon="115.1150345675765">
        <ele>105.5</ele>
        <time>2026-09-24T12:59:25Z</time>
        <extensions>
          <gpxtpx:TrackPointExtension>
            <gpxtpx:hr>169</gpxtpx:hr>
          </gpxtpx:TrackPointExtension>
        </extensions>
      </trkpt>
      <trkpt lat="35.88576723710726" lon="115.11507860946898">
        <ele>105.5</ele>
        <time>2026-09-24T12:59:26Z</time>
        <extensions>
          <gpxtpx:TrackPointExtension>
            <gpxtpx:hr>169</gpxtpx:hr>
          </gpxtpx:TrackPointExtension>
        </extensions>
      </trkpt>
      <trkpt lat="35.88576627306927" lon="115.11511764639425">
        <ele>105.5</ele>
        <time>2026-09-24T12:59:27Z</time>
        <extensions>
          <gpxtpx:TrackPointExtension>
            <gpxtpx:hr>169</gpxtpx:hr>
          </gpxtpx:TrackPointExtension>
        </extensions>
      </trkpt>
      <trkpt lat="35.885759306194004" lon="115.11515167930932">
        <ele>105.5</ele>
        <time>2026-09-24T12:59:28Z</time>
        <extensions>
          <gpxtpx:TrackPointExtension>
            <gpxtpx:hr>169</gpxtpx:hr>
          </gpxtpx:TrackPointExtension>
        </extensions>
      </trkpt>
      <trkpt lat="35.88574835334372" lon="115.11519972598626">
        <ele>105.5</ele>
        <time>2026-09-24T12:59:29Z</time>
        <extensions>
          <gpxtpx:TrackPointExtension>
            <gpxtpx:hr>169</gpxtpx:hr>
          </gpxtpx:TrackPointExtension>
        </extensions>
      </trkpt>
      <trkpt lat="35.88574339152204" lon="115.11523976450609">
        <ele>105.5</ele>
        <time>2026-09-24T12:59:30Z</time>
        <extensions>
          <gpxtpx:TrackPointExtension>
            <gpxtpx:hr>169</gpxtpx:hr>
          </gpxtpx:TrackPointExtension>
        </extensions>
      </trkpt>
      <trkpt lat="35.88574041629789" lon="115.11526578955436">
        <ele>105.5</ele>
        <time>2026-09-24T12:59:31Z</time>
        <extensions>
          <gpxtpx:TrackPointExtension>
            <gpxtpx:hr>169</gpxtpx:hr>
          </gpxtpx:TrackPointExtension>
        </extensions>
      </trkpt>
      <trkpt lat="35.88573644783299" lon="115.11529882141016">
        <ele>105.5</ele>
        <time>2026-09-24T12:59:32Z</time>
        <extensions>
          <gpxtpx:TrackPointExtension>
            <gpxtpx:hr>169</gpxtpx:hr>
          </gpxtpx:TrackPointExtension>
        </extensions>
      </trkpt>
      <trkpt lat="35.88573247940674" lon="115.11533185331378">
        <ele>105.5</ele>
        <time>2026-09-24T12:59:33Z</time>
        <extensions>
          <gpxtpx:TrackPointExtension>
            <gpxtpx:hr>169</gpxtpx:hr>
          </gpxtpx:TrackPointExtension>
        </extensions>
      </trkpt>
      <trkpt lat="35.8857295070399" lon="115.11536088133346">
        <ele>105.5</ele>
        <time>2026-09-24T12:59:34Z</time>
        <extensions>
          <gpxtpx:TrackPointExtension>
            <gpxtpx:hr>169</gpxtpx:hr>
          </gpxtpx:TrackPointExtension>
        </extensions>
      </trkpt>
      <trkpt lat="35.885725540536995" lon="115.11539591524088">
        <ele>105.1</ele>
        <time>2026-09-24T12:59:35Z</time>
        <extensions>
          <gpxtpx:TrackPointExtension>
            <gpxtpx:hr>171</gpxtpx:hr>
          </gpxtpx:TrackPointExtension>
        </extensions>
      </trkpt>
      <trkpt lat="35.885721574077515" lon="115.115430949202">
        <ele>105.1</ele>
        <time>2026-09-24T12:59:36Z</time>
        <extensions>
          <gpxtpx:TrackPointExtension>
            <gpxtpx:hr>171</gpxtpx:hr>
          </gpxtpx:TrackPointExtension>
        </extensions>
      </trkpt>
      <trkpt lat="35.88571860366789" lon="115.11546197926738">
        <ele>105.1</ele>
        <time>2026-09-24T12:59:37Z</time>
        <extensions>
          <gpxtpx:TrackPointExtension>
            <gpxtpx:hr>171</gpxtpx:hr>
          </gpxtpx:TrackPointExtension>
        </extensions>
      </trkpt>
      <trkpt lat="35.88571363943048" lon="115.11549901536196">
        <ele>105.1</ele>
        <time>2026-09-24T12:59:38Z</time>
        <extensions>
          <gpxtpx:TrackPointExtension>
            <gpxtpx:hr>171</gpxtpx:hr>
          </gpxtpx:TrackPointExtension>
        </extensions>
      </trkpt>
      <trkpt lat="35.885709674959344" lon="115.11553605140726">
        <ele>105.1</ele>
        <time>2026-09-24T12:59:39Z</time>
        <extensions>
          <gpxtpx:TrackPointExtension>
            <gpxtpx:hr>171</gpxtpx:hr>
          </gpxtpx:TrackPointExtension>
        </extensions>
      </trkpt>
      <trkpt lat="35.88570470988713" lon="115.11557208665685">
        <ele>105.1</ele>
        <time>2026-09-24T12:59:40Z</time>
        <extensions>
          <gpxtpx:TrackPointExtension>
            <gpxtpx:hr>171</gpxtpx:hr>
          </gpxtpx:TrackPointExtension>
        </extensions>
      </trkpt>
      <trkpt lat="35.88569974392782" lon="115.11560712099678">
        <ele>105.1</ele>
        <time>2026-09-24T12:59:41Z</time>
        <extensions>
          <gpxtpx:TrackPointExtension>
            <gpxtpx:hr>171</gpxtpx:hr>
          </gpxtpx:TrackPointExtension>
        </extensions>
      </trkpt>
      <trkpt lat="35.88569477334159" lon="115.11563715055162">
        <ele>105.1</ele>
        <time>2026-09-24T12:59:42Z</time>
        <extensions>
          <gpxtpx:TrackPointExtension>
            <gpxtpx:hr>171</gpxtpx:hr>
          </gpxtpx:TrackPointExtension>
        </extensions>
      </trkpt>
      <trkpt lat="35.88568980839788" lon="115.11567318596013">
        <ele>105.1</ele>
        <time>2026-09-24T12:59:43Z</time>
        <extensions>
          <gpxtpx:TrackPointExtension>
            <gpxtpx:hr>171</gpxtpx:hr>
          </gpxtpx:TrackPointExtension>
        </extensions>
      </trkpt>
      <trkpt lat="35.88568384190919" lon="115.11570721959298">
        <ele>105.1</ele>
        <time>2026-09-24T12:59:44Z</time>
        <extensions>
          <gpxtpx:TrackPointExtension>
            <gpxtpx:hr>171</gpxtpx:hr>
          </gpxtpx:TrackPointExtension>
        </extensions>
      </trkpt>
      <trkpt lat="35.88567887142889" lon="115.1157372492788">
        <ele>105.4</ele>
        <time>2026-09-24T12:59:45Z</time>
        <extensions>
          <gpxtpx:TrackPointExtension>
            <gpxtpx:hr>171</gpxtpx:hr>
          </gpxtpx:TrackPointExtension>
        </extensions>
      </trkpt>
      <trkpt lat="35.88567290595569" lon="115.11577228398008">
        <ele>105.4</ele>
        <time>2026-09-24T12:59:46Z</time>
        <extensions>
          <gpxtpx:TrackPointExtension>
            <gpxtpx:hr>171</gpxtpx:hr>
          </gpxtpx:TrackPointExtension>
        </extensions>
      </trkpt>
      <trkpt lat="35.88566693958574" lon="115.11580631775975">
        <ele>105.4</ele>
        <time>2026-09-24T12:59:47Z</time>
        <extensions>
          <gpxtpx:TrackPointExtension>
            <gpxtpx:hr>171</gpxtpx:hr>
          </gpxtpx:TrackPointExtension>
        </extensions>
      </trkpt>
      <trkpt lat="35.88566096855141" lon="115.11583534670798">
        <ele>105.4</ele>
        <time>2026-09-24T12:59:48Z</time>
        <extensions>
          <gpxtpx:TrackPointExtension>
            <gpxtpx:hr>171</gpxtpx:hr>
          </gpxtpx:TrackPointExtension>
        </extensions>
      </trkpt>
      <trkpt lat="35.885655003199105" lon="115.11587038155875">
        <ele>105.4</ele>
        <time>2026-09-24T12:59:49Z</time>
        <extensions>
          <gpxtpx:TrackPointExtension>
            <gpxtpx:hr>171</gpxtpx:hr>
          </gpxtpx:TrackPointExtension>
        </extensions>
      </trkpt>
      <trkpt lat="35.88564803722877" lon="115.11590441559277">
        <ele>105.4</ele>
        <time>2026-09-24T12:59:50Z</time>
        <extensions>
          <gpxtpx:TrackPointExtension>
            <gpxtpx:hr>172</gpxtpx:hr>
          </gpxtpx:TrackPointExtension>
        </extensions>
      </trkpt>
      <trkpt lat="35.88564306601229" lon="115.11593344455554">
        <ele>105.4</ele>
        <time>2026-09-24T12:59:51Z</time>
        <extensions>
          <gpxtpx:TrackPointExtension>
            <gpxtpx:hr>172</gpxtpx:hr>
          </gpxtpx:TrackPointExtension>
        </extensions>
      </trkpt>
      <trkpt lat="35.8856371007807" lon="115.11596847955558">
        <ele>105.4</ele>
        <time>2026-09-24T12:59:52Z</time>
        <extensions>
          <gpxtpx:TrackPointExtension>
            <gpxtpx:hr>172</gpxtpx:hr>
          </gpxtpx:TrackPointExtension>
        </extensions>
      </trkpt>
      <trkpt lat="35.885631134645344" lon="115.11600251362532">
        <ele>105.4</ele>
        <time>2026-09-24T12:59:53Z</time>
        <extensions>
          <gpxtpx:TrackPointExtension>
            <gpxtpx:hr>172</gpxtpx:hr>
          </gpxtpx:TrackPointExtension>
        </extensions>
      </trkpt>
      <trkpt lat="35.885627163246546" lon="115.11603154260249">
        <ele>105.4</ele>
        <time>2026-09-24T12:59:54Z</time>
        <extensions>
          <gpxtpx:TrackPointExtension>
            <gpxtpx:hr>172</gpxtpx:hr>
          </gpxtpx:TrackPointExtension>
        </extensions>
      </trkpt>
      <trkpt lat="35.88562119813549" lon="115.11606657775157">
        <ele>105.4</ele>
        <time>2026-09-24T12:59:55Z</time>
        <extensions>
          <gpxtpx:TrackPointExtension>
            <gpxtpx:hr>173</gpxtpx:hr>
          </gpxtpx:TrackPointExtension>
        </extensions>
      </trkpt>
      <trkpt lat="35.885616230884686" lon="115.11609961086911">
        <ele>105.4</ele>
        <time>2026-09-24T12:59:56Z</time>
        <extensions>
          <gpxtpx:TrackPointExtension>
            <gpxtpx:hr>173</gpxtpx:hr>
          </gpxtpx:TrackPointExtension>
        </extensions>
      </trkpt>
      <trkpt lat="35.88561225863343" lon="115.11612763897944">
        <ele>105.4</ele>
        <time>2026-09-24T12:59:57Z</time>
        <extensions>
          <gpxtpx:TrackPointExtension>
            <gpxtpx:hr>173</gpxtpx:hr>
          </gpxtpx:TrackPointExtension>
        </extensions>
      </trkpt>
      <trkpt lat="35.885607293358014" lon="115.11616267416515">
        <ele>105.4</ele>
        <time>2026-09-24T12:59:58Z</time>
        <extensions>
          <gpxtpx:TrackPointExtension>
            <gpxtpx:hr>173</gpxtpx:hr>
          </gpxtpx:TrackPointExtension>
        </extensions>
      </trkpt>
      <trkpt lat="35.885602329079205" lon="115.116198710396">
        <ele>105.0</ele>
        <time>2026-09-24T12:59:59Z</time>
        <extensions>
          <gpxtpx:TrackPointExtension>
            <gpxtpx:hr>173</gpxtpx:hr>
          </gpxtpx:TrackPointExtension>
        </extensions>
      </trkpt>
      <trkpt lat="35.88559837124902" lon="115.11624175353">
        <ele>105.0</ele>
        <time>2026-09-24T13:00:00Z</time>
        <extensions>
          <gpxtpx:TrackPointExtension>
            <gpxtpx:hr>173</gpxtpx:hr>
          </gpxtpx:TrackPointExtension>
        </extensions>
      </trkpt>
      <trkpt lat="35.8855934185497" lon="115.11628980183256">
        <ele>105.4</ele>
        <time>2026-09-24T13:00:01Z</time>
        <extensions>
          <gpxtpx:TrackPointExtension>
            <gpxtpx:hr>173</gpxtpx:hr>
          </gpxtpx:TrackPointExtension>
        </extensions>
      </trkpt>
      <trkpt lat="35.88558946085644" lon="115.11633284513596">
        <ele>105.4</ele>
        <time>2026-09-24T13:00:02Z</time>
        <extensions>
          <gpxtpx:TrackPointExtension>
            <gpxtpx:hr>173</gpxtpx:hr>
          </gpxtpx:TrackPointExtension>
        </extensions>
      </trkpt>
      <trkpt lat="35.88558649910631" lon="115.11637188441173">
        <ele>105.4</ele>
        <time>2026-09-24T13:00:03Z</time>
        <extensions>
          <gpxtpx:TrackPointExtension>
            <gpxtpx:hr>173</gpxtpx:hr>
          </gpxtpx:TrackPointExtension>
        </extensions>
      </trkpt>
      <trkpt lat="35.88558352780011" lon="115.1164009137434">
        <ele>105.4</ele>
        <time>2026-09-24T13:00:04Z</time>
        <extensions>
          <gpxtpx:TrackPointExtension>
            <gpxtpx:hr>173</gpxtpx:hr>
          </gpxtpx:TrackPointExtension>
        </extensions>
      </trkpt>
      <trkpt lat="35.88558155143264" lon="115.11642493799266">
        <ele>105.6</ele>
        <time>2026-09-24T13:00:05Z</time>
        <extensions>
          <gpxtpx:TrackPointExtension>
            <gpxtpx:hr>173</gpxtpx:hr>
          </gpxtpx:TrackPointExtension>
        </extensions>
      </trkpt>
      <trkpt lat="35.88557857729246" lon="115.11645096438177">
        <ele>105.6</ele>
        <time>2026-09-24T13:00:06Z</time>
        <extensions>
          <gpxtpx:TrackPointExtension>
            <gpxtpx:hr>173</gpxtpx:hr>
          </gpxtpx:TrackPointExtension>
        </extensions>
      </trkpt>
      <trkpt lat="35.88557561088419" lon="115.11648499883383">
        <ele>105.6</ele>
        <time>2026-09-24T13:00:07Z</time>
        <extensions>
          <gpxtpx:TrackPointExtension>
            <gpxtpx:hr>173</gpxtpx:hr>
          </gpxtpx:TrackPointExtension>
        </extensions>
      </trkpt>
      <trkpt lat="35.88557264258658" lon="115.11651703132412">
        <ele>105.6</ele>
        <time>2026-09-24T13:00:08Z</time>
        <extensions>
          <gpxtpx:TrackPointExtension>
            <gpxtpx:hr>173</gpxtpx:hr>
          </gpxtpx:TrackPointExtension>
        </extensions>
      </trkpt>
      <trkpt lat="35.88557067114482" lon="115.11654606072817">
        <ele>105.6</ele>
        <time>2026-09-24T13:00:09Z</time>
        <extensions>
          <gpxtpx:TrackPointExtension>
            <gpxtpx:hr>173</gpxtpx:hr>
          </gpxtpx:TrackPointExtension>
        </extensions>
      </trkpt>
      <trkpt lat="35.88556870650091" lon="115.11658209722744">
        <ele>105.6</ele>
        <time>2026-09-24T13:00:10Z</time>
        <extensions>
          <gpxtpx:TrackPointExtension>
            <gpxtpx:hr>173</gpxtpx:hr>
          </gpxtpx:TrackPointExtension>
        </extensions>
      </trkpt>
      <trkpt lat="35.88556574121613" lon="115.11661713288163">
        <ele>105.6</ele>
        <time>2026-09-24T13:00:11Z</time>
        <extensions>
          <gpxtpx:TrackPointExtension>
            <gpxtpx:hr>173</gpxtpx:hr>
          </gpxtpx:TrackPointExtension>
        </extensions>
      </trkpt>
      <trkpt lat="35.88556277209629" lon="115.11664816454257">
        <ele>105.6</ele>
        <time>2026-09-24T13:00:12Z</time>
        <extensions>
          <gpxtpx:TrackPointExtension>
            <gpxtpx:hr>173</gpxtpx:hr>
          </gpxtpx:TrackPointExtension>
        </extensions>
      </trkpt>
      <trkpt lat="35.8855588091154" lon="115.11668520243136">
        <ele>105.6</ele>
        <time>2026-09-24T13:00:13Z</time>
        <extensions>
          <gpxtpx:TrackPointExtension>
            <gpxtpx:hr>173</gpxtpx:hr>
          </gpxtpx:TrackPointExtension>
        </extensions>
      </trkpt>
      <trkpt lat="35.88555584589983" lon="115.11672224026988">
        <ele>105.6</ele>
        <time>2026-09-24T13:00:14Z</time>
        <extensions>
          <gpxtpx:TrackPointExtension>
            <gpxtpx:hr>173</gpxtpx:hr>
          </gpxtpx:TrackPointExtension>
        </extensions>
      </trkpt>
      <trkpt lat="35.885552878839256" lon="115.11675527410281">
        <ele>105.7</ele>
        <time>2026-09-24T13:00:15Z</time>
        <extensions>
          <gpxtpx:TrackPointExtension>
            <gpxtpx:hr>174</gpxtpx:hr>
          </gpxtpx:TrackPointExtension>
        </extensions>
      </trkpt>
      <trkpt lat="35.88554991668804" lon="115.1167933130703">
        <ele>105.7</ele>
        <time>2026-09-24T13:00:16Z</time>
        <extensions>
          <gpxtpx:TrackPointExtension>
            <gpxtpx:hr>174</gpxtpx:hr>
          </gpxtpx:TrackPointExtension>
        </extensions>
      </trkpt>
      <trkpt lat="35.88554795235332" lon="115.11682934995218">
        <ele>105.7</ele>
        <time>2026-09-24T13:00:17Z</time>
        <extensions>
          <gpxtpx:TrackPointExtension>
            <gpxtpx:hr>174</gpxtpx:hr>
          </gpxtpx:TrackPointExtension>
        </extensions>
      </trkpt>
      <trkpt lat="35.88554598220283" lon="115.11685938076596">
        <ele>105.7</ele>
        <time>2026-09-24T13:00:18Z</time>
        <extensions>
          <gpxtpx:TrackPointExtension>
            <gpxtpx:hr>174</gpxtpx:hr>
          </gpxtpx:TrackPointExtension>
        </extensions>
      </trkpt>
      <trkpt lat="35.88554401403906" lon="115.116891413662">
        <ele>105.7</ele>
        <time>2026-09-24T13:00:19Z</time>
        <extensions>
          <gpxtpx:TrackPointExtension>
            <gpxtpx:hr>174</gpxtpx:hr>
          </gpxtpx:TrackPointExtension>
        </extensions>
      </trkpt>
      <trkpt lat="35.88554105108803" lon="115.11692845182787">
        <ele>105.7</ele>
        <time>2026-09-24T13:00:20Z</time>
        <extensions>
          <gpxtpx:TrackPointExtension>
            <gpxtpx:hr>174</gpxtpx:hr>
          </gpxtpx:TrackPointExtension>
        </extensions>
      </trkpt>
      <trkpt lat="35.8855390869218" lon="115.11696448891826">
        <ele>105.7</ele>
        <time>2026-09-24T13:00:21Z</time>
        <extensions>
          <gpxtpx:TrackPointExtension>
            <gpxtpx:hr>174</gpxtpx:hr>
          </gpxtpx:TrackPointExtension>
        </extensions>
      </trkpt>
      <trkpt lat="35.88553811662935" lon="115.11699451979652">
        <ele>105.7</ele>
        <time>2026-09-24T13:00:22Z</time>
        <extensions>
          <gpxtpx:TrackPointExtension>
            <gpxtpx:hr>174</gpxtpx:hr>
          </gpxtpx:TrackPointExtension>
        </extensions>
      </trkpt>
      <trkpt lat="35.88553714735046" lon="115.11702555174095">
        <ele>105.7</ele>
        <time>2026-09-24T13:00:23Z</time>
        <extensions>
          <gpxtpx:TrackPointExtension>
            <gpxtpx:hr>174</gpxtpx:hr>
          </gpxtpx:TrackPointExtension>
        </extensions>
      </trkpt>
      <trkpt lat="35.885535179370635" lon="115.11705758486463">
        <ele>105.7</ele>
        <time>2026-09-24T13:00:24Z</time>
        <extensions>
          <gpxtpx:TrackPointExtension>
            <gpxtpx:hr>174</gpxtpx:hr>
          </gpxtpx:TrackPointExtension>
        </extensions>
      </trkpt>
      <trkpt lat="35.88553321831959" lon="115.11709662524558">
        <ele>105.3</ele>
        <time>2026-09-24T13:00:25Z</time>
        <extensions>
          <gpxtpx:TrackPointExtension>
            <gpxtpx:hr>174</gpxtpx:hr>
          </gpxtpx:TrackPointExtension>
        </extensions>
      </trkpt>
      <trkpt lat="35.88553125436255" lon="115.11713266259486">
        <ele>105.3</ele>
        <time>2026-09-24T13:00:26Z</time>
        <extensions>
          <gpxtpx:TrackPointExtension>
            <gpxtpx:hr>174</gpxtpx:hr>
          </gpxtpx:TrackPointExtension>
        </extensions>
      </trkpt>
      <trkpt lat="35.885529287488296" lon="115.11716569689852">
        <ele>105.3</ele>
        <time>2026-09-24T13:00:27Z</time>
        <extensions>
          <gpxtpx:TrackPointExtension>
            <gpxtpx:hr>174</gpxtpx:hr>
          </gpxtpx:TrackPointExtension>
        </extensions>
      </trkpt>
      <trkpt lat="35.885527325594104" lon="115.11720373642427">
        <ele>105.3</ele>
        <time>2026-09-24T13:00:28Z</time>
        <extensions>
          <gpxtpx:TrackPointExtension>
            <gpxtpx:hr>174</gpxtpx:hr>
          </gpxtpx:TrackPointExtension>
        </extensions>
      </trkpt>
      <trkpt lat="35.88552436304217" lon="115.11724077508404">
        <ele>105.3</ele>
        <time>2026-09-24T13:00:29Z</time>
        <extensions>
          <gpxtpx:TrackPointExtension>
            <gpxtpx:hr>174</gpxtpx:hr>
          </gpxtpx:TrackPointExtension>
        </extensions>
      </trkpt>
      <trkpt lat="35.88552139657319" lon="115.11727380964906">
        <ele>105.3</ele>
        <time>2026-09-24T13:00:30Z</time>
        <extensions>
          <gpxtpx:TrackPointExtension>
            <gpxtpx:hr>175</gpxtpx:hr>
          </gpxtpx:TrackPointExtension>
        </extensions>
      </trkpt>
      <trkpt lat="35.88551843609515" lon="115.11731285049895">
        <ele>105.3</ele>
        <time>2026-09-24T13:00:31Z</time>
        <extensions>
          <gpxtpx:TrackPointExtension>
            <gpxtpx:hr>175</gpxtpx:hr>
          </gpxtpx:TrackPointExtension>
        </extensions>
      </trkpt>
      <trkpt lat="35.88551447396451" lon="115.11734988943986">
        <ele>105.3</ele>
        <time>2026-09-24T13:00:32Z</time>
        <extensions>
          <gpxtpx:TrackPointExtension>
            <gpxtpx:hr>175</gpxtpx:hr>
          </gpxtpx:TrackPointExtension>
        </extensions>
      </trkpt>
      <trkpt lat="35.88551150761942" lon="115.1173829241582">
        <ele>105.3</ele>
        <time>2026-09-24T13:00:33Z</time>
        <extensions>
          <gpxtpx:TrackPointExtension>
            <gpxtpx:hr>175</gpxtpx:hr>
          </gpxtpx:TrackPointExtension>
        </extensions>
      </trkpt>
      <trkpt lat="35.885506546856284" lon="115.11742096436305">
        <ele>105.3</ele>
        <time>2026-09-24T13:00:34Z</time>
        <extensions>
          <gpxtpx:TrackPointExtension>
            <gpxtpx:hr>175</gpxtpx:hr>
          </gpxtpx:TrackPointExtension>
        </extensions>
      </trkpt>
      <trkpt lat="35.88550058542779" lon="115.11745800369243">
        <ele>105.2</ele>
        <time>2026-09-24T13:00:35Z</time>
        <extensions>
          <gpxtpx:TrackPointExtension>
            <gpxtpx:hr>175</gpxtpx:hr>
          </gpxtpx:TrackPointExtension>
        </extensions>
      </trkpt>
      <trkpt lat="35.88549661749073" lon="115.1174890365768">
        <ele>105.2</ele>
        <time>2026-09-24T13:00:36Z</time>
        <extensions>
          <gpxtpx:TrackPointExtension>
            <gpxtpx:hr>175</gpxtpx:hr>
          </gpxtpx:TrackPointExtension>
        </extensions>
      </trkpt>
      <trkpt lat="35.88549065215034" lon="115.11752207181779">
        <ele>105.2</ele>
        <time>2026-09-24T13:00:37Z</time>
        <extensions>
          <gpxtpx:TrackPointExtension>
            <gpxtpx:hr>175</gpxtpx:hr>
          </gpxtpx:TrackPointExtension>
        </extensions>
      </trkpt>
      <trkpt lat="35.885485691568725" lon="115.1175601122472">
        <ele>105.2</ele>
        <time>2026-09-24T13:00:38Z</time>
        <extensions>
          <gpxtpx:TrackPointExtension>
            <gpxtpx:hr>175</gpxtpx:hr>
          </gpxtpx:TrackPointExtension>
        </extensions>
      </trkpt>
      <trkpt lat="35.88547972931482" lon="115.11759615074324">
        <ele>105.2</ele>
        <time>2026-09-24T13:00:39Z</time>
        <extensions>
          <gpxtpx:TrackPointExtension>
            <gpxtpx:hr>175</gpxtpx:hr>
          </gpxtpx:TrackPointExtension>
        </extensions>
      </trkpt>
      <trkpt lat="35.885475761524624" lon="115.11762718380929">
        <ele>105.2</ele>
        <time>2026-09-24T13:00:40Z</time>
        <extensions>
          <gpxtpx:TrackPointExtension>
            <gpxtpx:hr>176</gpxtpx:hr>
          </gpxtpx:TrackPointExtension>
        </extensions>
      </trkpt>
      <trkpt lat="35.88546980035781" lon="115.11766422346243">
        <ele>105.2</ele>
        <time>2026-09-24T13:00:41Z</time>
        <extensions>
          <gpxtpx:TrackPointExtension>
            <gpxtpx:hr>176</gpxtpx:hr>
          </gpxtpx:TrackPointExtension>
        </extensions>
      </trkpt>
      <trkpt lat="35.88546483694431" lon="115.11769926095178">
        <ele>105.2</ele>
        <time>2026-09-24T13:00:42Z</time>
        <extensions>
          <gpxtpx:TrackPointExtension>
            <gpxtpx:hr>176</gpxtpx:hr>
          </gpxtpx:TrackPointExtension>
        </extensions>
      </trkpt>
      <trkpt lat="35.88545986853923" lon="115.11772929320483">
        <ele>105.2</ele>
        <time>2026-09-24T13:00:43Z</time>
        <extensions>
          <gpxtpx:TrackPointExtension>
            <gpxtpx:hr>176</gpxtpx:hr>
          </gpxtpx:TrackPointExtension>
        </extensions>
      </trkpt>
      <trkpt lat="35.88545490621146" lon="115.11776533184961">
        <ele>105.2</ele>
        <time>2026-09-24T13:00:44Z</time>
        <extensions>
          <gpxtpx:TrackPointExtension>
            <gpxtpx:hr>176</gpxtpx:hr>
          </gpxtpx:TrackPointExtension>
        </extensions>
      </trkpt>
      <trkpt lat="35.88544894320131" lon="115.11780036959784">
        <ele>105.5</ele>
        <time>2026-09-24T13:00:45Z</time>
        <extensions>
          <gpxtpx:TrackPointExtension>
            <gpxtpx:hr>176</gpxtpx:hr>
          </gpxtpx:TrackPointExtension>
        </extensions>
      </trkpt>
      <trkpt lat="35.88544397894047" lon="115.11783440622673">
        <ele>105.5</ele>
        <time>2026-09-24T13:00:46Z</time>
        <extensions>
          <gpxtpx:TrackPointExtension>
            <gpxtpx:hr>176</gpxtpx:hr>
          </gpxtpx:TrackPointExtension>
        </extensions>
      </trkpt>
      <trkpt lat="35.88543801297883" lon="115.11786644088691">
        <ele>105.5</ele>
        <time>2026-09-24T13:00:47Z</time>
        <extensions>
          <gpxtpx:TrackPointExtension>
            <gpxtpx:hr>176</gpxtpx:hr>
          </gpxtpx:TrackPointExtension>
        </extensions>
      </trkpt>
      <trkpt lat="35.88543303968389" lon="115.11789146802938">
        <ele>105.5</ele>
        <time>2026-09-24T13:00:48Z</time>
        <extensions>
          <gpxtpx:TrackPointExtension>
            <gpxtpx:hr>176</gpxtpx:hr>
          </gpxtpx:TrackPointExtension>
        </extensions>
      </trkpt>
      <trkpt lat="35.88542806641029" lon="115.11791649519829">
        <ele>105.5</ele>
        <time>2026-09-24T13:00:49Z</time>
        <extensions>
          <gpxtpx:TrackPointExtension>
            <gpxtpx:hr>176</gpxtpx:hr>
          </gpxtpx:TrackPointExtension>
        </extensions>
      </trkpt>
      <trkpt lat="35.88542309315803" lon="115.11794152239355">
        <ele>105.5</ele>
        <time>2026-09-24T13:00:50Z</time>
        <extensions>
          <gpxtpx:TrackPointExtension>
            <gpxtpx:hr>177</gpxtpx:hr>
          </gpxtpx:TrackPointExtension>
        </extensions>
      </trkpt>
      <trkpt lat="35.885417124268606" lon="115.11797055399497">
        <ele>105.5</ele>
        <time>2026-09-24T13:00:51Z</time>
        <extensions>
          <gpxtpx:TrackPointExtension>
            <gpxtpx:hr>177</gpxtpx:hr>
          </gpxtpx:TrackPointExtension>
        </extensions>
      </trkpt>
      <trkpt lat="35.885411156423736" lon="115.11800058670083">
        <ele>105.5</ele>
        <time>2026-09-24T13:00:52Z</time>
        <extensions>
          <gpxtpx:TrackPointExtension>
            <gpxtpx:hr>177</gpxtpx:hr>
          </gpxtpx:TrackPointExtension>
        </extensions>
      </trkpt>
      <trkpt lat="35.88540518454224" lon="115.11802661516394">
        <ele>105.5</ele>
        <time>2026-09-24T13:00:53Z</time>
        <extensions>
          <gpxtpx:TrackPointExtension>
            <gpxtpx:hr>177</gpxtpx:hr>
          </gpxtpx:TrackPointExtension>
        </extensions>
      </trkpt>
      <trkpt lat="35.88539722240875" lon="115.11806165351629">
        <ele>105.5</ele>
        <time>2026-09-24T13:00:54Z</time>
        <extensions>
          <gpxtpx:TrackPointExtension>
            <gpxtpx:hr>177</gpxtpx:hr>
          </gpxtpx:TrackPointExtension>
        </extensions>
      </trkpt>
      <trkpt lat="35.88538326506897" lon="115.11809969579451">
        <ele>105.4</ele>
        <time>2026-09-24T13:00:55Z</time>
        <extensions>
          <gpxtpx:TrackPointExtension>
            <gpxtpx:hr>177</gpxtpx:hr>
          </gpxtpx:TrackPointExtension>
        </extensions>
      </trkpt>
      <trkpt lat="35.88536930471698" lon="115.11813473490942">
        <ele>105.4</ele>
        <time>2026-09-24T13:00:56Z</time>
        <extensions>
          <gpxtpx:TrackPointExtension>
            <gpxtpx:hr>177</gpxtpx:hr>
          </gpxtpx:TrackPointExtension>
        </extensions>
      </trkpt>
      <trkpt lat="35.88535934123392" lon="115.1181677714871">
        <ele>105.4</ele>
        <time>2026-09-24T13:00:57Z</time>
        <extensions>
          <gpxtpx:TrackPointExtension>
            <gpxtpx:hr>177</gpxtpx:hr>
          </gpxtpx:TrackPointExtension>
        </extensions>
      </trkpt>
      <trkpt lat="35.885352378986084" lon="115.11820280993803">
        <ele>105.4</ele>
        <time>2026-09-24T13:00:58Z</time>
        <extensions>
          <gpxtpx:TrackPointExtension>
            <gpxtpx:hr>177</gpxtpx:hr>
          </gpxtpx:TrackPointExtension>
        </extensions>
      </trkpt>
      <trkpt lat="35.88534642264167" lon="115.11824385480587">
        <ele>105.0</ele>
        <time>2026-09-24T13:00:59Z</time>
        <extensions>
          <gpxtpx:TrackPointExtension>
            <gpxtpx:hr>177</gpxtpx:hr>
          </gpxtpx:TrackPointExtension>
        </extensions>
      </trkpt>
      <trkpt lat="35.885341464020904" lon="115.11828289747338">
        <ele>105.0</ele>
        <time>2026-09-24T13:01:00Z</time>
        <extensions>
          <gpxtpx:TrackPointExtension>
            <gpxtpx:hr>176</gpxtpx:hr>
          </gpxtpx:TrackPointExtension>
        </extensions>
      </trkpt>
      <trkpt lat="35.88533650031827" lon="115.11831693479277">
        <ele>105.4</ele>
        <time>2026-09-24T13:01:01Z</time>
        <extensions>
          <gpxtpx:TrackPointExtension>
            <gpxtpx:hr>176</gpxtpx:hr>
          </gpxtpx:TrackPointExtension>
        </extensions>
      </trkpt>
      <trkpt lat="35.88533253740019" lon="115.11835197313526">
        <ele>105.4</ele>
        <time>2026-09-24T13:01:02Z</time>
        <extensions>
          <gpxtpx:TrackPointExtension>
            <gpxtpx:hr>176</gpxtpx:hr>
          </gpxtpx:TrackPointExtension>
        </extensions>
      </trkpt>
      <trkpt lat="35.88533156853182" lon="115.11838200577604">
        <ele>105.4</ele>
        <time>2026-09-24T13:01:03Z</time>
        <extensions>
          <gpxtpx:TrackPointExtension>
            <gpxtpx:hr>176</gpxtpx:hr>
          </gpxtpx:TrackPointExtension>
        </extensions>
      </trkpt>
      <trkpt lat="35.88533558386745" lon="115.11839802270505">
        <ele>105.4</ele>
        <time>2026-09-24T13:01:04Z</time>
        <extensions>
          <gpxtpx:TrackPointExtension>
            <gpxtpx:hr>176</gpxtpx:hr>
          </gpxtpx:TrackPointExtension>
        </extensions>
      </trkpt>
      <trkpt lat="35.88534758665505" lon="115.11840402791005">
        <ele>105.6</ele>
        <time>2026-09-24T13:01:05Z</time>
        <extensions>
          <gpxtpx:TrackPointExtension>
            <gpxtpx:hr>177</gpxtpx:hr>
          </gpxtpx:TrackPointExtension>
        </extensions>
      </trkpt>
      <trkpt lat="35.88536657202443" lon="115.1183950160643">
        <ele>105.6</ele>
        <time>2026-09-24T13:01:06Z</time>
        <extensions>
          <gpxtpx:TrackPointExtension>
            <gpxtpx:hr>177</gpxtpx:hr>
          </gpxtpx:TrackPointExtension>
        </extensions>
      </trkpt>
      <trkpt lat="35.88538754551558" lon="115.11837499206912">
        <ele>105.6</ele>
        <time>2026-09-24T13:01:07Z</time>
        <extensions>
          <gpxtpx:TrackPointExtension>
            <gpxtpx:hr>177</gpxtpx:hr>
          </gpxtpx:TrackPointExtension>
        </extensions>
      </trkpt>
      <trkpt lat="35.88540550753537" lon="115.11834295541458">
        <ele>105.6</ele>
        <time>2026-09-24T13:01:08Z</time>
        <extensions>
          <gpxtpx:TrackPointExtension>
            <gpxtpx:hr>177</gpxtpx:hr>
          </gpxtpx:TrackPointExtension>
        </extensions>
      </trkpt>
      <trkpt lat="35.88541846587032" lon="115.11830591393911">
        <ele>105.6</ele>
        <time>2026-09-24T13:01:09Z</time>
        <extensions>
          <gpxtpx:TrackPointExtension>
            <gpxtpx:hr>177</gpxtpx:hr>
          </gpxtpx:TrackPointExtension>
        </extensions>
      </trkpt>
      <trkpt lat="35.88542642566368" lon="115.11826887306688">
        <ele>105.6</ele>
        <time>2026-09-24T13:01:10Z</time>
        <extensions>
          <gpxtpx:TrackPointExtension>
            <gpxtpx:hr>177</gpxtpx:hr>
          </gpxtpx:TrackPointExtension>
        </extensions>
      </trkpt>
      <trkpt lat="35.88543137918536" lon="115.1182248250296">
        <ele>105.6</ele>
        <time>2026-09-24T13:01:11Z</time>
        <extensions>
          <gpxtpx:TrackPointExtension>
            <gpxtpx:hr>177</gpxtpx:hr>
          </gpxtpx:TrackPointExtension>
        </extensions>
      </trkpt>
      <trkpt lat="35.88543333566396" lon="115.11818277955442">
        <ele>105.6</ele>
        <time>2026-09-24T13:01:12Z</time>
        <extensions>
          <gpxtpx:TrackPointExtension>
            <gpxtpx:hr>177</gpxtpx:hr>
          </gpxtpx:TrackPointExtension>
        </extensions>
      </trkpt>
      <trkpt lat="35.88543429656768" lon="115.11814473856249">
        <ele>105.6</ele>
        <time>2026-09-24T13:01:13Z</time>
        <extensions>
          <gpxtpx:TrackPointExtension>
            <gpxtpx:hr>177</gpxtpx:hr>
          </gpxtpx:TrackPointExtension>
        </extensions>
      </trkpt>
      <trkpt lat="35.88543525548159" lon="115.11810469548449">
        <ele>105.6</ele>
        <time>2026-09-24T13:01:14Z</time>
        <extensions>
          <gpxtpx:TrackPointExtension>
            <gpxtpx:hr>177</gpxtpx:hr>
          </gpxtpx:TrackPointExtension>
        </extensions>
      </trkpt>
      <trkpt lat="35.88543721722187" lon="115.11806765557998">
        <ele>105.6</ele>
        <time>2026-09-24T13:01:15Z</time>
        <extensions>
          <gpxtpx:TrackPointExtension>
            <gpxtpx:hr>177</gpxtpx:hr>
          </gpxtpx:TrackPointExtension>
        </extensions>
      </trkpt>
      <trkpt lat="35.885440183811276" lon="115.11803562097582">
        <ele>105.6</ele>
        <time>2026-09-24T13:01:16Z</time>
        <extensions>
          <gpxtpx:TrackPointExtension>
            <gpxtpx:hr>177</gpxtpx:hr>
          </gpxtpx:TrackPointExtension>
        </extensions>
      </trkpt>
      <trkpt lat="35.88544415116918" lon="115.11800458737478">
        <ele>105.6</ele>
        <time>2026-09-24T13:01:17Z</time>
        <extensions>
          <gpxtpx:TrackPointExtension>
            <gpxtpx:hr>177</gpxtpx:hr>
          </gpxtpx:TrackPointExtension>
        </extensions>
      </trkpt>
      <trkpt lat="35.8854501159653" lon="115.11797155146034">
        <ele>105.6</ele>
        <time>2026-09-24T13:01:18Z</time>
        <extensions>
          <gpxtpx:TrackPointExtension>
            <gpxtpx:hr>177</gpxtpx:hr>
          </gpxtpx:TrackPointExtension>
        </extensions>
      </trkpt>
      <trkpt lat="35.885456080798555" lon="115.11793851559185">
        <ele>105.6</ele>
        <time>2026-09-24T13:01:19Z</time>
        <extensions>
          <gpxtpx:TrackPointExtension>
            <gpxtpx:hr>177</gpxtpx:hr>
          </gpxtpx:TrackPointExtension>
        </extensions>
      </trkpt>
      <trkpt lat="35.88546105000213" lon="115.11790948413875">
        <ele>105.6</ele>
        <time>2026-09-24T13:01:20Z</time>
        <extensions>
          <gpxtpx:TrackPointExtension>
            <gpxtpx:hr>177</gpxtpx:hr>
          </gpxtpx:TrackPointExtension>
        </extensions>
      </trkpt>
      <trkpt lat="35.88546701490522" lon="115.11787644835664">
        <ele>105.6</ele>
        <time>2026-09-24T13:01:21Z</time>
        <extensions>
          <gpxtpx:TrackPointExtension>
            <gpxtpx:hr>177</gpxtpx:hr>
          </gpxtpx:TrackPointExtension>
        </extensions>
      </trkpt>
      <trkpt lat="35.88547298085604" lon="115.11784441368293">
        <ele>105.6</ele>
        <time>2026-09-24T13:01:22Z</time>
        <extensions>
          <gpxtpx:TrackPointExtension>
            <gpxtpx:hr>177</gpxtpx:hr>
          </gpxtpx:TrackPointExtension>
        </extensions>
      </trkpt>
      <trkpt lat="35.885476952454255" lon="115.11781738457664">
        <ele>105.6</ele>
        <time>2026-09-24T13:01:23Z</time>
        <extensions>
          <gpxtpx:TrackPointExtension>
            <gpxtpx:hr>177</gpxtpx:hr>
          </gpxtpx:TrackPointExtension>
        </extensions>
      </trkpt>
      <trkpt lat="35.88548291846962" lon="115.11778534998275">
        <ele>105.6</ele>
        <time>2026-09-24T13:01:24Z</time>
        <extensions>
          <gpxtpx:TrackPointExtension>
            <gpxtpx:hr>177</gpxtpx:hr>
          </gpxtpx:TrackPointExtension>
        </extensions>
      </trkpt>
      <trkpt lat="35.88548988323026" lon="115.11775231426452">
        <ele>105.9</ele>
        <time>2026-09-24T13:01:25Z</time>
        <extensions>
          <gpxtpx:TrackPointExtension>
            <gpxtpx:hr>177</gpxtpx:hr>
          </gpxtpx:TrackPointExtension>
        </extensions>
      </trkpt>
      <trkpt lat="35.88549485161182" lon="115.11772228198224">
        <ele>105.9</ele>
        <time>2026-09-24T13:01:26Z</time>
        <extensions>
          <gpxtpx:TrackPointExtension>
            <gpxtpx:hr>177</gpxtpx:hr>
          </gpxtpx:TrackPointExtension>
        </extensions>
      </trkpt>
      <trkpt lat="35.88549981399269" lon="115.11768624340301">
        <ele>105.9</ele>
        <time>2026-09-24T13:01:27Z</time>
        <extensions>
          <gpxtpx:TrackPointExtension>
            <gpxtpx:hr>177</gpxtpx:hr>
          </gpxtpx:TrackPointExtension>
        </extensions>
      </trkpt>
      <trkpt lat="35.88550477641795" lon="115.1176502048787">
        <ele>105.9</ele>
        <time>2026-09-24T13:01:28Z</time>
        <extensions>
          <gpxtpx:TrackPointExtension>
            <gpxtpx:hr>177</gpxtpx:hr>
          </gpxtpx:TrackPointExtension>
        </extensions>
      </trkpt>
      <trkpt lat="35.885507742460476" lon="115.11761716978587">
        <ele>105.9</ele>
        <time>2026-09-24T13:01:29Z</time>
        <extensions>
          <gpxtpx:TrackPointExtension>
            <gpxtpx:hr>177</gpxtpx:hr>
          </gpxtpx:TrackPointExtension>
        </extensions>
      </trkpt>
      <trkpt lat="35.88551070353249" lon="115.1175791294828">
        <ele>105.9</ele>
        <time>2026-09-24T13:01:30Z</time>
        <extensions>
          <gpxtpx:TrackPointExtension>
            <gpxtpx:hr>177</gpxtpx:hr>
          </gpxtpx:TrackPointExtension>
        </extensions>
      </trkpt>
      <trkpt lat="35.88551066350071" lon="115.1175390874695">
        <ele>105.9</ele>
        <time>2026-09-24T13:01:31Z</time>
        <extensions>
          <gpxtpx:TrackPointExtension>
            <gpxtpx:hr>177</gpxtpx:hr>
          </gpxtpx:TrackPointExtension>
        </extensions>
      </trkpt>
      <trkpt lat="35.88550962280744" lon="115.11749804458555">
        <ele>105.9</ele>
        <time>2026-09-24T13:01:32Z</time>
        <extensions>
          <gpxtpx:TrackPointExtension>
            <gpxtpx:hr>177</gpxtpx:hr>
          </gpxtpx:TrackPointExtension>
        </extensions>
      </trkpt>
      <trkpt lat="35.88551258203993" lon="115.1174580023824">
        <ele>105.9</ele>
        <time>2026-09-24T13:01:33Z</time>
        <extensions>
          <gpxtpx:TrackPointExtension>
            <gpxtpx:hr>177</gpxtpx:hr>
          </gpxtpx:TrackPointExtension>
        </extensions>
      </trkpt>
      <trkpt lat="35.88551854745297" lon="115.11742496723122">
        <ele>105.9</ele>
        <time>2026-09-24T13:01:34Z</time>
        <extensions>
          <gpxtpx:TrackPointExtension>
            <gpxtpx:hr>177</gpxtpx:hr>
          </gpxtpx:TrackPointExtension>
        </extensions>
      </trkpt>
      <trkpt lat="35.88552651731457" lon="115.11739693712471">
        <ele>105.3</ele>
        <time>2026-09-24T13:01:35Z</time>
        <extensions>
          <gpxtpx:TrackPointExtension>
            <gpxtpx:hr>177</gpxtpx:hr>
          </gpxtpx:TrackPointExtension>
        </extensions>
      </trkpt>
      <trkpt lat="35.885536480673586" lon="115.11736290058046">
        <ele>105.3</ele>
        <time>2026-09-24T13:01:36Z</time>
        <extensions>
          <gpxtpx:TrackPointExtension>
            <gpxtpx:hr>177</gpxtpx:hr>
          </gpxtpx:TrackPointExtension>
        </extensions>
      </trkpt>
      <trkpt lat="35.88554844052935" lon="115.11732586074568">
        <ele>105.3</ele>
        <time>2026-09-24T13:01:37Z</time>
        <extensions>
          <gpxtpx:TrackPointExtension>
            <gpxtpx:hr>177</gpxtpx:hr>
          </gpxtpx:TrackPointExtension>
        </extensions>
      </trkpt>
      <trkpt lat="35.88555939972313" lon="115.11728782003955">
        <ele>105.3</ele>
        <time>2026-09-24T13:01:38Z</time>
        <extensions>
          <gpxtpx:TrackPointExtension>
            <gpxtpx:hr>177</gpxtpx:hr>
          </gpxtpx:TrackPointExtension>
        </extensions>
      </trkpt>
      <trkpt lat="35.88556536037814" lon="115.11724977994086">
        <ele>105.3</ele>
        <time>2026-09-24T13:01:39Z</time>
        <extensions>
          <gpxtpx:TrackPointExtension>
            <gpxtpx:hr>177</gpxtpx:hr>
          </gpxtpx:TrackPointExtension>
        </extensions>
      </trkpt>
      <trkpt lat="35.88556932955948" lon="115.11721974840796">
        <ele>105.3</ele>
        <time>2026-09-24T13:01:40Z</time>
        <extensions>
          <gpxtpx:TrackPointExtension>
            <gpxtpx:hr>178</gpxtpx:hr>
          </gpxtpx:TrackPointExtension>
        </extensions>
      </trkpt>
      <trkpt lat="35.885572301030415" lon="115.11719171909196">
        <ele>105.3</ele>
        <time>2026-09-24T13:01:41Z</time>
        <extensions>
          <gpxtpx:TrackPointExtension>
            <gpxtpx:hr>178</gpxtpx:hr>
          </gpxtpx:TrackPointExtension>
        </extensions>
      </trkpt>
      <trkpt lat="35.88557626632355" lon="115.1171576835">
        <ele>105.3</ele>
        <time>2026-09-24T13:01:42Z</time>
        <extensions>
          <gpxtpx:TrackPointExtension>
            <gpxtpx:hr>178</gpxtpx:hr>
          </gpxtpx:TrackPointExtension>
        </extensions>
      </trkpt>
      <trkpt lat="35.88558023165659" lon="115.11712364795741">
        <ele>105.3</ele>
        <time>2026-09-24T13:01:43Z</time>
        <extensions>
          <gpxtpx:TrackPointExtension>
            <gpxtpx:hr>178</gpxtpx:hr>
          </gpxtpx:TrackPointExtension>
        </extensions>
      </trkpt>
      <trkpt lat="35.8855832022355" lon="115.11709461772567">
        <ele>105.3</ele>
        <time>2026-09-24T13:01:44Z</time>
        <extensions>
          <gpxtpx:TrackPointExtension>
            <gpxtpx:hr>178</gpxtpx:hr>
          </gpxtpx:TrackPointExtension>
        </extensions>
      </trkpt>
      <trkpt lat="35.88558616595761" lon="115.1170585803257">
        <ele>105.4</ele>
        <time>2026-09-24T13:01:45Z</time>
        <extensions>
          <gpxtpx:TrackPointExtension>
            <gpxtpx:hr>178</gpxtpx:hr>
          </gpxtpx:TrackPointExtension>
        </extensions>
      </trkpt>
      <trkpt lat="35.88559013140699" lon="115.11702454492708">
        <ele>105.4</ele>
        <time>2026-09-24T13:01:46Z</time>
        <extensions>
          <gpxtpx:TrackPointExtension>
            <gpxtpx:hr>178</gpxtpx:hr>
          </gpxtpx:TrackPointExtension>
        </extensions>
      </trkpt>
      <trkpt lat="35.88559210138607" lon="115.11699451390106">
        <ele>105.4</ele>
        <time>2026-09-24T13:01:47Z</time>
        <extensions>
          <gpxtpx:TrackPointExtension>
            <gpxtpx:hr>178</gpxtpx:hr>
          </gpxtpx:TrackPointExtension>
        </extensions>
      </trkpt>
      <trkpt lat="35.885596063970354" lon="115.11695747552132">
        <ele>105.4</ele>
        <time>2026-09-24T13:01:48Z</time>
        <extensions>
          <gpxtpx:TrackPointExtension>
            <gpxtpx:hr>178</gpxtpx:hr>
          </gpxtpx:TrackPointExtension>
        </extensions>
      </trkpt>
      <trkpt lat="35.88559902982087" lon="115.11692344037893">
        <ele>105.4</ele>
        <time>2026-09-24T13:01:49Z</time>
        <extensions>
          <gpxtpx:TrackPointExtension>
            <gpxtpx:hr>178</gpxtpx:hr>
          </gpxtpx:TrackPointExtension>
        </extensions>
      </trkpt>
      <trkpt lat="35.885601001860664" lon="115.11689541152676">
        <ele>105.4</ele>
        <time>2026-09-24T13:01:50Z</time>
        <extensions>
          <gpxtpx:TrackPointExtension>
            <gpxtpx:hr>177</gpxtpx:hr>
          </gpxtpx:TrackPointExtension>
        </extensions>
      </trkpt>
      <trkpt lat="35.8856029709969" lon="115.11686437964586">
        <ele>105.4</ele>
        <time>2026-09-24T13:01:51Z</time>
        <extensions>
          <gpxtpx:TrackPointExtension>
            <gpxtpx:hr>177</gpxtpx:hr>
          </gpxtpx:TrackPointExtension>
        </extensions>
      </trkpt>
      <trkpt lat="35.885605935005735" lon="115.11682834260071">
        <ele>105.4</ele>
        <time>2026-09-24T13:01:52Z</time>
        <extensions>
          <gpxtpx:TrackPointExtension>
            <gpxtpx:hr>177</gpxtpx:hr>
          </gpxtpx:TrackPointExtension>
        </extensions>
      </trkpt>
      <trkpt lat="35.88560890003391" lon="115.11679330662882">
        <ele>105.4</ele>
        <time>2026-09-24T13:01:53Z</time>
        <extensions>
          <gpxtpx:TrackPointExtension>
            <gpxtpx:hr>177</gpxtpx:hr>
          </gpxtpx:TrackPointExtension>
        </extensions>
      </trkpt>
      <trkpt lat="35.885611865104615" lon="115.11675827070957">
        <ele>105.4</ele>
        <time>2026-09-24T13:01:54Z</time>
        <extensions>
          <gpxtpx:TrackPointExtension>
            <gpxtpx:hr>177</gpxtpx:hr>
          </gpxtpx:TrackPointExtension>
        </extensions>
      </trkpt>
      <trkpt lat="35.88561483216186" lon="115.11672523687234">
        <ele>105.2</ele>
        <time>2026-09-24T13:01:55Z</time>
        <extensions>
          <gpxtpx:TrackPointExtension>
            <gpxtpx:hr>177</gpxtpx:hr>
          </gpxtpx:TrackPointExtension>
        </extensions>
      </trkpt>
      <trkpt lat="35.885617804111824" lon="115.11669720814906">
        <ele>105.2</ele>
        <time>2026-09-24T13:01:56Z</time>
        <extensions>
          <gpxtpx:TrackPointExtension>
            <gpxtpx:hr>177</gpxtpx:hr>
          </gpxtpx:TrackPointExtension>
        </extensions>
      </trkpt>
      <trkpt lat="35.885620769299294" lon="115.11666217237429">
        <ele>105.2</ele>
        <time>2026-09-24T13:01:57Z</time>
        <extensions>
          <gpxtpx:TrackPointExtension>
            <gpxtpx:hr>177</gpxtpx:hr>
          </gpxtpx:TrackPointExtension>
        </extensions>
      </trkpt>
      <trkpt lat="35.88562473715315" lon="115.1166301395748">
        <ele>105.2</ele>
        <time>2026-09-24T13:01:58Z</time>
        <extensions>
          <gpxtpx:TrackPointExtension>
            <gpxtpx:hr>177</gpxtpx:hr>
          </gpxtpx:TrackPointExtension>
        </extensions>
      </trkpt>
      <trkpt lat="35.885627709195646" lon="115.116602110966">
        <ele>105.0</ele>
        <time>2026-09-24T13:01:59Z</time>
        <extensions>
          <gpxtpx:TrackPointExtension>
            <gpxtpx:hr>177</gpxtpx:hr>
          </gpxtpx:TrackPointExtension>
        </extensions>
      </trkpt>
      <trkpt lat="35.88563167518315" lon="115.11656807623318">
        <ele>105.0</ele>
        <time>2026-09-24T13:02:00Z</time>
        <extensions>
          <gpxtpx:TrackPointExtension>
            <gpxtpx:hr>177</gpxtpx:hr>
          </gpxtpx:TrackPointExtension>
        </extensions>
      </trkpt>
      <trkpt lat="35.885635644107225" lon="115.1165370445699">
        <ele>105.2</ele>
        <time>2026-09-24T13:02:01Z</time>
        <extensions>
          <gpxtpx:TrackPointExtension>
            <gpxtpx:hr>177</gpxtpx:hr>
          </gpxtpx:TrackPointExtension>
        </extensions>
      </trkpt>
      <trkpt lat="35.8856406166405" lon="115.11651001686043">
        <ele>105.2</ele>
        <time>2026-09-24T13:02:02Z</time>
        <extensions>
          <gpxtpx:TrackPointExtension>
            <gpxtpx:hr>177</gpxtpx:hr>
          </gpxtpx:TrackPointExtension>
        </extensions>
      </trkpt>
      <trkpt lat="35.885645583418174" lon="115.11647698315731">
        <ele>105.2</ele>
        <time>2026-09-24T13:02:03Z</time>
        <extensions>
          <gpxtpx:TrackPointExtension>
            <gpxtpx:hr>177</gpxtpx:hr>
          </gpxtpx:TrackPointExtension>
        </extensions>
      </trkpt>
      <trkpt lat="35.88565055312074" lon="115.11644695250929">
        <ele>105.2</ele>
        <time>2026-09-24T13:02:04Z</time>
        <extensions>
          <gpxtpx:TrackPointExtension>
            <gpxtpx:hr>177</gpxtpx:hr>
          </gpxtpx:TrackPointExtension>
        </extensions>
      </trkpt>
      <trkpt lat="35.88565552670024" lon="115.1164209259063">
        <ele>105.5</ele>
        <time>2026-09-24T13:02:05Z</time>
        <extensions>
          <gpxtpx:TrackPointExtension>
            <gpxtpx:hr>177</gpxtpx:hr>
          </gpxtpx:TrackPointExtension>
        </extensions>
      </trkpt>
      <trkpt lat="35.88566149521887" lon="115.11638989422131">
        <ele>105.5</ele>
        <time>2026-09-24T13:02:06Z</time>
        <extensions>
          <gpxtpx:TrackPointExtension>
            <gpxtpx:hr>177</gpxtpx:hr>
          </gpxtpx:TrackPointExtension>
        </extensions>
      </trkpt>
      <trkpt lat="35.88566746473039" lon="115.11635986357683">
        <ele>105.5</ele>
        <time>2026-09-24T13:02:07Z</time>
        <extensions>
          <gpxtpx:TrackPointExtension>
            <gpxtpx:hr>177</gpxtpx:hr>
          </gpxtpx:TrackPointExtension>
        </extensions>
      </trkpt>
      <trkpt lat="35.88567443878293" lon="115.11633483785111">
        <ele>105.5</ele>
        <time>2026-09-24T13:02:08Z</time>
        <extensions>
          <gpxtpx:TrackPointExtension>
            <gpxtpx:hr>177</gpxtpx:hr>
          </gpxtpx:TrackPointExtension>
        </extensions>
      </trkpt>
      <trkpt lat="35.885687402547426" lon="115.11630080252756">
        <ele>105.5</ele>
        <time>2026-09-24T13:02:09Z</time>
        <extensions>
          <gpxtpx:TrackPointExtension>
            <gpxtpx:hr>177</gpxtpx:hr>
          </gpxtpx:TrackPointExtension>
        </extensions>
      </trkpt>
      <trkpt lat="35.885700366352445" lon="115.11626676725402">
        <ele>105.5</ele>
        <time>2026-09-24T13:02:10Z</time>
        <extensions>
          <gpxtpx:TrackPointExtension>
            <gpxtpx:hr>177</gpxtpx:hr>
          </gpxtpx:TrackPointExtension>
        </extensions>
      </trkpt>
      <trkpt lat="35.88570933514655" lon="115.1162367364416">
        <ele>105.5</ele>
        <time>2026-09-24T13:02:11Z</time>
        <extensions>
          <gpxtpx:TrackPointExtension>
            <gpxtpx:hr>177</gpxtpx:hr>
          </gpxtpx:TrackPointExtension>
        </extensions>
      </trkpt>
      <trkpt lat="35.88571530100318" lon="115.11620270202657">
        <ele>105.5</ele>
        <time>2026-09-24T13:02:12Z</time>
        <extensions>
          <gpxtpx:TrackPointExtension>
            <gpxtpx:hr>177</gpxtpx:hr>
          </gpxtpx:TrackPointExtension>
        </extensions>
      </trkpt>
      <trkpt lat="35.88571926841735" lon="115.11616966887074">
        <ele>105.5</ele>
        <time>2026-09-24T13:02:13Z</time>
        <extensions>
          <gpxtpx:TrackPointExtension>
            <gpxtpx:hr>177</gpxtpx:hr>
          </gpxtpx:TrackPointExtension>
        </extensions>
      </trkpt>
      <trkpt lat="35.88572223995817" lon="115.11614063982903">
        <ele>105.5</ele>
        <time>2026-09-24T13:02:14Z</time>
        <extensions>
          <gpxtpx:TrackPointExtension>
            <gpxtpx:hr>177</gpxtpx:hr>
          </gpxtpx:TrackPointExtension>
        </extensions>
      </trkpt>
      <trkpt lat="35.88572620744404" lon="115.11610760676191">
        <ele>105.2</ele>
        <time>2026-09-24T13:02:15Z</time>
        <extensions>
          <gpxtpx:TrackPointExtension>
            <gpxtpx:hr>178</gpxtpx:hr>
          </gpxtpx:TrackPointExtension>
        </extensions>
      </trkpt>
      <trkpt lat="35.88572917619964" lon="115.11607557483792">
        <ele>105.2</ele>
        <time>2026-09-24T13:02:16Z</time>
        <extensions>
          <gpxtpx:TrackPointExtension>
            <gpxtpx:hr>178</gpxtpx:hr>
          </gpxtpx:TrackPointExtension>
        </extensions>
      </trkpt>
      <trkpt lat="35.885732144042954" lon="115.11604254197309">
        <ele>105.2</ele>
        <time>2026-09-24T13:02:17Z</time>
        <extensions>
          <gpxtpx:TrackPointExtension>
            <gpxtpx:hr>178</gpxtpx:hr>
          </gpxtpx:TrackPointExtension>
        </extensions>
      </trkpt>
      <trkpt lat="35.885734113153724" lon="115.1160105102486">
        <ele>105.2</ele>
        <time>2026-09-24T13:02:18Z</time>
        <extensions>
          <gpxtpx:TrackPointExtension>
            <gpxtpx:hr>178</gpxtpx:hr>
          </gpxtpx:TrackPointExtension>
        </extensions>
      </trkpt>
      <trkpt lat="35.885735084474646" lon="115.11598048064285">
        <ele>105.2</ele>
        <time>2026-09-24T13:02:19Z</time>
        <extensions>
          <gpxtpx:TrackPointExtension>
            <gpxtpx:hr>178</gpxtpx:hr>
          </gpxtpx:TrackPointExtension>
        </extensions>
      </trkpt>
      <trkpt lat="35.88573605582719" lon="115.11595045107622">
        <ele>105.2</ele>
        <time>2026-09-24T13:02:20Z</time>
        <extensions>
          <gpxtpx:TrackPointExtension>
            <gpxtpx:hr>177</gpxtpx:hr>
          </gpxtpx:TrackPointExtension>
        </extensions>
      </trkpt>
      <trkpt lat="35.88573802315376" lon="115.11591641752005">
        <ele>105.2</ele>
        <time>2026-09-24T13:02:21Z</time>
        <extensions>
          <gpxtpx:TrackPointExtension>
            <gpxtpx:hr>177</gpxtpx:hr>
          </gpxtpx:TrackPointExtension>
        </extensions>
      </trkpt>
      <trkpt lat="35.88573899174576" lon="115.11588338510171">
        <ele>105.2</ele>
        <time>2026-09-24T13:02:22Z</time>
        <extensions>
          <gpxtpx:TrackPointExtension>
            <gpxtpx:hr>177</gpxtpx:hr>
          </gpxtpx:TrackPointExtension>
        </extensions>
      </trkpt>
      <trkpt lat="35.88574096197692" lon="115.1158523545755">
        <ele>105.2</ele>
        <time>2026-09-24T13:02:23Z</time>
        <extensions>
          <gpxtpx:TrackPointExtension>
            <gpxtpx:hr>177</gpxtpx:hr>
          </gpxtpx:TrackPointExtension>
        </extensions>
      </trkpt>
      <trkpt lat="35.8857429284804" lon="115.1158173201889">
        <ele>105.2</ele>
        <time>2026-09-24T13:02:24Z</time>
        <extensions>
          <gpxtpx:TrackPointExtension>
            <gpxtpx:hr>177</gpxtpx:hr>
          </gpxtpx:TrackPointExtension>
        </extensions>
      </trkpt>
      <trkpt lat="35.88574489596612" lon="115.11578328682965">
        <ele>105.5</ele>
        <time>2026-09-24T13:02:25Z</time>
        <extensions>
          <gpxtpx:TrackPointExtension>
            <gpxtpx:hr>177</gpxtpx:hr>
          </gpxtpx:TrackPointExtension>
        </extensions>
      </trkpt>
      <trkpt lat="35.88574786696232" lon="115.11575325730199">
        <ele>105.5</ele>
        <time>2026-09-24T13:02:26Z</time>
        <extensions>
          <gpxtpx:TrackPointExtension>
            <gpxtpx:hr>177</gpxtpx:hr>
          </gpxtpx:TrackPointExtension>
        </extensions>
      </trkpt>
      <trkpt lat="35.88575083424257" lon="115.11571922392844">
        <ele>105.5</ele>
        <time>2026-09-24T13:02:27Z</time>
        <extensions>
          <gpxtpx:TrackPointExtension>
            <gpxtpx:hr>177</gpxtpx:hr>
          </gpxtpx:TrackPointExtension>
        </extensions>
      </trkpt>
      <trkpt lat="35.885753803434966" lon="115.11568719254484">
        <ele>105.5</ele>
        <time>2026-09-24T13:02:28Z</time>
        <extensions>
          <gpxtpx:TrackPointExtension>
            <gpxtpx:hr>177</gpxtpx:hr>
          </gpxtpx:TrackPointExtension>
        </extensions>
      </trkpt>
      <trkpt lat="35.88575677640214" lon="115.11565916507992">
        <ele>105.5</ele>
        <time>2026-09-24T13:02:29Z</time>
        <extensions>
          <gpxtpx:TrackPointExtension>
            <gpxtpx:hr>177</gpxtpx:hr>
          </gpxtpx:TrackPointExtension>
        </extensions>
      </trkpt>
      <trkpt lat="35.88576174883269" lon="115.11563113743085">
        <ele>105.5</ele>
        <time>2026-09-24T13:02:30Z</time>
        <extensions>
          <gpxtpx:TrackPointExtension>
            <gpxtpx:hr>177</gpxtpx:hr>
          </gpxtpx:TrackPointExtension>
        </extensions>
      </trkpt>
      <trkpt lat="35.885766720358205" lon="115.11560210884993">
        <ele>105.5</ele>
        <time>2026-09-24T13:02:31Z</time>
        <extensions>
          <gpxtpx:TrackPointExtension>
            <gpxtpx:hr>177</gpxtpx:hr>
          </gpxtpx:TrackPointExtension>
        </extensions>
      </trkpt>
      <trkpt lat="35.88577268697326" lon="115.115568075373">
        <ele>105.5</ele>
        <time>2026-09-24T13:02:32Z</time>
        <extensions>
          <gpxtpx:TrackPointExtension>
            <gpxtpx:hr>177</gpxtpx:hr>
          </gpxtpx:TrackPointExtension>
        </extensions>
      </trkpt>
      <trkpt lat="35.885777654841675" lon="115.11553504301897">
        <ele>105.5</ele>
        <time>2026-09-24T13:02:33Z</time>
        <extensions>
          <gpxtpx:TrackPointExtension>
            <gpxtpx:hr>177</gpxtpx:hr>
          </gpxtpx:TrackPointExtension>
        </extensions>
      </trkpt>
      <trkpt lat="35.8857816248892" lon="115.11550401274529">
        <ele>105.5</ele>
        <time>2026-09-24T13:02:34Z</time>
        <extensions>
          <gpxtpx:TrackPointExtension>
            <gpxtpx:hr>177</gpxtpx:hr>
          </gpxtpx:TrackPointExtension>
        </extensions>
      </trkpt>
      <trkpt lat="35.88578259024884" lon="115.11546697707935">
        <ele>105.6</ele>
        <time>2026-09-24T13:02:35Z</time>
        <extensions>
          <gpxtpx:TrackPointExtension>
            <gpxtpx:hr>177</gpxtpx:hr>
          </gpxtpx:TrackPointExtension>
        </extensions>
      </trkpt>
      <trkpt lat="35.88578355658358" lon="115.11543094243197">
        <ele>105.6</ele>
        <time>2026-09-24T13:02:36Z</time>
        <extensions>
          <gpxtpx:TrackPointExtension>
            <gpxtpx:hr>177</gpxtpx:hr>
          </gpxtpx:TrackPointExtension>
        </extensions>
      </trkpt>
      <trkpt lat="35.88578352694824" lon="115.11539891177902">
        <ele>105.6</ele>
        <time>2026-09-24T13:02:37Z</time>
        <extensions>
          <gpxtpx:TrackPointExtension>
            <gpxtpx:hr>177</gpxtpx:hr>
          </gpxtpx:TrackPointExtension>
        </extensions>
      </trkpt>
      <trkpt lat="35.88578549678489" lon="115.11536688095256">
        <ele>105.6</ele>
        <time>2026-09-24T13:02:38Z</time>
        <extensions>
          <gpxtpx:TrackPointExtension>
            <gpxtpx:hr>177</gpxtpx:hr>
          </gpxtpx:TrackPointExtension>
        </extensions>
      </trkpt>
      <trkpt lat="35.88579046673472" lon="115.11533585079786">
        <ele>105.6</ele>
        <time>2026-09-24T13:02:39Z</time>
        <extensions>
          <gpxtpx:TrackPointExtension>
            <gpxtpx:hr>177</gpxtpx:hr>
          </gpxtpx:TrackPointExtension>
        </extensions>
      </trkpt>
      <trkpt lat="35.885796433670066" lon="115.11530181771708">
        <ele>105.6</ele>
        <time>2026-09-24T13:02:40Z</time>
        <extensions>
          <gpxtpx:TrackPointExtension>
            <gpxtpx:hr>177</gpxtpx:hr>
          </gpxtpx:TrackPointExtension>
        </extensions>
      </trkpt>
      <trkpt lat="35.885802402488295" lon="115.11526978659003">
        <ele>105.6</ele>
        <time>2026-09-24T13:02:41Z</time>
        <extensions>
          <gpxtpx:TrackPointExtension>
            <gpxtpx:hr>177</gpxtpx:hr>
          </gpxtpx:TrackPointExtension>
        </extensions>
      </trkpt>
      <trkpt lat="35.88580737438466" lon="115.11524075846778">
        <ele>105.6</ele>
        <time>2026-09-24T13:02:42Z</time>
        <extensions>
          <gpxtpx:TrackPointExtension>
            <gpxtpx:hr>177</gpxtpx:hr>
          </gpxtpx:TrackPointExtension>
        </extensions>
      </trkpt>
      <trkpt lat="35.88581334143472" lon="115.11520672552882">
        <ele>105.6</ele>
        <time>2026-09-24T13:02:43Z</time>
        <extensions>
          <gpxtpx:TrackPointExtension>
            <gpxtpx:hr>177</gpxtpx:hr>
          </gpxtpx:TrackPointExtension>
        </extensions>
      </trkpt>
      <trkpt lat="35.885820308243744" lon="115.11517269253149">
        <ele>105.6</ele>
        <time>2026-09-24T13:02:44Z</time>
        <extensions>
          <gpxtpx:TrackPointExtension>
            <gpxtpx:hr>177</gpxtpx:hr>
          </gpxtpx:TrackPointExtension>
        </extensions>
      </trkpt>
      <trkpt lat="35.88582727967589" lon="115.11514366431447">
        <ele>105.1</ele>
        <time>2026-09-24T13:02:45Z</time>
        <extensions>
          <gpxtpx:TrackPointExtension>
            <gpxtpx:hr>177</gpxtpx:hr>
          </gpxtpx:TrackPointExtension>
        </extensions>
      </trkpt>
      <trkpt lat="35.88583524719432" lon="115.11511063224667">
        <ele>105.1</ele>
        <time>2026-09-24T13:02:46Z</time>
        <extensions>
          <gpxtpx:TrackPointExtension>
            <gpxtpx:hr>177</gpxtpx:hr>
          </gpxtpx:TrackPointExtension>
        </extensions>
      </trkpt>
      <trkpt lat="35.88584221686199" lon="115.11507960222228">
        <ele>105.1</ele>
        <time>2026-09-24T13:02:47Z</time>
        <extensions>
          <gpxtpx:TrackPointExtension>
            <gpxtpx:hr>177</gpxtpx:hr>
          </gpxtpx:TrackPointExtension>
        </extensions>
      </trkpt>
      <trkpt lat="35.88584818867228" lon="115.11505057423315">
        <ele>105.1</ele>
        <time>2026-09-24T13:02:48Z</time>
        <extensions>
          <gpxtpx:TrackPointExtension>
            <gpxtpx:hr>177</gpxtpx:hr>
          </gpxtpx:TrackPointExtension>
        </extensions>
      </trkpt>
      <trkpt lat="35.88585215651645" lon="115.11501654179683">
        <ele>105.1</ele>
        <time>2026-09-24T13:02:49Z</time>
        <extensions>
          <gpxtpx:TrackPointExtension>
            <gpxtpx:hr>177</gpxtpx:hr>
          </gpxtpx:TrackPointExtension>
        </extensions>
      </trkpt>
      <trkpt lat="35.88585612531258" lon="115.11498351035041">
        <ele>105.1</ele>
        <time>2026-09-24T13:02:50Z</time>
        <extensions>
          <gpxtpx:TrackPointExtension>
            <gpxtpx:hr>177</gpxtpx:hr>
          </gpxtpx:TrackPointExtension>
        </extensions>
      </trkpt>
      <trkpt lat="35.88585809744072" lon="115.11495348198311">
        <ele>105.1</ele>
        <time>2026-09-24T13:02:51Z</time>
        <extensions>
          <gpxtpx:TrackPointExtension>
            <gpxtpx:hr>177</gpxtpx:hr>
          </gpxtpx:TrackPointExtension>
        </extensions>
      </trkpt>
      <trkpt lat="35.88586006505813" lon="115.11491844897449">
        <ele>105.1</ele>
        <time>2026-09-24T13:02:52Z</time>
        <extensions>
          <gpxtpx:TrackPointExtension>
            <gpxtpx:hr>177</gpxtpx:hr>
          </gpxtpx:TrackPointExtension>
        </extensions>
      </trkpt>
      <trkpt lat="35.88586303334441" lon="115.11488441684531">
        <ele>105.1</ele>
        <time>2026-09-24T13:02:53Z</time>
        <extensions>
          <gpxtpx:TrackPointExtension>
            <gpxtpx:hr>177</gpxtpx:hr>
          </gpxtpx:TrackPointExtension>
        </extensions>
      </trkpt>
      <trkpt lat="35.88586500467233" lon="115.11485338767582">
        <ele>105.1</ele>
        <time>2026-09-24T13:02:54Z</time>
        <extensions>
          <gpxtpx:TrackPointExtension>
            <gpxtpx:hr>177</gpxtpx:hr>
          </gpxtpx:TrackPointExtension>
        </extensions>
      </trkpt>
      <trkpt lat="35.88586897094562" lon="115.11481735367168">
        <ele>105.1</ele>
        <time>2026-09-24T13:02:55Z</time>
        <extensions>
          <gpxtpx:TrackPointExtension>
            <gpxtpx:hr>177</gpxtpx:hr>
          </gpxtpx:TrackPointExtension>
        </extensions>
      </trkpt>
      <trkpt lat="35.885871938450904" lon="115.11478232076408">
        <ele>105.1</ele>
        <time>2026-09-24T13:02:56Z</time>
        <extensions>
          <gpxtpx:TrackPointExtension>
            <gpxtpx:hr>177</gpxtpx:hr>
          </gpxtpx:TrackPointExtension>
        </extensions>
      </trkpt>
      <trkpt lat="35.88587490870722" lon="115.11475029069645">
        <ele>105.1</ele>
        <time>2026-09-24T13:02:57Z</time>
        <extensions>
          <gpxtpx:TrackPointExtension>
            <gpxtpx:hr>177</gpxtpx:hr>
          </gpxtpx:TrackPointExtension>
        </extensions>
      </trkpt>
      <trkpt lat="35.88587987212758" lon="115.11471125396602">
        <ele>105.1</ele>
        <time>2026-09-24T13:02:58Z</time>
        <extensions>
          <gpxtpx:TrackPointExtension>
            <gpxtpx:hr>177</gpxtpx:hr>
          </gpxtpx:TrackPointExtension>
        </extensions>
      </trkpt>
      <trkpt lat="35.88588383228602" lon="115.1146682137116">
        <ele>105.0</ele>
        <time>2026-09-24T13:02:59Z</time>
        <extensions>
          <gpxtpx:TrackPointExtension>
            <gpxtpx:hr>177</gpxtpx:hr>
          </gpxtpx:TrackPointExtension>
        </extensions>
      </trkpt>
      <trkpt lat="35.88588879402465" lon="115.11462717527621">
        <ele>105.0</ele>
        <time>2026-09-24T13:03:00Z</time>
        <extensions>
          <gpxtpx:TrackPointExtension>
            <gpxtpx:hr>178</gpxtpx:hr>
          </gpxtpx:TrackPointExtension>
        </extensions>
      </trkpt>
      <trkpt lat="35.885893762100594" lon="115.11459314336625">
        <ele>105.1</ele>
        <time>2026-09-24T13:03:01Z</time>
        <extensions>
          <gpxtpx:TrackPointExtension>
            <gpxtpx:hr>178</gpxtpx:hr>
          </gpxtpx:TrackPointExtension>
        </extensions>
      </trkpt>
      <trkpt lat="35.88589773766627" lon="115.11456711897979">
        <ele>105.1</ele>
        <time>2026-09-24T13:03:02Z</time>
        <extensions>
          <gpxtpx:TrackPointExtension>
            <gpxtpx:hr>178</gpxtpx:hr>
          </gpxtpx:TrackPointExtension>
        </extensions>
      </trkpt>
      <trkpt lat="35.885903707322775" lon="115.11453508888927">
        <ele>105.1</ele>
        <time>2026-09-24T13:03:03Z</time>
        <extensions>
          <gpxtpx:TrackPointExtension>
            <gpxtpx:hr>178</gpxtpx:hr>
          </gpxtpx:TrackPointExtension>
        </extensions>
      </trkpt>
      <trkpt lat="35.88590967790967" lon="115.1145040597619">
        <ele>105.1</ele>
        <time>2026-09-24T13:03:04Z</time>
        <extensions>
          <gpxtpx:TrackPointExtension>
            <gpxtpx:hr>178</gpxtpx:hr>
          </gpxtpx:TrackPointExtension>
        </extensions>
      </trkpt>
      <trkpt lat="35.88591465238362" lon="115.11447703445232">
        <ele>105.3</ele>
        <time>2026-09-24T13:03:05Z</time>
        <extensions>
          <gpxtpx:TrackPointExtension>
            <gpxtpx:hr>179</gpxtpx:hr>
          </gpxtpx:TrackPointExtension>
        </extensions>
      </trkpt>
      <trkpt lat="35.88592062036051" lon="115.11444300265939">
        <ele>105.3</ele>
        <time>2026-09-24T13:03:06Z</time>
        <extensions>
          <gpxtpx:TrackPointExtension>
            <gpxtpx:hr>179</gpxtpx:hr>
          </gpxtpx:TrackPointExtension>
        </extensions>
      </trkpt>
      <trkpt lat="35.88592558955125" lon="115.11440997194059">
        <ele>105.3</ele>
        <time>2026-09-24T13:03:07Z</time>
        <extensions>
          <gpxtpx:TrackPointExtension>
            <gpxtpx:hr>179</gpxtpx:hr>
          </gpxtpx:TrackPointExtension>
        </extensions>
      </trkpt>
      <trkpt lat="35.885930563227085" lon="115.11438194583137">
        <ele>105.3</ele>
        <time>2026-09-24T13:03:08Z</time>
        <extensions>
          <gpxtpx:TrackPointExtension>
            <gpxtpx:hr>179</gpxtpx:hr>
          </gpxtpx:TrackPointExtension>
        </extensions>
      </trkpt>
      <trkpt lat="35.88593653132007" lon="115.11434791418198">
        <ele>105.3</ele>
        <time>2026-09-24T13:03:09Z</time>
        <extensions>
          <gpxtpx:TrackPointExtension>
            <gpxtpx:hr>179</gpxtpx:hr>
          </gpxtpx:TrackPointExtension>
        </extensions>
      </trkpt>
      <trkpt lat="35.88594149973669" lon="115.11431388269321">
        <ele>105.3</ele>
        <time>2026-09-24T13:03:10Z</time>
        <extensions>
          <gpxtpx:TrackPointExtension>
            <gpxtpx:hr>179</gpxtpx:hr>
          </gpxtpx:TrackPointExtension>
        </extensions>
      </trkpt>
      <trkpt lat="35.885947472341385" lon="115.11428485568628">
        <ele>105.3</ele>
        <time>2026-09-24T13:03:11Z</time>
        <extensions>
          <gpxtpx:TrackPointExtension>
            <gpxtpx:hr>179</gpxtpx:hr>
          </gpxtpx:TrackPointExtension>
        </extensions>
      </trkpt>
      <trkpt lat="35.88595343966853" lon="115.11424982327713">
        <ele>105.3</ele>
        <time>2026-09-24T13:03:12Z</time>
        <extensions>
          <gpxtpx:TrackPointExtension>
            <gpxtpx:hr>179</gpxtpx:hr>
          </gpxtpx:TrackPointExtension>
        </extensions>
      </trkpt>
      <trkpt lat="35.885959407923096" lon="115.11421579182749">
        <ele>105.3</ele>
        <time>2026-09-24T13:03:13Z</time>
        <extensions>
          <gpxtpx:TrackPointExtension>
            <gpxtpx:hr>179</gpxtpx:hr>
          </gpxtpx:TrackPointExtension>
        </extensions>
      </trkpt>
      <trkpt lat="35.885964381794494" lon="115.11418776596003">
        <ele>105.3</ele>
        <time>2026-09-24T13:03:14Z</time>
        <extensions>
          <gpxtpx:TrackPointExtension>
            <gpxtpx:hr>179</gpxtpx:hr>
          </gpxtpx:TrackPointExtension>
        </extensions>
      </trkpt>
      <trkpt lat="35.88597134984303" lon="115.11415373449512">
        <ele>105.2</ele>
        <time>2026-09-24T13:03:15Z</time>
        <extensions>
          <gpxtpx:TrackPointExtension>
            <gpxtpx:hr>180</gpxtpx:hr>
          </gpxtpx:TrackPointExtension>
        </extensions>
      </trkpt>
      <trkpt lat="35.88597632465712" lon="115.11412670960601">
        <ele>105.2</ele>
        <time>2026-09-24T13:03:16Z</time>
        <extensions>
          <gpxtpx:TrackPointExtension>
            <gpxtpx:hr>180</gpxtpx:hr>
          </gpxtpx:TrackPointExtension>
        </extensions>
      </trkpt>
      <trkpt lat="35.88598129949752" lon="115.11409968474945">
        <ele>105.2</ele>
        <time>2026-09-24T13:03:17Z</time>
        <extensions>
          <gpxtpx:TrackPointExtension>
            <gpxtpx:hr>180</gpxtpx:hr>
          </gpxtpx:TrackPointExtension>
        </extensions>
      </trkpt>
      <trkpt lat="35.88598727056991" lon="115.11406865622223">
        <ele>105.2</ele>
        <time>2026-09-24T13:03:18Z</time>
        <extensions>
          <gpxtpx:TrackPointExtension>
            <gpxtpx:hr>180</gpxtpx:hr>
          </gpxtpx:TrackPointExtension>
        </extensions>
      </trkpt>
      <trkpt lat="35.88599224634392" lon="115.11404263233277">
        <ele>105.2</ele>
        <time>2026-09-24T13:03:19Z</time>
        <extensions>
          <gpxtpx:TrackPointExtension>
            <gpxtpx:hr>180</gpxtpx:hr>
          </gpxtpx:TrackPointExtension>
        </extensions>
      </trkpt>
      <trkpt lat="35.88599622242434" lon="115.11401660858272">
        <ele>105.2</ele>
        <time>2026-09-24T13:03:20Z</time>
        <extensions>
          <gpxtpx:TrackPointExtension>
            <gpxtpx:hr>180</gpxtpx:hr>
          </gpxtpx:TrackPointExtension>
        </extensions>
      </trkpt>
      <trkpt lat="35.88600019940439" lon="115.1139915857578">
        <ele>105.2</ele>
        <time>2026-09-24T13:03:21Z</time>
        <extensions>
          <gpxtpx:TrackPointExtension>
            <gpxtpx:hr>180</gpxtpx:hr>
          </gpxtpx:TrackPointExtension>
        </extensions>
      </trkpt>
      <trkpt lat="35.88600517262805" lon="115.11396255927659">
        <ele>105.2</ele>
        <time>2026-09-24T13:03:22Z</time>
        <extensions>
          <gpxtpx:TrackPointExtension>
            <gpxtpx:hr>180</gpxtpx:hr>
          </gpxtpx:TrackPointExtension>
        </extensions>
      </trkpt>
      <trkpt lat="35.886011138616254" lon="115.11392552558623">
        <ele>105.2</ele>
        <time>2026-09-24T13:03:23Z</time>
        <extensions>
          <gpxtpx:TrackPointExtension>
            <gpxtpx:hr>180</gpxtpx:hr>
          </gpxtpx:TrackPointExtension>
        </extensions>
      </trkpt>
      <trkpt lat="35.8860161058075" lon="115.11388949295669">
        <ele>105.2</ele>
        <time>2026-09-24T13:03:24Z</time>
        <extensions>
          <gpxtpx:TrackPointExtension>
            <gpxtpx:hr>180</gpxtpx:hr>
          </gpxtpx:TrackPointExtension>
        </extensions>
      </trkpt>
      <trkpt lat="35.886020078549706" lon="115.11385946582791">
        <ele>105.1</ele>
        <time>2026-09-24T13:03:25Z</time>
        <extensions>
          <gpxtpx:TrackPointExtension>
            <gpxtpx:hr>180</gpxtpx:hr>
          </gpxtpx:TrackPointExtension>
        </extensions>
      </trkpt>
      <trkpt lat="35.88602604554499" lon="115.11382343319552">
        <ele>105.1</ele>
        <time>2026-09-24T13:03:26Z</time>
        <extensions>
          <gpxtpx:TrackPointExtension>
            <gpxtpx:hr>180</gpxtpx:hr>
          </gpxtpx:TrackPointExtension>
        </extensions>
      </trkpt>
      <trkpt lat="35.886031015472895" lon="115.1137904033881">
        <ele>105.1</ele>
        <time>2026-09-24T13:03:27Z</time>
        <extensions>
          <gpxtpx:TrackPointExtension>
            <gpxtpx:hr>180</gpxtpx:hr>
          </gpxtpx:TrackPointExtension>
        </extensions>
      </trkpt>
      <trkpt lat="35.88603399380653" lon="115.11376638181012">
        <ele>105.1</ele>
        <time>2026-09-24T13:03:28Z</time>
        <extensions>
          <gpxtpx:TrackPointExtension>
            <gpxtpx:hr>180</gpxtpx:hr>
          </gpxtpx:TrackPointExtension>
        </extensions>
      </trkpt>
      <trkpt lat="35.88603697302727" lon="115.1137433611418">
        <ele>105.1</ele>
        <time>2026-09-24T13:03:29Z</time>
        <extensions>
          <gpxtpx:TrackPointExtension>
            <gpxtpx:hr>180</gpxtpx:hr>
          </gpxtpx:TrackPointExtension>
        </extensions>
      </trkpt>
      <trkpt lat="35.88604095198521" lon="115.11372034038799">
        <ele>105.1</ele>
        <time>2026-09-24T13:03:30Z</time>
        <extensions>
          <gpxtpx:TrackPointExtension>
            <gpxtpx:hr>180</gpxtpx:hr>
          </gpxtpx:TrackPointExtension>
        </extensions>
      </trkpt>
      <trkpt lat="35.886044930962356" lon="115.1136973196579">
        <ele>105.1</ele>
        <time>2026-09-24T13:03:31Z</time>
        <extensions>
          <gpxtpx:TrackPointExtension>
            <gpxtpx:hr>180</gpxtpx:hr>
          </gpxtpx:TrackPointExtension>
        </extensions>
      </trkpt>
      <trkpt lat="35.886048909094974" lon="115.11367329807082">
        <ele>105.1</ele>
        <time>2026-09-24T13:03:32Z</time>
        <extensions>
          <gpxtpx:TrackPointExtension>
            <gpxtpx:hr>180</gpxtpx:hr>
          </gpxtpx:TrackPointExtension>
        </extensions>
      </trkpt>
      <trkpt lat="35.88605588122622" lon="115.11364327090487">
        <ele>105.1</ele>
        <time>2026-09-24T13:03:33Z</time>
        <extensions>
          <gpxtpx:TrackPointExtension>
            <gpxtpx:hr>180</gpxtpx:hr>
          </gpxtpx:TrackPointExtension>
        </extensions>
      </trkpt>
      <trkpt lat="35.88606684364884" lon="115.11360323456445">
        <ele>105.1</ele>
        <time>2026-09-24T13:03:34Z</time>
        <extensions>
          <gpxtpx:TrackPointExtension>
            <gpxtpx:hr>180</gpxtpx:hr>
          </gpxtpx:TrackPointExtension>
        </extensions>
      </trkpt>
      <trkpt lat="35.88608379842085" lon="115.11355619151126">
        <ele>105.1</ele>
        <time>2026-09-24T13:03:35Z</time>
        <extensions>
          <gpxtpx:TrackPointExtension>
            <gpxtpx:hr>180</gpxtpx:hr>
          </gpxtpx:TrackPointExtension>
        </extensions>
      </trkpt>
      <trkpt lat="35.88610076528544" lon="115.1135231607887">
        <ele>105.1</ele>
        <time>2026-09-24T13:03:36Z</time>
        <extensions>
          <gpxtpx:TrackPointExtension>
            <gpxtpx:hr>180</gpxtpx:hr>
          </gpxtpx:TrackPointExtension>
        </extensions>
      </trkpt>
      <trkpt lat="35.88611674275909" lon="115.11350214069753">
        <ele>105.1</ele>
        <time>2026-09-24T13:03:37Z</time>
        <extensions>
          <gpxtpx:TrackPointExtension>
            <gpxtpx:hr>180</gpxtpx:hr>
          </gpxtpx:TrackPointExtension>
        </extensions>
      </trkpt>
      <trkpt lat="35.886136719978055" lon="115.11348212106145">
        <ele>105.1</ele>
        <time>2026-09-24T13:03:38Z</time>
        <extensions>
          <gpxtpx:TrackPointExtension>
            <gpxtpx:hr>180</gpxtpx:hr>
          </gpxtpx:TrackPointExtension>
        </extensions>
      </trkpt>
      <trkpt lat="35.886161700083015" lon="115.11346710525403">
        <ele>105.1</ele>
        <time>2026-09-24T13:03:39Z</time>
        <extensions>
          <gpxtpx:TrackPointExtension>
            <gpxtpx:hr>180</gpxtpx:hr>
          </gpxtpx:TrackPointExtension>
        </extensions>
      </trkpt>
      <trkpt lat="35.886186684475405" lon="115.11345709381123">
        <ele>105.1</ele>
        <time>2026-09-24T13:03:40Z</time>
        <extensions>
          <gpxtpx:TrackPointExtension>
            <gpxtpx:hr>177</gpxtpx:hr>
          </gpxtpx:TrackPointExtension>
        </extensions>
      </trkpt>
      <trkpt lat="35.88621167486121" lon="115.11345408846799">
        <ele>105.1</ele>
        <time>2026-09-24T13:03:41Z</time>
        <extensions>
          <gpxtpx:TrackPointExtension>
            <gpxtpx:hr>177</gpxtpx:hr>
          </gpxtpx:TrackPointExtension>
        </extensions>
      </trkpt>
      <trkpt lat="35.886240664976015" lon="115.11345208355903">
        <ele>105.1</ele>
        <time>2026-09-24T13:03:42Z</time>
        <extensions>
          <gpxtpx:TrackPointExtension>
            <gpxtpx:hr>177</gpxtpx:hr>
          </gpxtpx:TrackPointExtension>
        </extensions>
      </trkpt>
      <trkpt lat="35.88626865366219" lon="115.11344807701816">
        <ele>105.1</ele>
        <time>2026-09-24T13:03:43Z</time>
        <extensions>
          <gpxtpx:TrackPointExtension>
            <gpxtpx:hr>177</gpxtpx:hr>
          </gpxtpx:TrackPointExtension>
        </extensions>
      </trkpt>
      <trkpt lat="35.886292645187545" lon="115.11344607265582">
        <ele>105.1</ele>
        <time>2026-09-24T13:03:44Z</time>
        <extensions>
          <gpxtpx:TrackPointExtension>
            <gpxtpx:hr>177</gpxtpx:hr>
          </gpxtpx:TrackPointExtension>
        </extensions>
      </trkpt>
      <trkpt lat="35.88631863614982" lon="115.11344406807522">
        <ele>105.5</ele>
        <time>2026-09-24T13:03:45Z</time>
        <extensions>
          <gpxtpx:TrackPointExtension>
            <gpxtpx:hr>179</gpxtpx:hr>
          </gpxtpx:TrackPointExtension>
        </extensions>
      </trkpt>
      <trkpt lat="35.88634562768622" lon="115.11344306425596">
        <ele>105.5</ele>
        <time>2026-09-24T13:03:46Z</time>
        <extensions>
          <gpxtpx:TrackPointExtension>
            <gpxtpx:hr>179</gpxtpx:hr>
          </gpxtpx:TrackPointExtension>
        </extensions>
      </trkpt>
      <trkpt lat="35.88637062149735" lon="115.11344406239593">
        <ele>105.5</ele>
        <time>2026-09-24T13:03:47Z</time>
        <extensions>
          <gpxtpx:TrackPointExtension>
            <gpxtpx:hr>179</gpxtpx:hr>
          </gpxtpx:TrackPointExtension>
        </extensions>
      </trkpt>
      <trkpt lat="35.886391618146824" lon="115.11344706271385">
        <ele>105.5</ele>
        <time>2026-09-24T13:03:48Z</time>
        <extensions>
          <gpxtpx:TrackPointExtension>
            <gpxtpx:hr>179</gpxtpx:hr>
          </gpxtpx:TrackPointExtension>
        </extensions>
      </trkpt>
      <trkpt lat="35.88641661538126" lon="115.1134520643368">
        <ele>105.5</ele>
        <time>2026-09-24T13:03:49Z</time>
        <extensions>
          <gpxtpx:TrackPointExtension>
            <gpxtpx:hr>179</gpxtpx:hr>
          </gpxtpx:TrackPointExtension>
        </extensions>
      </trkpt>
      <trkpt lat="35.88644161518475" lon="115.11346006857413">
        <ele>105.5</ele>
        <time>2026-09-24T13:03:50Z</time>
        <extensions>
          <gpxtpx:TrackPointExtension>
            <gpxtpx:hr>182</gpxtpx:hr>
          </gpxtpx:TrackPointExtension>
        </extensions>
      </trkpt>
      <trkpt lat="35.88646761556554" lon="115.11346907357665">
        <ele>105.5</ele>
        <time>2026-09-24T13:03:51Z</time>
        <extensions>
          <gpxtpx:TrackPointExtension>
            <gpxtpx:hr>182</gpxtpx:hr>
          </gpxtpx:TrackPointExtension>
        </extensions>
      </trkpt>
      <trkpt lat="35.88649561538635" lon="115.1134780783644">
        <ele>105.5</ele>
        <time>2026-09-24T13:03:52Z</time>
        <extensions>
          <gpxtpx:TrackPointExtension>
            <gpxtpx:hr>182</gpxtpx:hr>
          </gpxtpx:TrackPointExtension>
        </extensions>
      </trkpt>
      <trkpt lat="35.88652861465926" lon="115.11348808348208">
        <ele>105.5</ele>
        <time>2026-09-24T13:03:53Z</time>
        <extensions>
          <gpxtpx:TrackPointExtension>
            <gpxtpx:hr>182</gpxtpx:hr>
          </gpxtpx:TrackPointExtension>
        </extensions>
      </trkpt>
      <trkpt lat="35.88656161393651" lon="115.11349808860427">
        <ele>105.5</ele>
        <time>2026-09-24T13:03:54Z</time>
        <extensions>
          <gpxtpx:TrackPointExtension>
            <gpxtpx:hr>182</gpxtpx:hr>
          </gpxtpx:TrackPointExtension>
        </extensions>
      </trkpt>
      <trkpt lat="35.88658961291083" lon="115.1135060925305">
        <ele>105.7</ele>
        <time>2026-09-24T13:03:55Z</time>
        <extensions>
          <gpxtpx:TrackPointExtension>
            <gpxtpx:hr>182</gpxtpx:hr>
          </gpxtpx:TrackPointExtension>
        </extensions>
      </trkpt>
      <trkpt lat="35.88661761188798" lon="115.11351409645961">
        <ele>105.7</ele>
        <time>2026-09-24T13:03:56Z</time>
        <extensions>
          <gpxtpx:TrackPointExtension>
            <gpxtpx:hr>182</gpxtpx:hr>
          </gpxtpx:TrackPointExtension>
        </extensions>
      </trkpt>
      <trkpt lat="35.886643611431126" lon="115.11352210061006">
        <ele>105.7</ele>
        <time>2026-09-24T13:03:57Z</time>
        <extensions>
          <gpxtpx:TrackPointExtension>
            <gpxtpx:hr>182</gpxtpx:hr>
          </gpxtpx:TrackPointExtension>
        </extensions>
      </trkpt>
      <trkpt lat="35.88666761068168" lon="115.11352910410753">
        <ele>105.7</ele>
        <time>2026-09-24T13:03:58Z</time>
        <extensions>
          <gpxtpx:TrackPointExtension>
            <gpxtpx:hr>182</gpxtpx:hr>
          </gpxtpx:TrackPointExtension>
        </extensions>
      </trkpt>
      <trkpt lat="35.88669461166607" lon="115.11353910990347">
        <ele>105.0</ele>
        <time>2026-09-24T13:03:59Z</time>
        <extensions>
          <gpxtpx:TrackPointExtension>
            <gpxtpx:hr>182</gpxtpx:hr>
          </gpxtpx:TrackPointExtension>
        </extensions>
      </trkpt>
      <trkpt lat="35.88672061207692" lon="115.11354811493798">
        <ele>105.0</ele>
        <time>2026-09-24T13:04:00Z</time>
        <extensions>
          <gpxtpx:TrackPointExtension>
            <gpxtpx:hr>182</gpxtpx:hr>
          </gpxtpx:TrackPointExtension>
        </extensions>
      </trkpt>
      <trkpt lat="35.88674561191319" lon="115.11355611920989">
        <ele>105.7</ele>
        <time>2026-09-24T13:04:01Z</time>
        <extensions>
          <gpxtpx:TrackPointExtension>
            <gpxtpx:hr>182</gpxtpx:hr>
          </gpxtpx:TrackPointExtension>
        </extensions>
      </trkpt>
      <trkpt lat="35.886773609188225" lon="115.11356212140542">
        <ele>105.7</ele>
        <time>2026-09-24T13:04:02Z</time>
        <extensions>
          <gpxtpx:TrackPointExtension>
            <gpxtpx:hr>182</gpxtpx:hr>
          </gpxtpx:TrackPointExtension>
        </extensions>
      </trkpt>
      <trkpt lat="35.88680160560519" lon="115.1135671227266">
        <ele>105.7</ele>
        <time>2026-09-24T13:04:03Z</time>
        <extensions>
          <gpxtpx:TrackPointExtension>
            <gpxtpx:hr>182</gpxtpx:hr>
          </gpxtpx:TrackPointExtension>
        </extensions>
      </trkpt>
      <trkpt lat="35.88682560228943" lon="115.11357112360959">
        <ele>105.7</ele>
        <time>2026-09-24T13:04:04Z</time>
        <extensions>
          <gpxtpx:TrackPointExtension>
            <gpxtpx:hr>182</gpxtpx:hr>
          </gpxtpx:TrackPointExtension>
        </extensions>
      </trkpt>
      <trkpt lat="35.88684560010044" lon="115.11357512493016">
        <ele>105.8</ele>
        <time>2026-09-24T13:04:05Z</time>
        <extensions>
          <gpxtpx:TrackPointExtension>
            <gpxtpx:hr>181</gpxtpx:hr>
          </gpxtpx:TrackPointExtension>
        </extensions>
      </trkpt>
      <trkpt lat="35.88686259961695" lon="115.11358012745565">
        <ele>105.8</ele>
        <time>2026-09-24T13:04:06Z</time>
        <extensions>
          <gpxtpx:TrackPointExtension>
            <gpxtpx:hr>181</gpxtpx:hr>
          </gpxtpx:TrackPointExtension>
        </extensions>
      </trkpt>
      <trkpt lat="35.886880599713635" lon="115.11358613074984">
        <ele>105.8</ele>
        <time>2026-09-24T13:04:07Z</time>
        <extensions>
          <gpxtpx:TrackPointExtension>
            <gpxtpx:hr>181</gpxtpx:hr>
          </gpxtpx:TrackPointExtension>
        </extensions>
      </trkpt>
      <trkpt lat="35.886891600060366" lon="115.11359013305609">
        <ele>105.8</ele>
        <time>2026-09-24T13:04:08Z</time>
        <extensions>
          <gpxtpx:TrackPointExtension>
            <gpxtpx:hr>181</gpxtpx:hr>
          </gpxtpx:TrackPointExtension>
        </extensions>
      </trkpt>
      <trkpt lat="35.88690060010978" lon="115.11359313470433">
        <ele>105.8</ele>
        <time>2026-09-24T13:04:09Z</time>
        <extensions>
          <gpxtpx:TrackPointExtension>
            <gpxtpx:hr>181</gpxtpx:hr>
          </gpxtpx:TrackPointExtension>
        </extensions>
      </trkpt>
      <trkpt lat="35.886907599861516" lon="115.11359513569417">
        <ele>105.8</ele>
        <time>2026-09-24T13:04:10Z</time>
        <extensions>
          <gpxtpx:TrackPointExtension>
            <gpxtpx:hr>177</gpxtpx:hr>
          </gpxtpx:TrackPointExtension>
        </extensions>
      </trkpt>
      <trkpt lat="35.88691559933201" lon="115.11359713657497">
        <ele>105.8</ele>
        <time>2026-09-24T13:04:11Z</time>
        <extensions>
          <gpxtpx:TrackPointExtension>
            <gpxtpx:hr>177</gpxtpx:hr>
          </gpxtpx:TrackPointExtension>
        </extensions>
      </trkpt>
      <trkpt lat="35.886924599382326" lon="115.11360013822416">
        <ele>105.8</ele>
        <time>2026-09-24T13:04:12Z</time>
        <extensions>
          <gpxtpx:TrackPointExtension>
            <gpxtpx:hr>177</gpxtpx:hr>
          </gpxtpx:TrackPointExtension>
        </extensions>
      </trkpt>
      <trkpt lat="35.88693359684967" lon="115.11360013724119">
        <ele>105.8</ele>
        <time>2026-09-24T13:04:13Z</time>
        <extensions>
          <gpxtpx:TrackPointExtension>
            <gpxtpx:hr>177</gpxtpx:hr>
          </gpxtpx:TrackPointExtension>
        </extensions>
      </trkpt>
      <trkpt lat="35.886943592313635" lon="115.11359813439418">
        <ele>105.8</ele>
        <time>2026-09-24T13:04:14Z</time>
        <extensions>
          <gpxtpx:TrackPointExtension>
            <gpxtpx:hr>177</gpxtpx:hr>
          </gpxtpx:TrackPointExtension>
        </extensions>
      </trkpt>
      <trkpt lat="35.886952588920124" lon="115.11359713253387">
        <ele>105.7</ele>
        <time>2026-09-24T13:04:15Z</time>
        <extensions>
          <gpxtpx:TrackPointExtension>
            <gpxtpx:hr>175</gpxtpx:hr>
          </gpxtpx:TrackPointExtension>
        </extensions>
      </trkpt>
      <trkpt lat="35.88696058580808" lon="115.11359613078284">
        <ele>105.7</ele>
        <time>2026-09-24T13:04:16Z</time>
        <extensions>
          <gpxtpx:TrackPointExtension>
            <gpxtpx:hr>175</gpxtpx:hr>
          </gpxtpx:TrackPointExtension>
        </extensions>
      </trkpt>
      <trkpt lat="35.88696858355702" lon="115.11359612990908">
        <ele>105.7</ele>
        <time>2026-09-24T13:04:17Z</time>
        <extensions>
          <gpxtpx:TrackPointExtension>
            <gpxtpx:hr>175</gpxtpx:hr>
          </gpxtpx:TrackPointExtension>
        </extensions>
      </trkpt>
      <trkpt lat="35.88697958132281" lon="115.11359712958497">
        <ele>105.7</ele>
        <time>2026-09-24T13:04:18Z</time>
        <extensions>
          <gpxtpx:TrackPointExtension>
            <gpxtpx:hr>175</gpxtpx:hr>
          </gpxtpx:TrackPointExtension>
        </extensions>
      </trkpt>
      <trkpt lat="35.886989580231074" lon="115.11359913024751">
        <ele>105.7</ele>
        <time>2026-09-24T13:04:19Z</time>
        <extensions>
          <gpxtpx:TrackPointExtension>
            <gpxtpx:hr>175</gpxtpx:hr>
          </gpxtpx:TrackPointExtension>
        </extensions>
      </trkpt>
      <trkpt lat="35.88699757711916" lon="115.11359812849636">
        <ele>105.7</ele>
        <time>2026-09-24T13:04:20Z</time>
        <extensions>
          <gpxtpx:TrackPointExtension>
            <gpxtpx:hr>170</gpxtpx:hr>
          </gpxtpx:TrackPointExtension>
        </extensions>
      </trkpt>
      <trkpt lat="35.887006572004125" lon="115.11359512488153">
        <ele>105.7</ele>
        <time>2026-09-24T13:04:21Z</time>
        <extensions>
          <gpxtpx:TrackPointExtension>
            <gpxtpx:hr>170</gpxtpx:hr>
          </gpxtpx:TrackPointExtension>
        </extensions>
      </trkpt>
      <trkpt lat="35.887017568048385" lon="115.11359412280291">
        <ele>105.7</ele>
        <time>2026-09-24T13:04:22Z</time>
        <extensions>
          <gpxtpx:TrackPointExtension>
            <gpxtpx:hr>170</gpxtpx:hr>
          </gpxtpx:TrackPointExtension>
        </extensions>
      </trkpt>
      <trkpt lat="35.88702956467224" lon="115.11359412149228">
        <ele>105.7</ele>
        <time>2026-09-24T13:04:23Z</time>
        <extensions>
          <gpxtpx:TrackPointExtension>
            <gpxtpx:hr>170</gpxtpx:hr>
          </gpxtpx:TrackPointExtension>
        </extensions>
      </trkpt>
      <trkpt lat="35.88703956271972" lon="115.1135951212773">
        <ele>105.7</ele>
        <time>2026-09-24T13:04:24Z</time>
        <extensions>
          <gpxtpx:TrackPointExtension>
            <gpxtpx:hr>170</gpxtpx:hr>
          </gpxtpx:TrackPointExtension>
        </extensions>
      </trkpt>
      <trkpt lat="35.88704655988953" lon="115.11359411963556">
        <ele>105.6</ele>
        <time>2026-09-24T13:04:25Z</time>
        <extensions>
          <gpxtpx:TrackPointExtension>
            <gpxtpx:hr>163</gpxtpx:hr>
          </gpxtpx:TrackPointExtension>
        </extensions>
      </trkpt>
      <trkpt lat="35.88705455849976" lon="115.113595119639">
        <ele>105.6</ele>
        <time>2026-09-24T13:04:26Z</time>
        <extensions>
          <gpxtpx:TrackPointExtension>
            <gpxtpx:hr>163</gpxtpx:hr>
          </gpxtpx:TrackPointExtension>
        </extensions>
      </trkpt>
      <trkpt lat="35.8870665559848" lon="115.11359611920562">
        <ele>105.6</ele>
        <time>2026-09-24T13:04:27Z</time>
        <extensions>
          <gpxtpx:TrackPointExtension>
            <gpxtpx:hr>163</gpxtpx:hr>
          </gpxtpx:TrackPointExtension>
        </extensions>
      </trkpt>
      <trkpt lat="35.88707855346996" lon="115.11359711877229">
        <ele>105.6</ele>
        <time>2026-09-24T13:04:28Z</time>
        <extensions>
          <gpxtpx:TrackPointExtension>
            <gpxtpx:hr>163</gpxtpx:hr>
          </gpxtpx:TrackPointExtension>
        </extensions>
      </trkpt>
      <trkpt lat="35.88708955123655" lon="115.11359811844822">
        <ele>105.6</ele>
        <time>2026-09-24T13:04:29Z</time>
        <extensions>
          <gpxtpx:TrackPointExtension>
            <gpxtpx:hr>163</gpxtpx:hr>
          </gpxtpx:TrackPointExtension>
        </extensions>
      </trkpt>
      <trkpt lat="35.88709855042689" lon="115.11360011922007">
        <ele>105.6</ele>
        <time>2026-09-24T13:04:30Z</time>
        <extensions>
          <gpxtpx:TrackPointExtension>
            <gpxtpx:hr>158</gpxtpx:hr>
          </gpxtpx:TrackPointExtension>
        </extensions>
      </trkpt>
      <trkpt lat="35.88710654903761" lon="115.11360111922379">
        <ele>105.6</ele>
        <time>2026-09-24T13:04:31Z</time>
        <extensions>
          <gpxtpx:TrackPointExtension>
            <gpxtpx:hr>158</gpxtpx:hr>
          </gpxtpx:TrackPointExtension>
        </extensions>
      </trkpt>
      <trkpt lat="35.88711254821098" lon="115.11360211944599">
        <ele>105.6</ele>
        <time>2026-09-24T13:04:32Z</time>
        <extensions>
          <gpxtpx:TrackPointExtension>
            <gpxtpx:hr>158</gpxtpx:hr>
          </gpxtpx:TrackPointExtension>
        </extensions>
      </trkpt>
      <trkpt lat="35.88711954710312" lon="115.11360311955902">
        <ele>105.6</ele>
        <time>2026-09-24T13:04:33Z</time>
        <extensions>
          <gpxtpx:TrackPointExtension>
            <gpxtpx:hr>158</gpxtpx:hr>
          </gpxtpx:TrackPointExtension>
        </extensions>
      </trkpt>
      <trkpt lat="35.88713054487022" lon="115.11360411923522">
        <ele>105.6</ele>
        <time>2026-09-24T13:04:34Z</time>
        <extensions>
          <gpxtpx:TrackPointExtension>
            <gpxtpx:hr>158</gpxtpx:hr>
          </gpxtpx:TrackPointExtension>
        </extensions>
      </trkpt>
      <trkpt lat="35.887141543498686" lon="115.11360611978917">
        <ele>105.7</ele>
        <time>2026-09-24T13:04:35Z</time>
        <extensions>
          <gpxtpx:TrackPointExtension>
            <gpxtpx:hr>152</gpxtpx:hr>
          </gpxtpx:TrackPointExtension>
        </extensions>
      </trkpt>
      <trkpt lat="35.88715354184611" lon="115.11360812023406">
        <ele>105.7</ele>
        <time>2026-09-24T13:04:36Z</time>
        <extensions>
          <gpxtpx:TrackPointExtension>
            <gpxtpx:hr>152</gpxtpx:hr>
          </gpxtpx:TrackPointExtension>
        </extensions>
      </trkpt>
      <trkpt lat="35.887165540193784" lon="115.11361012067914">
        <ele>105.7</ele>
        <time>2026-09-24T13:04:37Z</time>
        <extensions>
          <gpxtpx:TrackPointExtension>
            <gpxtpx:hr>152</gpxtpx:hr>
          </gpxtpx:TrackPointExtension>
        </extensions>
      </trkpt>
      <trkpt lat="35.887177538541685" lon="115.11361212112442">
        <ele>105.7</ele>
        <time>2026-09-24T13:04:38Z</time>
        <extensions>
          <gpxtpx:TrackPointExtension>
            <gpxtpx:hr>152</gpxtpx:hr>
          </gpxtpx:TrackPointExtension>
        </extensions>
      </trkpt>
      <trkpt lat="35.887187537452306" lon="115.11361412178829">
        <ele>105.7</ele>
        <time>2026-09-24T13:04:39Z</time>
        <extensions>
          <gpxtpx:TrackPointExtension>
            <gpxtpx:hr>152</gpxtpx:hr>
          </gpxtpx:TrackPointExtension>
        </extensions>
      </trkpt>
      <trkpt lat="35.8871955369256" lon="115.11361612267079">
        <ele>105.7</ele>
        <time>2026-09-24T13:04:40Z</time>
        <extensions>
          <gpxtpx:TrackPointExtension>
            <gpxtpx:hr>152</gpxtpx:hr>
          </gpxtpx:TrackPointExtension>
        </extensions>
      </trkpt>
      <trkpt lat="35.88720053638109" lon="115.1136171230029">
        <ele>105.7</ele>
        <time>2026-09-24T13:04:41Z</time>
        <extensions>
          <gpxtpx:TrackPointExtension>
            <gpxtpx:hr>152</gpxtpx:hr>
          </gpxtpx:TrackPointExtension>
        </extensions>
      </trkpt>
      <trkpt lat="35.887207536135904" lon="115.11361912399488">
        <ele>105.7</ele>
        <time>2026-09-24T13:04:42Z</time>
        <extensions>
          <gpxtpx:TrackPointExtension>
            <gpxtpx:hr>152</gpxtpx:hr>
          </gpxtpx:TrackPointExtension>
        </extensions>
      </trkpt>
      <trkpt lat="35.88721953534662" lon="115.11362212531938">
        <ele>105.7</ele>
        <time>2026-09-24T13:04:43Z</time>
        <extensions>
          <gpxtpx:TrackPointExtension>
            <gpxtpx:hr>152</gpxtpx:hr>
          </gpxtpx:TrackPointExtension>
        </extensions>
      </trkpt>
      <trkpt lat="35.88723753373247" lon="115.11362612686754">
        <ele>105.7</ele>
        <time>2026-09-24T13:04:44Z</time>
        <extensions>
          <gpxtpx:TrackPointExtension>
            <gpxtpx:hr>152</gpxtpx:hr>
          </gpxtpx:TrackPointExtension>
        </extensions>
      </trkpt>
      <trkpt lat="35.887253532681505" lon="115.1136301286349">
        <ele>105.8</ele>
        <time>2026-09-24T13:04:45Z</time>
        <extensions>
          <gpxtpx:TrackPointExtension>
            <gpxtpx:hr>151</gpxtpx:hr>
          </gpxtpx:TrackPointExtension>
        </extensions>
      </trkpt>
      <trkpt lat="35.88726353245616" lon="115.11363313017931">
        <ele>105.8</ele>
        <time>2026-09-24T13:04:46Z</time>
        <extensions>
          <gpxtpx:TrackPointExtension>
            <gpxtpx:hr>151</gpxtpx:hr>
          </gpxtpx:TrackPointExtension>
        </extensions>
      </trkpt>
      <trkpt lat="35.88726853277478" lon="115.11363513139118">
        <ele>105.8</ele>
        <time>2026-09-24T13:04:47Z</time>
        <extensions>
          <gpxtpx:TrackPointExtension>
            <gpxtpx:hr>151</gpxtpx:hr>
          </gpxtpx:TrackPointExtension>
        </extensions>
      </trkpt>
      <trkpt lat="35.887274531950005" lon="115.1136361316149">
        <ele>105.8</ele>
        <time>2026-09-24T13:04:48Z</time>
        <extensions>
          <gpxtpx:TrackPointExtension>
            <gpxtpx:hr>151</gpxtpx:hr>
          </gpxtpx:TrackPointExtension>
        </extensions>
      </trkpt>
      <trkpt lat="35.88728453172544" lon="115.11363913316013">
        <ele>105.8</ele>
        <time>2026-09-24T13:04:49Z</time>
        <extensions>
          <gpxtpx:TrackPointExtension>
            <gpxtpx:hr>151</gpxtpx:hr>
          </gpxtpx:TrackPointExtension>
        </extensions>
      </trkpt>
      <trkpt lat="35.887294531501276" lon="115.11364213470574">
        <ele>105.8</ele>
        <time>2026-09-24T13:04:50Z</time>
        <extensions>
          <gpxtpx:TrackPointExtension>
            <gpxtpx:hr>144</gpxtpx:hr>
          </gpxtpx:TrackPointExtension>
        </extensions>
      </trkpt>
      <trkpt lat="35.88730553013365" lon="115.1136441352631">
        <ele>105.8</ele>
        <time>2026-09-24T13:04:51Z</time>
        <extensions>
          <gpxtpx:TrackPointExtension>
            <gpxtpx:hr>144</gpxtpx:hr>
          </gpxtpx:TrackPointExtension>
        </extensions>
      </trkpt>
      <trkpt lat="35.88731752934783" lon="115.11364713659097">
        <ele>105.8</ele>
        <time>2026-09-24T13:04:52Z</time>
        <extensions>
          <gpxtpx:TrackPointExtension>
            <gpxtpx:hr>144</gpxtpx:hr>
          </gpxtpx:TrackPointExtension>
        </extensions>
      </trkpt>
      <trkpt lat="35.88732852884359" lon="115.11365013802846">
        <ele>105.8</ele>
        <time>2026-09-24T13:04:53Z</time>
        <extensions>
          <gpxtpx:TrackPointExtension>
            <gpxtpx:hr>144</gpxtpx:hr>
          </gpxtpx:TrackPointExtension>
        </extensions>
      </trkpt>
      <trkpt lat="35.88733752890204" lon="115.11365313968477">
        <ele>105.8</ele>
        <time>2026-09-24T13:04:54Z</time>
        <extensions>
          <gpxtpx:TrackPointExtension>
            <gpxtpx:hr>144</gpxtpx:hr>
          </gpxtpx:TrackPointExtension>
        </extensions>
      </trkpt>
      <trkpt lat="35.887344528660066" lon="115.11365514068">
        <ele>105.8</ele>
        <time>2026-09-24T13:04:55Z</time>
        <extensions>
          <gpxtpx:TrackPointExtension>
            <gpxtpx:hr>141</gpxtpx:hr>
          </gpxtpx:TrackPointExtension>
        </extensions>
      </trkpt>
      <trkpt lat="35.887351528418286" lon="115.1136571416754">
        <ele>105.8</ele>
        <time>2026-09-24T13:04:56Z</time>
        <extensions>
          <gpxtpx:TrackPointExtension>
            <gpxtpx:hr>141</gpxtpx:hr>
          </gpxtpx:TrackPointExtension>
        </extensions>
      </trkpt>
      <trkpt lat="35.887362527915364" lon="115.11366014311423">
        <ele>105.8</ele>
        <time>2026-09-24T13:04:57Z</time>
        <extensions>
          <gpxtpx:TrackPointExtension>
            <gpxtpx:hr>141</gpxtpx:hr>
          </gpxtpx:TrackPointExtension>
        </extensions>
      </trkpt>
      <trkpt lat="35.887372528557336" lon="115.113664145543">
        <ele>105.8</ele>
        <time>2026-09-24T13:04:58Z</time>
        <extensions>
          <gpxtpx:TrackPointExtension>
            <gpxtpx:hr>141</gpxtpx:hr>
          </gpxtpx:TrackPointExtension>
        </extensions>
      </trkpt>
      <trkpt lat="35.887381529481075" lon="115.11366814808171">
        <ele>105.0</ele>
        <time>2026-09-24T13:04:59Z</time>
        <extensions>
          <gpxtpx:TrackPointExtension>
            <gpxtpx:hr>141</gpxtpx:hr>
          </gpxtpx:TrackPointExtension>
        </extensions>
      </trkpt>
      <trkpt lat="35.88739252984321" lon="115.11367215040268">
        <ele>105.0</ele>
        <time>2026-09-24T13:05:00Z</time>
        <extensions>
          <gpxtpx:TrackPointExtension>
            <gpxtpx:hr>139</gpxtpx:hr>
          </gpxtpx:TrackPointExtension>
        </extensions>
      </trkpt>
      <trkpt lat="35.887404529061115" lon="115.11367515173431">
        <ele>105.8</ele>
        <time>2026-09-24T13:05:01Z</time>
        <extensions>
          <gpxtpx:TrackPointExtension>
            <gpxtpx:hr>139</gpxtpx:hr>
          </gpxtpx:TrackPointExtension>
        </extensions>
      </trkpt>
      <trkpt lat="35.88741752713446" lon="115.11367715207619">
        <ele>105.8</ele>
        <time>2026-09-24T13:05:02Z</time>
        <extensions>
          <gpxtpx:TrackPointExtension>
            <gpxtpx:hr>139</gpxtpx:hr>
          </gpxtpx:TrackPointExtension>
        </extensions>
      </trkpt>
      <trkpt lat="35.88742952548915" lon="115.11367915252748">
        <ele>105.8</ele>
        <time>2026-09-24T13:05:03Z</time>
        <extensions>
          <gpxtpx:TrackPointExtension>
            <gpxtpx:hr>139</gpxtpx:hr>
          </gpxtpx:TrackPointExtension>
        </extensions>
      </trkpt>
      <trkpt lat="35.88744052412515" lon="115.11368115308815">
        <ele>105.8</ele>
        <time>2026-09-24T13:05:04Z</time>
        <extensions>
          <gpxtpx:TrackPointExtension>
            <gpxtpx:hr>139</gpxtpx:hr>
          </gpxtpx:TrackPointExtension>
        </extensions>
      </trkpt>
      <trkpt lat="35.88744852446869" lon="115.11368415485788">
        <ele>105.9</ele>
        <time>2026-09-24T13:05:05Z</time>
        <extensions>
          <gpxtpx:TrackPointExtension>
            <gpxtpx:hr>139</gpxtpx:hr>
          </gpxtpx:TrackPointExtension>
        </extensions>
      </trkpt>
      <trkpt lat="35.88745752539577" lon="115.11368815740018">
        <ele>105.9</ele>
        <time>2026-09-24T13:05:06Z</time>
        <extensions>
          <gpxtpx:TrackPointExtension>
            <gpxtpx:hr>139</gpxtpx:hr>
          </gpxtpx:TrackPointExtension>
        </extensions>
      </trkpt>
      <trkpt lat="35.887468525761335" lon="115.11369215972475">
        <ele>105.9</ele>
        <time>2026-09-24T13:05:07Z</time>
        <extensions>
          <gpxtpx:TrackPointExtension>
            <gpxtpx:hr>139</gpxtpx:hr>
          </gpxtpx:TrackPointExtension>
        </extensions>
      </trkpt>
      <trkpt lat="35.88747952612757" lon="115.11369616205005">
        <ele>105.9</ele>
        <time>2026-09-24T13:05:08Z</time>
        <extensions>
          <gpxtpx:TrackPointExtension>
            <gpxtpx:hr>139</gpxtpx:hr>
          </gpxtpx:TrackPointExtension>
        </extensions>
      </trkpt>
      <trkpt lat="35.88749052649447" lon="115.11370016437604">
        <ele>105.9</ele>
        <time>2026-09-24T13:05:09Z</time>
        <extensions>
          <gpxtpx:TrackPointExtension>
            <gpxtpx:hr>139</gpxtpx:hr>
          </gpxtpx:TrackPointExtension>
        </extensions>
      </trkpt>
      <trkpt lat="35.88750152772687" lon="115.11370516758492">
        <ele>105.9</ele>
        <time>2026-09-24T13:05:10Z</time>
        <extensions>
          <gpxtpx:TrackPointExtension>
            <gpxtpx:hr>139</gpxtpx:hr>
          </gpxtpx:TrackPointExtension>
        </extensions>
      </trkpt>
      <trkpt lat="35.88751352781418" lon="115.11370916980333">
        <ele>105.9</ele>
        <time>2026-09-24T13:05:11Z</time>
        <extensions>
          <gpxtpx:TrackPointExtension>
            <gpxtpx:hr>139</gpxtpx:hr>
          </gpxtpx:TrackPointExtension>
        </extensions>
      </trkpt>
      <trkpt lat="35.88752152816114" lon="115.11371217157684">
        <ele>105.9</ele>
        <time>2026-09-24T13:05:12Z</time>
        <extensions>
          <gpxtpx:TrackPointExtension>
            <gpxtpx:hr>139</gpxtpx:hr>
          </gpxtpx:TrackPointExtension>
        </extensions>
      </trkpt>
      <trkpt lat="35.88753052736222" lon="115.11371417235891">
        <ele>105.9</ele>
        <time>2026-09-24T13:05:13Z</time>
        <extensions>
          <gpxtpx:TrackPointExtension>
            <gpxtpx:hr>139</gpxtpx:hr>
          </gpxtpx:TrackPointExtension>
        </extensions>
      </trkpt>
      <trkpt lat="35.88754152600147" lon="115.11371617292272">
        <ele>105.9</ele>
        <time>2026-09-24T13:05:14Z</time>
        <extensions>
          <gpxtpx:TrackPointExtension>
            <gpxtpx:hr>139</gpxtpx:hr>
          </gpxtpx:TrackPointExtension>
        </extensions>
      </trkpt>
      <trkpt lat="35.887551524056626" lon="115.11371717271321">
        <ele>106.0</ele>
        <time>2026-09-24T13:05:15Z</time>
        <extensions>
          <gpxtpx:TrackPointExtension>
            <gpxtpx:hr>137</gpxtpx:hr>
          </gpxtpx:TrackPointExtension>
        </extensions>
      </trkpt>
      <trkpt lat="35.88756152211188" lon="115.11371817250375">
        <ele>106.0</ele>
        <time>2026-09-24T13:05:16Z</time>
        <extensions>
          <gpxtpx:TrackPointExtension>
            <gpxtpx:hr>137</gpxtpx:hr>
          </gpxtpx:TrackPointExtension>
        </extensions>
      </trkpt>
      <trkpt lat="35.887569518998546" lon="115.11371717074725">
        <ele>106.0</ele>
        <time>2026-09-24T13:05:17Z</time>
        <extensions>
          <gpxtpx:TrackPointExtension>
            <gpxtpx:hr>137</gpxtpx:hr>
          </gpxtpx:TrackPointExtension>
        </extensions>
      </trkpt>
      <trkpt lat="35.887578516469596" lon="115.11371716976426">
        <ele>106.0</ele>
        <time>2026-09-24T13:05:18Z</time>
        <extensions>
          <gpxtpx:TrackPointExtension>
            <gpxtpx:hr>137</gpxtpx:hr>
          </gpxtpx:TrackPointExtension>
        </extensions>
      </trkpt>
      <trkpt lat="35.88759051396305" lon="115.11371816933637">
        <ele>106.0</ele>
        <time>2026-09-24T13:05:19Z</time>
        <extensions>
          <gpxtpx:TrackPointExtension>
            <gpxtpx:hr>137</gpxtpx:hr>
          </gpxtpx:TrackPointExtension>
        </extensions>
      </trkpt>
      <trkpt lat="35.88760251145663" lon="115.11371916890849">
        <ele>106.0</ele>
        <time>2026-09-24T13:05:20Z</time>
        <extensions>
          <gpxtpx:TrackPointExtension>
            <gpxtpx:hr>134</gpxtpx:hr>
          </gpxtpx:TrackPointExtension>
        </extensions>
      </trkpt>
      <trkpt lat="35.887610510074225" lon="115.11372016891755">
        <ele>106.0</ele>
        <time>2026-09-24T13:05:21Z</time>
        <extensions>
          <gpxtpx:TrackPointExtension>
            <gpxtpx:hr>134</gpxtpx:hr>
          </gpxtpx:TrackPointExtension>
        </extensions>
      </trkpt>
      <trkpt lat="35.887618511288416" lon="115.11372417157554">
        <ele>106.0</ele>
        <time>2026-09-24T13:05:22Z</time>
        <extensions>
          <gpxtpx:TrackPointExtension>
            <gpxtpx:hr>134</gpxtpx:hr>
          </gpxtpx:TrackPointExtension>
        </extensions>
      </trkpt>
      <trkpt lat="35.8876265151005" lon="115.11373117688404">
        <ele>106.0</ele>
        <time>2026-09-24T13:05:23Z</time>
        <extensions>
          <gpxtpx:TrackPointExtension>
            <gpxtpx:hr>134</gpxtpx:hr>
          </gpxtpx:TrackPointExtension>
        </extensions>
      </trkpt>
      <trkpt lat="35.88763351659731" lon="115.11373517965322">
        <ele>106.0</ele>
        <time>2026-09-24T13:05:24Z</time>
        <extensions>
          <gpxtpx:TrackPointExtension>
            <gpxtpx:hr>134</gpxtpx:hr>
          </gpxtpx:TrackPointExtension>
        </extensions>
      </trkpt>
      <trkpt lat="35.88764151521565" lon="115.113736179663">
        <ele>106.0</ele>
        <time>2026-09-24T13:05:25Z</time>
        <extensions>
          <gpxtpx:TrackPointExtension>
            <gpxtpx:hr>134</gpxtpx:hr>
          </gpxtpx:TrackPointExtension>
        </extensions>
      </trkpt>
      <trkpt lat="35.887649512968046" lon="115.11373617878924">
        <ele>106.0</ele>
        <time>2026-09-24T13:05:26Z</time>
        <extensions>
          <gpxtpx:TrackPointExtension>
            <gpxtpx:hr>134</gpxtpx:hr>
          </gpxtpx:TrackPointExtension>
        </extensions>
      </trkpt>
      <trkpt lat="35.88765950929262" lon="115.11373517681349">
        <ele>106.0</ele>
        <time>2026-09-24T13:05:27Z</time>
        <extensions>
          <gpxtpx:TrackPointExtension>
            <gpxtpx:hr>134</gpxtpx:hr>
          </gpxtpx:TrackPointExtension>
        </extensions>
      </trkpt>
      <trkpt lat="35.88766750704511" lon="115.11373517593972">
        <ele>106.0</ele>
        <time>2026-09-24T13:05:28Z</time>
        <extensions>
          <gpxtpx:TrackPointExtension>
            <gpxtpx:hr>134</gpxtpx:hr>
          </gpxtpx:TrackPointExtension>
        </extensions>
      </trkpt>
      <trkpt lat="35.8876735053595" lon="115.1137351752844">
        <ele>106.0</ele>
        <time>2026-09-24T13:05:29Z</time>
        <extensions>
          <gpxtpx:TrackPointExtension>
            <gpxtpx:hr>134</gpxtpx:hr>
          </gpxtpx:TrackPointExtension>
        </extensions>
      </trkpt>
      <trkpt lat="35.88768250283113" lon="115.11373517430142">
        <ele>106.0</ele>
        <time>2026-09-24T13:05:30Z</time>
        <extensions>
          <gpxtpx:TrackPointExtension>
            <gpxtpx:hr>134</gpxtpx:hr>
          </gpxtpx:TrackPointExtension>
        </extensions>
      </trkpt>
      <trkpt lat="35.88769150030282" lon="115.11373517331843">
        <ele>106.0</ele>
        <time>2026-09-24T13:05:31Z</time>
        <extensions>
          <gpxtpx:TrackPointExtension>
            <gpxtpx:hr>134</gpxtpx:hr>
          </gpxtpx:TrackPointExtension>
        </extensions>
      </trkpt>
      <trkpt lat="35.88770049604271" lon="115.1137331705685">
        <ele>106.0</ele>
        <time>2026-09-24T13:05:32Z</time>
        <extensions>
          <gpxtpx:TrackPointExtension>
            <gpxtpx:hr>134</gpxtpx:hr>
          </gpxtpx:TrackPointExtension>
        </extensions>
      </trkpt>
      <trkpt lat="35.88770749667414" lon="115.11373617245444">
        <ele>106.0</ele>
        <time>2026-09-24T13:05:33Z</time>
        <extensions>
          <gpxtpx:TrackPointExtension>
            <gpxtpx:hr>134</gpxtpx:hr>
          </gpxtpx:TrackPointExtension>
        </extensions>
      </trkpt>
      <trkpt lat="35.887713498452946" lon="115.11374017533373">
        <ele>106.0</ele>
        <time>2026-09-24T13:05:34Z</time>
        <extensions>
          <gpxtpx:TrackPointExtension>
            <gpxtpx:hr>134</gpxtpx:hr>
          </gpxtpx:TrackPointExtension>
        </extensions>
      </trkpt>
      <trkpt lat="35.88771849878077" lon="115.1137421765552">
        <ele>106.1</ele>
        <time>2026-09-24T13:05:35Z</time>
        <extensions>
          <gpxtpx:TrackPointExtension>
            <gpxtpx:hr>133</gpxtpx:hr>
          </gpxtpx:TrackPointExtension>
        </extensions>
      </trkpt>
      <trkpt lat="35.88772449796159" lon="115.11374317678374">
        <ele>106.1</ele>
        <time>2026-09-24T13:05:36Z</time>
        <extensions>
          <gpxtpx:TrackPointExtension>
            <gpxtpx:hr>133</gpxtpx:hr>
          </gpxtpx:TrackPointExtension>
        </extensions>
      </trkpt>
      <trkpt lat="35.887729497423365" lon="115.11374417712153">
        <ele>106.1</ele>
        <time>2026-09-24T13:05:37Z</time>
        <extensions>
          <gpxtpx:TrackPointExtension>
            <gpxtpx:hr>133</gpxtpx:hr>
          </gpxtpx:TrackPointExtension>
        </extensions>
      </trkpt>
      <trkpt lat="35.88773149859421" lon="115.11374617867104">
        <ele>106.1</ele>
        <time>2026-09-24T13:05:38Z</time>
        <extensions>
          <gpxtpx:TrackPointExtension>
            <gpxtpx:hr>133</gpxtpx:hr>
          </gpxtpx:TrackPointExtension>
        </extensions>
      </trkpt>
      <trkpt lat="35.88773549747063" lon="115.11374617823415">
        <ele>106.1</ele>
        <time>2026-09-24T13:05:39Z</time>
        <extensions>
          <gpxtpx:TrackPointExtension>
            <gpxtpx:hr>133</gpxtpx:hr>
          </gpxtpx:TrackPointExtension>
        </extensions>
      </trkpt>
      <trkpt lat="35.887741495785285" lon="115.11374617757883">
        <ele>106.1</ele>
        <time>2026-09-24T13:05:40Z</time>
        <extensions>
          <gpxtpx:TrackPointExtension>
            <gpxtpx:hr>128</gpxtpx:hr>
          </gpxtpx:TrackPointExtension>
        </extensions>
      </trkpt>
      <trkpt lat="35.88774549639452" lon="115.11374817891006">
        <ele>106.1</ele>
        <time>2026-09-24T13:05:41Z</time>
        <extensions>
          <gpxtpx:TrackPointExtension>
            <gpxtpx:hr>128</gpxtpx:hr>
          </gpxtpx:TrackPointExtension>
        </extensions>
      </trkpt>
      <trkpt lat="35.88775149644214" lon="115.11375018002302">
        <ele>106.1</ele>
        <time>2026-09-24T13:05:42Z</time>
        <extensions>
          <gpxtpx:TrackPointExtension>
            <gpxtpx:hr>128</gpxtpx:hr>
          </gpxtpx:TrackPointExtension>
        </extensions>
      </trkpt>
      <trkpt lat="35.88775749562337" lon="115.11375118025191">
        <ele>106.1</ele>
        <time>2026-09-24T13:05:43Z</time>
        <extensions>
          <gpxtpx:TrackPointExtension>
            <gpxtpx:hr>128</gpxtpx:hr>
          </gpxtpx:TrackPointExtension>
        </extensions>
      </trkpt>
      <trkpt lat="35.88776249421898" lon="115.1137511797058">
        <ele>106.1</ele>
        <time>2026-09-24T13:05:44Z</time>
        <extensions>
          <gpxtpx:TrackPointExtension>
            <gpxtpx:hr>128</gpxtpx:hr>
          </gpxtpx:TrackPointExtension>
        </extensions>
      </trkpt>
      <trkpt lat="35.887770491972" lon="115.11375117883203">
        <ele>106.1</ele>
        <time>2026-09-24T13:05:45Z</time>
        <extensions>
          <gpxtpx:TrackPointExtension>
            <gpxtpx:hr>125</gpxtpx:hr>
          </gpxtpx:TrackPointExtension>
        </extensions>
      </trkpt>
      <trkpt lat="35.88777649201993" lon="115.11375317994529">
        <ele>106.1</ele>
        <time>2026-09-24T13:05:46Z</time>
        <extensions>
          <gpxtpx:TrackPointExtension>
            <gpxtpx:hr>125</gpxtpx:hr>
          </gpxtpx:TrackPointExtension>
        </extensions>
      </trkpt>
      <trkpt lat="35.88778049349646" lon="115.11375618216158">
        <ele>106.1</ele>
        <time>2026-09-24T13:05:47Z</time>
        <extensions>
          <gpxtpx:TrackPointExtension>
            <gpxtpx:hr>125</gpxtpx:hr>
          </gpxtpx:TrackPointExtension>
        </extensions>
      </trkpt>
      <trkpt lat="35.88778449323974" lon="115.11375718260919">
        <ele>106.1</ele>
        <time>2026-09-24T13:05:48Z</time>
        <extensions>
          <gpxtpx:TrackPointExtension>
            <gpxtpx:hr>125</gpxtpx:hr>
          </gpxtpx:TrackPointExtension>
        </extensions>
      </trkpt>
      <trkpt lat="35.887787493263936" lon="115.11375818316606">
        <ele>106.1</ele>
        <time>2026-09-24T13:05:49Z</time>
        <extensions>
          <gpxtpx:TrackPointExtension>
            <gpxtpx:hr>125</gpxtpx:hr>
          </gpxtpx:TrackPointExtension>
        </extensions>
      </trkpt>
      <trkpt lat="35.887787493263936" lon="115.11375818316606">
        <ele>106.1</ele>
        <time>2026-09-24T13:05:50Z</time>
        <extensions>
          <gpxtpx:TrackPointExtension>
            <gpxtpx:hr>125</gpxtpx:hr>
          </gpxtpx:TrackPointExtension>
        </extensions>
      </trkpt>
      <trkpt lat="35.88778849298307" lon="115.11375818305685">
        <ele>106.1</ele>
        <time>2026-09-24T13:05:51Z</time>
        <extensions>
          <gpxtpx:TrackPointExtension>
            <gpxtpx:hr>125</gpxtpx:hr>
          </gpxtpx:TrackPointExtension>
        </extensions>
      </trkpt>
      <trkpt lat="35.88778949270221" lon="115.11375818294762">
        <ele>106.1</ele>
        <time>2026-09-24T13:05:52Z</time>
        <extensions>
          <gpxtpx:TrackPointExtension>
            <gpxtpx:hr>125</gpxtpx:hr>
          </gpxtpx:TrackPointExtension>
        </extensions>
      </trkpt>
      <trkpt lat="35.88779049155458" lon="115.11375718195387">
        <ele>106.1</ele>
        <time>2026-09-24T13:05:53Z</time>
        <extensions>
          <gpxtpx:TrackPointExtension>
            <gpxtpx:hr>125</gpxtpx:hr>
          </gpxtpx:TrackPointExtension>
        </extensions>
      </trkpt>
      <trkpt lat="35.887791491273724" lon="115.11375718184465">
        <ele>106.1</ele>
        <time>2026-09-24T13:05:54Z</time>
        <extensions>
          <gpxtpx:TrackPointExtension>
            <gpxtpx:hr>125</gpxtpx:hr>
          </gpxtpx:TrackPointExtension>
        </extensions>
      </trkpt>
      <trkpt lat="35.887791491273724" lon="115.11375718184465">
        <ele>106.1</ele>
        <time>2026-09-24T13:05:55Z</time>
        <extensions>
          <gpxtpx:TrackPointExtension>
            <gpxtpx:hr>124</gpxtpx:hr>
          </gpxtpx:TrackPointExtension>
        </extensions>
      </trkpt>
      <trkpt lat="35.88779249012613" lon="115.11375618085093">
        <ele>106.1</ele>
        <time>2026-09-24T13:05:56Z</time>
        <extensions>
          <gpxtpx:TrackPointExtension>
            <gpxtpx:hr>124</gpxtpx:hr>
          </gpxtpx:TrackPointExtension>
        </extensions>
      </trkpt>
      <trkpt lat="35.88779348984527" lon="115.11375618074172">
        <ele>106.1</ele>
        <time>2026-09-24T13:05:57Z</time>
        <extensions>
          <gpxtpx:TrackPointExtension>
            <gpxtpx:hr>124</gpxtpx:hr>
          </gpxtpx:TrackPointExtension>
        </extensions>
      </trkpt>
      <trkpt lat="35.88779348984527" lon="115.11375618074172">
        <ele>106.1</ele>
        <time>2026-09-24T13:05:58Z</time>
        <extensions>
          <gpxtpx:TrackPointExtension>
            <gpxtpx:hr>124</gpxtpx:hr>
          </gpxtpx:TrackPointExtension>
        </extensions>
      </trkpt>
      <trkpt lat="35.88779448956441" lon="115.11375618063249">
        <ele>106.0</ele>
        <time>2026-09-24T13:05:59Z</time>
        <extensions>
          <gpxtpx:TrackPointExtension>
            <gpxtpx:hr>124</gpxtpx:hr>
          </gpxtpx:TrackPointExtension>
        </extensions>
      </trkpt>
      <trkpt lat="35.88779448956441" lon="115.11375618063249">
        <ele>106.0</ele>
        <time>2026-09-24T13:06:00Z</time>
        <extensions>
          <gpxtpx:TrackPointExtension>
            <gpxtpx:hr>120</gpxtpx:hr>
          </gpxtpx:TrackPointExtension>
        </extensions>
      </trkpt>
      <trkpt lat="35.88779548928356" lon="115.11375618052327">
        <ele>106.1</ele>
        <time>2026-09-24T13:06:01Z</time>
        <extensions>
          <gpxtpx:TrackPointExtension>
            <gpxtpx:hr>120</gpxtpx:hr>
          </gpxtpx:TrackPointExtension>
        </extensions>
      </trkpt>
      <trkpt lat="35.88779548928356" lon="115.11375618052327">
        <ele>106.1</ele>
        <time>2026-09-24T13:06:02Z</time>
        <extensions>
          <gpxtpx:TrackPointExtension>
            <gpxtpx:hr>120</gpxtpx:hr>
          </gpxtpx:TrackPointExtension>
        </extensions>
      </trkpt>
      <trkpt lat="35.88779548928356" lon="115.11375618052327">
        <ele>106.1</ele>
        <time>2026-09-24T13:06:03Z</time>
        <extensions>
          <gpxtpx:TrackPointExtension>
            <gpxtpx:hr>120</gpxtpx:hr>
          </gpxtpx:TrackPointExtension>
        </extensions>
      </trkpt>
      <trkpt lat="35.88779548928356" lon="115.11375618052327">
        <ele>106.1</ele>
        <time>2026-09-24T13:06:04Z</time>
        <extensions>
          <gpxtpx:TrackPointExtension>
            <gpxtpx:hr>120</gpxtpx:hr>
          </gpxtpx:TrackPointExtension>
        </extensions>
      </trkpt>
      <trkpt lat="35.88779548928356" lon="115.11375618052327">
        <ele>106.2</ele>
        <time>2026-09-24T13:06:05Z</time>
        <extensions>
          <gpxtpx:TrackPointExtension>
            <gpxtpx:hr>119</gpxtpx:hr>
          </gpxtpx:TrackPointExtension>
        </extensions>
      </trkpt>
      <trkpt lat="35.88779448956441" lon="115.11375618063249">
        <ele>106.2</ele>
        <time>2026-09-24T13:06:06Z</time>
        <extensions>
          <gpxtpx:TrackPointExtension>
            <gpxtpx:hr>119</gpxtpx:hr>
          </gpxtpx:TrackPointExtension>
        </extensions>
      </trkpt>
      <trkpt lat="35.88779448956441" lon="115.11375618063249">
        <ele>106.2</ele>
        <time>2026-09-24T13:06:07Z</time>
        <extensions>
          <gpxtpx:TrackPointExtension>
            <gpxtpx:hr>119</gpxtpx:hr>
          </gpxtpx:TrackPointExtension>
        </extensions>
      </trkpt>
      <trkpt lat="35.88779348984527" lon="115.11375618074172">
        <ele>106.2</ele>
        <time>2026-09-24T13:06:08Z</time>
        <extensions>
          <gpxtpx:TrackPointExtension>
            <gpxtpx:hr>119</gpxtpx:hr>
          </gpxtpx:TrackPointExtension>
        </extensions>
      </trkpt>
      <trkpt lat="35.88779249012613" lon="115.11375618085093">
        <ele>106.2</ele>
        <time>2026-09-24T13:06:09Z</time>
        <extensions>
          <gpxtpx:TrackPointExtension>
            <gpxtpx:hr>119</gpxtpx:hr>
          </gpxtpx:TrackPointExtension>
        </extensions>
      </trkpt>
      <trkpt lat="35.88779149040698" lon="115.11375618096015">
        <ele>106.2</ele>
        <time>2026-09-24T13:06:10Z</time>
        <extensions>
          <gpxtpx:TrackPointExtension>
            <gpxtpx:hr>120</gpxtpx:hr>
          </gpxtpx:TrackPointExtension>
        </extensions>
      </trkpt>
      <trkpt lat="35.88779049068784" lon="115.11375618106938">
        <ele>106.2</ele>
        <time>2026-09-24T13:06:11Z</time>
        <extensions>
          <gpxtpx:TrackPointExtension>
            <gpxtpx:hr>120</gpxtpx:hr>
          </gpxtpx:TrackPointExtension>
        </extensions>
      </trkpt>
      <trkpt lat="35.887789491835434" lon="115.1137571820631">
        <ele>106.2</ele>
        <time>2026-09-24T13:06:12Z</time>
        <extensions>
          <gpxtpx:TrackPointExtension>
            <gpxtpx:hr>120</gpxtpx:hr>
          </gpxtpx:TrackPointExtension>
        </extensions>
      </trkpt>
      <trkpt lat="35.8877884921163" lon="115.11375718217231">
        <ele>106.2</ele>
        <time>2026-09-24T13:06:13Z</time>
        <extensions>
          <gpxtpx:TrackPointExtension>
            <gpxtpx:hr>120</gpxtpx:hr>
          </gpxtpx:TrackPointExtension>
        </extensions>
      </trkpt>
      <trkpt lat="35.88778749239716" lon="115.11375718228153">
        <ele>106.2</ele>
        <time>2026-09-24T13:06:14Z</time>
        <extensions>
          <gpxtpx:TrackPointExtension>
            <gpxtpx:hr>120</gpxtpx:hr>
          </gpxtpx:TrackPointExtension>
        </extensions>
      </trkpt>
      <trkpt lat="35.887785492958876" lon="115.11375718249998">
        <ele>106.2</ele>
        <time>2026-09-24T13:06:15Z</time>
        <extensions>
          <gpxtpx:TrackPointExtension>
            <gpxtpx:hr>120</gpxtpx:hr>
          </gpxtpx:TrackPointExtension>
        </extensions>
      </trkpt>
      <trkpt lat="35.88778449323974" lon="115.11375718260919">
        <ele>106.2</ele>
        <time>2026-09-24T13:06:16Z</time>
        <extensions>
          <gpxtpx:TrackPointExtension>
            <gpxtpx:hr>120</gpxtpx:hr>
          </gpxtpx:TrackPointExtension>
        </extensions>
      </trkpt>
      <trkpt lat="35.8877834935206" lon="115.11375718271842">
        <ele>106.2</ele>
        <time>2026-09-24T13:06:17Z</time>
        <extensions>
          <gpxtpx:TrackPointExtension>
            <gpxtpx:hr>120</gpxtpx:hr>
          </gpxtpx:TrackPointExtension>
        </extensions>
      </trkpt>
      <trkpt lat="35.887782494668244" lon="115.11375818371216">
        <ele>106.2</ele>
        <time>2026-09-24T13:06:18Z</time>
        <extensions>
          <gpxtpx:TrackPointExtension>
            <gpxtpx:hr>120</gpxtpx:hr>
          </gpxtpx:TrackPointExtension>
        </extensions>
      </trkpt>
      <trkpt lat="35.88778149494911" lon="115.11375818382139">
        <ele>106.2</ele>
        <time>2026-09-24T13:06:19Z</time>
        <extensions>
          <gpxtpx:TrackPointExtension>
            <gpxtpx:hr>120</gpxtpx:hr>
          </gpxtpx:TrackPointExtension>
        </extensions>
      </trkpt>
      <trkpt lat="35.88778049522997" lon="115.1137581839306">
        <ele>106.2</ele>
        <time>2026-09-24T13:06:20Z</time>
        <extensions>
          <gpxtpx:TrackPointExtension>
            <gpxtpx:hr>118</gpxtpx:hr>
          </gpxtpx:TrackPointExtension>
        </extensions>
      </trkpt>
      <trkpt lat="35.8877784957917" lon="115.11375818414905">
        <ele>106.2</ele>
        <time>2026-09-24T13:06:21Z</time>
        <extensions>
          <gpxtpx:TrackPointExtension>
            <gpxtpx:hr>118</gpxtpx:hr>
          </gpxtpx:TrackPointExtension>
        </extensions>
      </trkpt>
      <trkpt lat="35.887777496072566" lon="115.11375818425827">
        <ele>106.2</ele>
        <time>2026-09-24T13:06:22Z</time>
        <extensions>
          <gpxtpx:TrackPointExtension>
            <gpxtpx:hr>118</gpxtpx:hr>
          </gpxtpx:TrackPointExtension>
        </extensions>
      </trkpt>
      <trkpt lat="35.88777549750112" lon="115.11375918536127">
        <ele>106.2</ele>
        <time>2026-09-24T13:06:23Z</time>
        <extensions>
          <gpxtpx:TrackPointExtension>
            <gpxtpx:hr>118</gpxtpx:hr>
          </gpxtpx:TrackPointExtension>
        </extensions>
      </trkpt>
      <trkpt lat="35.887774497781976" lon="115.1137591854705">
        <ele>106.2</ele>
        <time>2026-09-24T13:06:24Z</time>
        <extensions>
          <gpxtpx:TrackPointExtension>
            <gpxtpx:hr>118</gpxtpx:hr>
          </gpxtpx:TrackPointExtension>
        </extensions>
      </trkpt>
      <trkpt lat="35.88777349806285" lon="115.11375918557972">
        <ele>106.3</ele>
        <time>2026-09-24T13:06:25Z</time>
        <extensions>
          <gpxtpx:TrackPointExtension>
            <gpxtpx:hr>116</gpxtpx:hr>
          </gpxtpx:TrackPointExtension>
        </extensions>
      </trkpt>
      <trkpt lat="35.88777149862459" lon="115.11375918579816">
        <ele>106.3</ele>
        <time>2026-09-24T13:06:26Z</time>
        <extensions>
          <gpxtpx:TrackPointExtension>
            <gpxtpx:hr>116</gpxtpx:hr>
          </gpxtpx:TrackPointExtension>
        </extensions>
      </trkpt>
      <trkpt lat="35.88777049890546" lon="115.11375918590738">
        <ele>106.3</ele>
        <time>2026-09-24T13:06:27Z</time>
        <extensions>
          <gpxtpx:TrackPointExtension>
            <gpxtpx:hr>116</gpxtpx:hr>
          </gpxtpx:TrackPointExtension>
        </extensions>
      </trkpt>
      <trkpt lat="35.8877684994672" lon="115.11375918612583">
        <ele>106.3</ele>
        <time>2026-09-24T13:06:28Z</time>
        <extensions>
          <gpxtpx:TrackPointExtension>
            <gpxtpx:hr>116</gpxtpx:hr>
          </gpxtpx:TrackPointExtension>
        </extensions>
      </trkpt>
      <trkpt lat="35.88776749974808" lon="115.11375918623504">
        <ele>106.3</ele>
        <time>2026-09-24T13:06:29Z</time>
        <extensions>
          <gpxtpx:TrackPointExtension>
            <gpxtpx:hr>116</gpxtpx:hr>
          </gpxtpx:TrackPointExtension>
        </extensions>
      </trkpt>
      <trkpt lat="35.887766500028945" lon="115.11375918634427">
        <ele>106.3</ele>
        <time>2026-09-24T13:06:30Z</time>
        <extensions>
          <gpxtpx:TrackPointExtension>
            <gpxtpx:hr>115</gpxtpx:hr>
          </gpxtpx:TrackPointExtension>
        </extensions>
      </trkpt>
      <trkpt lat="35.887765500309825" lon="115.11375918645349">
        <ele>106.3</ele>
        <time>2026-09-24T13:06:31Z</time>
        <extensions>
          <gpxtpx:TrackPointExtension>
            <gpxtpx:hr>115</gpxtpx:hr>
          </gpxtpx:TrackPointExtension>
        </extensions>
      </trkpt>
      <trkpt lat="35.887764501457546" lon="115.11376018744733">
        <ele>106.3</ele>
        <time>2026-09-24T13:06:32Z</time>
        <extensions>
          <gpxtpx:TrackPointExtension>
            <gpxtpx:hr>115</gpxtpx:hr>
          </gpxtpx:TrackPointExtension>
        </extensions>
      </trkpt>
      <trkpt lat="35.88776350173842" lon="115.11376018755655">
        <ele>106.3</ele>
        <time>2026-09-24T13:06:33Z</time>
        <extensions>
          <gpxtpx:TrackPointExtension>
            <gpxtpx:hr>115</gpxtpx:hr>
          </gpxtpx:TrackPointExtension>
        </extensions>
      </trkpt>
      <trkpt lat="35.88776350173842" lon="115.11376018755655">
        <ele>106.3</ele>
        <time>2026-09-24T13:06:34Z</time>
        <extensions>
          <gpxtpx:TrackPointExtension>
            <gpxtpx:hr>115</gpxtpx:hr>
          </gpxtpx:TrackPointExtension>
        </extensions>
      </trkpt>
      <trkpt lat="35.88776250201929" lon="115.11376018766576">
        <ele>106.5</ele>
        <time>2026-09-24T13:06:35Z</time>
        <extensions>
          <gpxtpx:TrackPointExtension>
            <gpxtpx:hr>115</gpxtpx:hr>
          </gpxtpx:TrackPointExtension>
        </extensions>
      </trkpt>
      <trkpt lat="35.88776250201929" lon="115.11376018766576">
        <ele>106.5</ele>
        <time>2026-09-24T13:06:36Z</time>
        <extensions>
          <gpxtpx:TrackPointExtension>
            <gpxtpx:hr>115</gpxtpx:hr>
          </gpxtpx:TrackPointExtension>
        </extensions>
      </trkpt>
      <trkpt lat="35.887761503167056" lon="115.11376118865965">
        <ele>106.5</ele>
        <time>2026-09-24T13:06:37Z</time>
        <extensions>
          <gpxtpx:TrackPointExtension>
            <gpxtpx:hr>115</gpxtpx:hr>
          </gpxtpx:TrackPointExtension>
        </extensions>
      </trkpt>
      <trkpt lat="35.887761503167056" lon="115.11376118865965">
        <ele>106.5</ele>
        <time>2026-09-24T13:06:38Z</time>
        <extensions>
          <gpxtpx:TrackPointExtension>
            <gpxtpx:hr>115</gpxtpx:hr>
          </gpxtpx:TrackPointExtension>
        </extensions>
      </trkpt>
      <trkpt lat="35.887761503167056" lon="115.11376118865965">
        <ele>106.5</ele>
        <time>2026-09-24T13:06:39Z</time>
        <extensions>
          <gpxtpx:TrackPointExtension>
            <gpxtpx:hr>115</gpxtpx:hr>
          </gpxtpx:TrackPointExtension>
        </extensions>
      </trkpt>
      <trkpt lat="35.88776050344793" lon="115.11376118876888">
        <ele>106.5</ele>
        <time>2026-09-24T13:06:40Z</time>
        <extensions>
          <gpxtpx:TrackPointExtension>
            <gpxtpx:hr>114</gpxtpx:hr>
          </gpxtpx:TrackPointExtension>
        </extensions>
      </trkpt>
      <trkpt lat="35.88776050344793" lon="115.11376118876888">
        <ele>106.5</ele>
        <time>2026-09-24T13:06:41Z</time>
        <extensions>
          <gpxtpx:TrackPointExtension>
            <gpxtpx:hr>114</gpxtpx:hr>
          </gpxtpx:TrackPointExtension>
        </extensions>
      </trkpt>
      <trkpt lat="35.88776050431485" lon="115.11376218965357">
        <ele>106.5</ele>
        <time>2026-09-24T13:06:42Z</time>
        <extensions>
          <gpxtpx:TrackPointExtension>
            <gpxtpx:hr>114</gpxtpx:hr>
          </gpxtpx:TrackPointExtension>
        </extensions>
      </trkpt>
      <trkpt lat="35.88776050431485" lon="115.11376218965357">
        <ele>106.5</ele>
        <time>2026-09-24T13:06:43Z</time>
        <extensions>
          <gpxtpx:TrackPointExtension>
            <gpxtpx:hr>114</gpxtpx:hr>
          </gpxtpx:TrackPointExtension>
        </extensions>
      </trkpt>
      <trkpt lat="35.88776050431485" lon="115.11376218965357">
        <ele>106.5</ele>
        <time>2026-09-24T13:06:44Z</time>
        <extensions>
          <gpxtpx:TrackPointExtension>
            <gpxtpx:hr>114</gpxtpx:hr>
          </gpxtpx:TrackPointExtension>
        </extensions>
      </trkpt>
      <trkpt lat="35.88775950459573" lon="115.1137621897628">
        <ele>106.5</ele>
        <time>2026-09-24T13:06:45Z</time>
        <extensions>
          <gpxtpx:TrackPointExtension>
            <gpxtpx:hr>116</gpxtpx:hr>
          </gpxtpx:TrackPointExtension>
        </extensions>
      </trkpt>
      <trkpt lat="35.88775950459573" lon="115.1137621897628">
        <ele>106.5</ele>
        <time>2026-09-24T13:06:46Z</time>
        <extensions>
          <gpxtpx:TrackPointExtension>
            <gpxtpx:hr>116</gpxtpx:hr>
          </gpxtpx:TrackPointExtension>
        </extensions>
      </trkpt>
      <trkpt lat="35.88775950459573" lon="115.1137621897628">
        <ele>106.5</ele>
        <time>2026-09-24T13:06:47Z</time>
        <extensions>
          <gpxtpx:TrackPointExtension>
            <gpxtpx:hr>116</gpxtpx:hr>
          </gpxtpx:TrackPointExtension>
        </extensions>
      </trkpt>
      <trkpt lat="35.88775950459573" lon="115.1137621897628">
        <ele>106.5</ele>
        <time>2026-09-24T13:06:48Z</time>
        <extensions>
          <gpxtpx:TrackPointExtension>
            <gpxtpx:hr>116</gpxtpx:hr>
          </gpxtpx:TrackPointExtension>
        </extensions>
      </trkpt>
      <trkpt lat="35.88775950459573" lon="115.1137621897628">
        <ele>106.5</ele>
        <time>2026-09-24T13:06:49Z</time>
        <extensions>
          <gpxtpx:TrackPointExtension>
            <gpxtpx:hr>116</gpxtpx:hr>
          </gpxtpx:TrackPointExtension>
        </extensions>
      </trkpt>
      <trkpt lat="35.88775950459573" lon="115.1137621897628">
        <ele>106.5</ele>
        <time>2026-09-24T13:06:50Z</time>
        <extensions>
          <gpxtpx:TrackPointExtension>
            <gpxtpx:hr>115</gpxtpx:hr>
          </gpxtpx:TrackPointExtension>
        </extensions>
      </trkpt>
      <trkpt lat="35.887758505743555" lon="115.11376319075679">
        <ele>106.5</ele>
        <time>2026-09-24T13:06:51Z</time>
        <extensions>
          <gpxtpx:TrackPointExtension>
            <gpxtpx:hr>115</gpxtpx:hr>
          </gpxtpx:TrackPointExtension>
        </extensions>
      </trkpt>
      <trkpt lat="35.887758505743555" lon="115.11376319075679">
        <ele>106.5</ele>
        <time>2026-09-24T13:06:52Z</time>
        <extensions>
          <gpxtpx:TrackPointExtension>
            <gpxtpx:hr>115</gpxtpx:hr>
          </gpxtpx:TrackPointExtension>
        </extensions>
      </trkpt>
      <trkpt lat="35.887758505743555" lon="115.11376319075679">
        <ele>106.5</ele>
        <time>2026-09-24T13:06:53Z</time>
        <extensions>
          <gpxtpx:TrackPointExtension>
            <gpxtpx:hr>115</gpxtpx:hr>
          </gpxtpx:TrackPointExtension>
        </extensions>
      </trkpt>
      <trkpt lat="35.887758505743555" lon="115.11376319075679">
        <ele>106.5</ele>
        <time>2026-09-24T13:06:54Z</time>
        <extensions>
          <gpxtpx:TrackPointExtension>
            <gpxtpx:hr>115</gpxtpx:hr>
          </gpxtpx:TrackPointExtension>
        </extensions>
      </trkpt>
      <trkpt lat="35.887758505743555" lon="115.11376319075679">
        <ele>106.5</ele>
        <time>2026-09-24T13:06:55Z</time>
        <extensions>
          <gpxtpx:TrackPointExtension>
            <gpxtpx:hr>113</gpxtpx:hr>
          </gpxtpx:TrackPointExtension>
        </extensions>
      </trkpt>
      <trkpt lat="35.887758505743555" lon="115.11376319075679">
        <ele>106.5</ele>
        <time>2026-09-24T13:06:56Z</time>
        <extensions>
          <gpxtpx:TrackPointExtension>
            <gpxtpx:hr>113</gpxtpx:hr>
          </gpxtpx:TrackPointExtension>
        </extensions>
      </trkpt>
      <trkpt lat="35.887758505743555" lon="115.11376319075679">
        <ele>106.5</ele>
        <time>2026-09-24T13:06:57Z</time>
        <extensions>
          <gpxtpx:TrackPointExtension>
            <gpxtpx:hr>113</gpxtpx:hr>
          </gpxtpx:TrackPointExtension>
        </extensions>
      </trkpt>
      <trkpt lat="35.887758505743555" lon="115.11376319075679">
        <ele>106.5</ele>
        <time>2026-09-24T13:06:58Z</time>
        <extensions>
          <gpxtpx:TrackPointExtension>
            <gpxtpx:hr>113</gpxtpx:hr>
          </gpxtpx:TrackPointExtension>
        </extensions>
      </trkpt>
      <trkpt lat="35.887758505743555" lon="115.11376319075679">
        <ele>106.0</ele>
        <time>2026-09-24T13:06:59Z</time>
        <extensions>
          <gpxtpx:TrackPointExtension>
            <gpxtpx:hr>113</gpxtpx:hr>
          </gpxtpx:TrackPointExtension>
        </extensions>
      </trkpt>
      <trkpt lat="35.887758506610545" lon="115.11376419164158">
        <ele>106.0</ele>
        <time>2026-09-24T13:07:00Z</time>
        <extensions>
          <gpxtpx:TrackPointExtension>
            <gpxtpx:hr>111</gpxtpx:hr>
          </gpxtpx:TrackPointExtension>
        </extensions>
      </trkpt>
      <trkpt lat="35.887758506610545" lon="115.11376419164158">
        <ele>106.5</ele>
        <time>2026-09-24T13:07:01Z</time>
        <extensions>
          <gpxtpx:TrackPointExtension>
            <gpxtpx:hr>111</gpxtpx:hr>
          </gpxtpx:TrackPointExtension>
        </extensions>
      </trkpt>
      <trkpt lat="35.887757506891425" lon="115.1137641917508">
        <ele>106.5</ele>
        <time>2026-09-24T13:07:02Z</time>
        <extensions>
          <gpxtpx:TrackPointExtension>
            <gpxtpx:hr>111</gpxtpx:hr>
          </gpxtpx:TrackPointExtension>
        </extensions>
      </trkpt>
      <trkpt lat="35.887757506891425" lon="115.1137641917508">
        <ele>106.5</ele>
        <time>2026-09-24T13:07:03Z</time>
        <extensions>
          <gpxtpx:TrackPointExtension>
            <gpxtpx:hr>111</gpxtpx:hr>
          </gpxtpx:TrackPointExtension>
        </extensions>
      </trkpt>
      <trkpt lat="35.887757506891425" lon="115.1137641917508">
        <ele>106.5</ele>
        <time>2026-09-24T13:07:04Z</time>
        <extensions>
          <gpxtpx:TrackPointExtension>
            <gpxtpx:hr>111</gpxtpx:hr>
          </gpxtpx:TrackPointExtension>
        </extensions>
      </trkpt>
      <trkpt lat="35.887757506891425" lon="115.1137641917508">
        <ele>106.6</ele>
        <time>2026-09-24T13:07:05Z</time>
        <extensions>
          <gpxtpx:TrackPointExtension>
            <gpxtpx:hr>111</gpxtpx:hr>
          </gpxtpx:TrackPointExtension>
        </extensions>
      </trkpt>
      <trkpt lat="35.88775850747758" lon="115.11376519252642">
        <ele>106.6</ele>
        <time>2026-09-24T13:07:06Z</time>
        <extensions>
          <gpxtpx:TrackPointExtension>
            <gpxtpx:hr>111</gpxtpx:hr>
          </gpxtpx:TrackPointExtension>
        </extensions>
      </trkpt>
      <trkpt lat="35.88775850747758" lon="115.11376519252642">
        <ele>106.6</ele>
        <time>2026-09-24T13:07:07Z</time>
        <extensions>
          <gpxtpx:TrackPointExtension>
            <gpxtpx:hr>111</gpxtpx:hr>
          </gpxtpx:TrackPointExtension>
        </extensions>
      </trkpt>
      <trkpt lat="35.8877595071967" lon="115.1137651924172">
        <ele>106.6</ele>
        <time>2026-09-24T13:07:08Z</time>
        <extensions>
          <gpxtpx:TrackPointExtension>
            <gpxtpx:hr>111</gpxtpx:hr>
          </gpxtpx:TrackPointExtension>
        </extensions>
      </trkpt>
      <trkpt lat="35.887761506634945" lon="115.11376519219876">
        <ele>106.6</ele>
        <time>2026-09-24T13:07:09Z</time>
        <extensions>
          <gpxtpx:TrackPointExtension>
            <gpxtpx:hr>111</gpxtpx:hr>
          </gpxtpx:TrackPointExtension>
        </extensions>
      </trkpt>
      <trkpt lat="35.88776450579232" lon="115.1137651918711">
        <ele>106.6</ele>
        <time>2026-09-24T13:07:10Z</time>
        <extensions>
          <gpxtpx:TrackPointExtension>
            <gpxtpx:hr>116</gpxtpx:hr>
          </gpxtpx:TrackPointExtension>
        </extensions>
      </trkpt>
      <trkpt lat="35.88776850466882" lon="115.11376519143421">
        <ele>106.6</ele>
        <time>2026-09-24T13:07:11Z</time>
        <extensions>
          <gpxtpx:TrackPointExtension>
            <gpxtpx:hr>116</gpxtpx:hr>
          </gpxtpx:TrackPointExtension>
        </extensions>
      </trkpt>
      <trkpt lat="35.8877725052795" lon="115.11376719276714">
        <ele>106.6</ele>
        <time>2026-09-24T13:07:12Z</time>
        <extensions>
          <gpxtpx:TrackPointExtension>
            <gpxtpx:hr>116</gpxtpx:hr>
          </gpxtpx:TrackPointExtension>
        </extensions>
      </trkpt>
      <trkpt lat="35.88777850446143" lon="115.11376819299682">
        <ele>106.6</ele>
        <time>2026-09-24T13:07:13Z</time>
        <extensions>
          <gpxtpx:TrackPointExtension>
            <gpxtpx:hr>116</gpxtpx:hr>
          </gpxtpx:TrackPointExtension>
        </extensions>
      </trkpt>
      <trkpt lat="35.88778550422976" lon="115.11377019400236">
        <ele>106.6</ele>
        <time>2026-09-24T13:07:14Z</time>
        <extensions>
          <gpxtpx:TrackPointExtension>
            <gpxtpx:hr>116</gpxtpx:hr>
          </gpxtpx:TrackPointExtension>
        </extensions>
      </trkpt>
      <trkpt lat="35.88779050369271" lon="115.11377119434135">
        <ele>106.7</ele>
        <time>2026-09-24T13:07:15Z</time>
        <extensions>
          <gpxtpx:TrackPointExtension>
            <gpxtpx:hr>120</gpxtpx:hr>
          </gpxtpx:TrackPointExtension>
        </extensions>
      </trkpt>
      <trkpt lat="35.88779350371742" lon="115.11377219489884">
        <ele>106.7</ele>
        <time>2026-09-24T13:07:16Z</time>
        <extensions>
          <gpxtpx:TrackPointExtension>
            <gpxtpx:hr>120</gpxtpx:hr>
          </gpxtpx:TrackPointExtension>
        </extensions>
      </trkpt>
      <trkpt lat="35.88779550228843" lon="115.11377119379526">
        <ele>106.7</ele>
        <time>2026-09-24T13:07:17Z</time>
        <extensions>
          <gpxtpx:TrackPointExtension>
            <gpxtpx:hr>120</gpxtpx:hr>
          </gpxtpx:TrackPointExtension>
        </extensions>
      </trkpt>
      <trkpt lat="35.88780149886885" lon="115.11376919136976">
        <ele>106.7</ele>
        <time>2026-09-24T13:07:18Z</time>
        <extensions>
          <gpxtpx:TrackPointExtension>
            <gpxtpx:hr>120</gpxtpx:hr>
          </gpxtpx:TrackPointExtension>
        </extensions>
      </trkpt>
      <trkpt lat="35.88780949748927" lon="115.11377019138105">
        <ele>106.7</ele>
        <time>2026-09-24T13:07:19Z</time>
        <extensions>
          <gpxtpx:TrackPointExtension>
            <gpxtpx:hr>120</gpxtpx:hr>
          </gpxtpx:TrackPointExtension>
        </extensions>
      </trkpt>
      <trkpt lat="35.88781449781957" lon="115.11377219260521">
        <ele>106.7</ele>
        <time>2026-09-24T13:07:20Z</time>
        <extensions>
          <gpxtpx:TrackPointExtension>
            <gpxtpx:hr>120</gpxtpx:hr>
          </gpxtpx:TrackPointExtension>
        </extensions>
      </trkpt>
      <trkpt lat="35.88781749871171" lon="115.113774194048">
        <ele>106.7</ele>
        <time>2026-09-24T13:07:21Z</time>
        <extensions>
          <gpxtpx:TrackPointExtension>
            <gpxtpx:hr>120</gpxtpx:hr>
          </gpxtpx:TrackPointExtension>
        </extensions>
      </trkpt>
      <trkpt lat="35.887820501338965" lon="115.11377819726177">
        <ele>106.7</ele>
        <time>2026-09-24T13:07:22Z</time>
        <extensions>
          <gpxtpx:TrackPointExtension>
            <gpxtpx:hr>120</gpxtpx:hr>
          </gpxtpx:TrackPointExtension>
        </extensions>
      </trkpt>
      <trkpt lat="35.88782050480932" lon="115.11378220080393">
        <ele>106.7</ele>
        <time>2026-09-24T13:07:23Z</time>
        <extensions>
          <gpxtpx:TrackPointExtension>
            <gpxtpx:hr>120</gpxtpx:hr>
          </gpxtpx:TrackPointExtension>
        </extensions>
      </trkpt>
      <trkpt lat="35.88782150713163" lon="115.1137852033518">
        <ele>106.7</ele>
        <time>2026-09-24T13:07:24Z</time>
        <extensions>
          <gpxtpx:TrackPointExtension>
            <gpxtpx:hr>120</gpxtpx:hr>
          </gpxtpx:TrackPointExtension>
        </extensions>
      </trkpt>
      <trkpt lat="35.88782150713163" lon="115.1137852033518">
        <ele>106.7</ele>
        <time>2026-09-24T13:07:25Z</time>
        <extensions>
          <gpxtpx:TrackPointExtension>
            <gpxtpx:hr>122</gpxtpx:hr>
          </gpxtpx:TrackPointExtension>
        </extensions>
      </trkpt>
      <trkpt lat="35.88782150713163" lon="115.1137852033518">
        <ele>106.7</ele>
        <time>2026-09-24T13:07:26Z</time>
        <extensions>
          <gpxtpx:TrackPointExtension>
            <gpxtpx:hr>122</gpxtpx:hr>
          </gpxtpx:TrackPointExtension>
        </extensions>
      </trkpt>
      <trkpt lat="35.88782050828026" lon="115.11378620434681">
        <ele>106.7</ele>
        <time>2026-09-24T13:07:27Z</time>
        <extensions>
          <gpxtpx:TrackPointExtension>
            <gpxtpx:hr>122</gpxtpx:hr>
          </gpxtpx:TrackPointExtension>
        </extensions>
      </trkpt>
      <trkpt lat="35.88782150886725" lon="115.11378720512342">
        <ele>106.7</ele>
        <time>2026-09-24T13:07:28Z</time>
        <extensions>
          <gpxtpx:TrackPointExtension>
            <gpxtpx:hr>122</gpxtpx:hr>
          </gpxtpx:TrackPointExtension>
        </extensions>
      </trkpt>
      <trkpt lat="35.88782650746306" lon="115.1137872045773">
        <ele>106.7</ele>
        <time>2026-09-24T13:07:29Z</time>
        <extensions>
          <gpxtpx:TrackPointExtension>
            <gpxtpx:hr>122</gpxtpx:hr>
          </gpxtpx:TrackPointExtension>
        </extensions>
      </trkpt>
      <trkpt lat="35.88783450608425" lon="115.11378820458941">
        <ele>106.7</ele>
        <time>2026-09-24T13:07:30Z</time>
        <extensions>
          <gpxtpx:TrackPointExtension>
            <gpxtpx:hr>124</gpxtpx:hr>
          </gpxtpx:TrackPointExtension>
        </extensions>
      </trkpt>
      <trkpt lat="35.88785150651815" lon="115.11379420804884">
        <ele>106.7</ele>
        <time>2026-09-24T13:07:31Z</time>
        <extensions>
          <gpxtpx:TrackPointExtension>
            <gpxtpx:hr>124</gpxtpx:hr>
          </gpxtpx:TrackPointExtension>
        </extensions>
      </trkpt>
      <trkpt lat="35.887871508716216" lon="115.11380321384175">
        <ele>106.7</ele>
        <time>2026-09-24T13:07:32Z</time>
        <extensions>
          <gpxtpx:TrackPointExtension>
            <gpxtpx:hr>124</gpxtpx:hr>
          </gpxtpx:TrackPointExtension>
        </extensions>
      </trkpt>
      <trkpt lat="35.887890512067024" lon="115.11381322063448">
        <ele>106.7</ele>
        <time>2026-09-24T13:07:33Z</time>
        <extensions>
          <gpxtpx:TrackPointExtension>
            <gpxtpx:hr>124</gpxtpx:hr>
          </gpxtpx:TrackPointExtension>
        </extensions>
      </trkpt>
      <trkpt lat="35.88790751772162" lon="115.11382522942519">
        <ele>106.7</ele>
        <time>2026-09-24T13:07:34Z</time>
        <extensions>
          <gpxtpx:TrackPointExtension>
            <gpxtpx:hr>124</gpxtpx:hr>
          </gpxtpx:TrackPointExtension>
        </extensions>
      </trkpt>
      <trkpt lat="35.88792452947008" lon="115.11384424444007">
        <ele>107.2</ele>
        <time>2026-09-24T13:07:35Z</time>
        <extensions>
          <gpxtpx:TrackPointExtension>
            <gpxtpx:hr>126</gpxtpx:hr>
          </gpxtpx:TrackPointExtension>
        </extensions>
      </trkpt>
      <trkpt lat="35.887941542973046" lon="115.11386526124974">
        <ele>107.2</ele>
        <time>2026-09-24T13:07:36Z</time>
        <extensions>
          <gpxtpx:TrackPointExtension>
            <gpxtpx:hr>126</gpxtpx:hr>
          </gpxtpx:TrackPointExtension>
        </extensions>
      </trkpt>
      <trkpt lat="35.887953557024524" lon="115.113885277735">
        <ele>107.2</ele>
        <time>2026-09-24T13:07:37Z</time>
        <extensions>
          <gpxtpx:TrackPointExtension>
            <gpxtpx:hr>126</gpxtpx:hr>
          </gpxtpx:TrackPointExtension>
        </extensions>
      </trkpt>
      <trkpt lat="35.88796157221356" lon="115.11390529467505">
        <ele>107.2</ele>
        <time>2026-09-24T13:07:38Z</time>
        <extensions>
          <gpxtpx:TrackPointExtension>
            <gpxtpx:hr>126</gpxtpx:hr>
          </gpxtpx:TrackPointExtension>
        </extensions>
      </trkpt>
      <trkpt lat="35.88796459493159" lon="115.11393231842443">
        <ele>107.2</ele>
        <time>2026-09-24T13:07:39Z</time>
        <extensions>
          <gpxtpx:TrackPointExtension>
            <gpxtpx:hr>126</gpxtpx:hr>
          </gpxtpx:TrackPointExtension>
        </extensions>
      </trkpt>
      <trkpt lat="35.88796262170209" lon="115.11396234543336">
        <ele>107.2</ele>
        <time>2026-09-24T13:07:40Z</time>
        <extensions>
          <gpxtpx:TrackPointExtension>
            <gpxtpx:hr>131</gpxtpx:hr>
          </gpxtpx:TrackPointExtension>
        </extensions>
      </trkpt>
      <trkpt lat="35.88795664700252" lon="115.11398937023455">
        <ele>107.2</ele>
        <time>2026-09-24T13:07:41Z</time>
        <extensions>
          <gpxtpx:TrackPointExtension>
            <gpxtpx:hr>131</gpxtpx:hr>
          </gpxtpx:TrackPointExtension>
        </extensions>
      </trkpt>
      <trkpt lat="35.88795067583411" lon="115.11402039865307">
        <ele>107.2</ele>
        <time>2026-09-24T13:07:42Z</time>
        <extensions>
          <gpxtpx:TrackPointExtension>
            <gpxtpx:hr>131</gpxtpx:hr>
          </gpxtpx:TrackPointExtension>
        </extensions>
      </trkpt>
      <trkpt lat="35.887944705577844" lon="115.1140524280122">
        <ele>107.2</ele>
        <time>2026-09-24T13:07:43Z</time>
        <extensions>
          <gpxtpx:TrackPointExtension>
            <gpxtpx:hr>131</gpxtpx:hr>
          </gpxtpx:TrackPointExtension>
        </extensions>
      </trkpt>
      <trkpt lat="35.88794273159993" lon="115.11408145428298">
        <ele>107.2</ele>
        <time>2026-09-24T13:07:44Z</time>
        <extensions>
          <gpxtpx:TrackPointExtension>
            <gpxtpx:hr>131</gpxtpx:hr>
          </gpxtpx:TrackPointExtension>
        </extensions>
      </trkpt>
      <trkpt lat="35.88794076117074" lon="115.11411448419287">
        <ele>106.9</ele>
        <time>2026-09-24T13:07:45Z</time>
        <extensions>
          <gpxtpx:TrackPointExtension>
            <gpxtpx:hr>142</gpxtpx:hr>
          </gpxtpx:TrackPointExtension>
        </extensions>
      </trkpt>
      <trkpt lat="35.887939791380944" lon="115.11414851494408">
        <ele>106.9</ele>
        <time>2026-09-24T13:07:46Z</time>
        <extensions>
          <gpxtpx:TrackPointExtension>
            <gpxtpx:hr>142</gpxtpx:hr>
          </gpxtpx:TrackPointExtension>
        </extensions>
      </trkpt>
      <trkpt lat="35.887939818705874" lon="115.11417954292732">
        <ele>106.9</ele>
        <time>2026-09-24T13:07:47Z</time>
        <extensions>
          <gpxtpx:TrackPointExtension>
            <gpxtpx:hr>142</gpxtpx:hr>
          </gpxtpx:TrackPointExtension>
        </extensions>
      </trkpt>
      <trkpt lat="35.88793884369699" lon="115.11420756834853">
        <ele>106.9</ele>
        <time>2026-09-24T13:07:48Z</time>
        <extensions>
          <gpxtpx:TrackPointExtension>
            <gpxtpx:hr>142</gpxtpx:hr>
          </gpxtpx:TrackPointExtension>
        </extensions>
      </trkpt>
      <trkpt lat="35.88793687076525" lon="115.11423759572575">
        <ele>106.9</ele>
        <time>2026-09-24T13:07:49Z</time>
        <extensions>
          <gpxtpx:TrackPointExtension>
            <gpxtpx:hr>142</gpxtpx:hr>
          </gpxtpx:TrackPointExtension>
        </extensions>
      </trkpt>
      <trkpt lat="35.88793489786592" lon="115.11426762314305">
        <ele>106.9</ele>
        <time>2026-09-24T13:07:50Z</time>
        <extensions>
          <gpxtpx:TrackPointExtension>
            <gpxtpx:hr>146</gpxtpx:hr>
          </gpxtpx:TrackPointExtension>
        </extensions>
      </trkpt>
      <trkpt lat="35.887930925560525" lon="115.11429765081886">
        <ele>106.9</ele>
        <time>2026-09-24T13:07:51Z</time>
        <extensions>
          <gpxtpx:TrackPointExtension>
            <gpxtpx:hr>146</gpxtpx:hr>
          </gpxtpx:TrackPointExtension>
        </extensions>
      </trkpt>
      <trkpt lat="35.887927953894106" lon="115.1143286793355">
        <ele>106.9</ele>
        <time>2026-09-24T13:07:52Z</time>
        <extensions>
          <gpxtpx:TrackPointExtension>
            <gpxtpx:hr>146</gpxtpx:hr>
          </gpxtpx:TrackPointExtension>
        </extensions>
      </trkpt>
      <trkpt lat="35.88792597842782" lon="115.11435570414048">
        <ele>106.9</ele>
        <time>2026-09-24T13:07:53Z</time>
        <extensions>
          <gpxtpx:TrackPointExtension>
            <gpxtpx:hr>146</gpxtpx:hr>
          </gpxtpx:TrackPointExtension>
        </extensions>
      </trkpt>
      <trkpt lat="35.887922005328" lon="115.11438473102122">
        <ele>106.9</ele>
        <time>2026-09-24T13:07:54Z</time>
        <extensions>
          <gpxtpx:TrackPointExtension>
            <gpxtpx:hr>146</gpxtpx:hr>
          </gpxtpx:TrackPointExtension>
        </extensions>
      </trkpt>
      <trkpt lat="35.88791703521064" lon="115.11441676079015">
        <ele>106.7</ele>
        <time>2026-09-24T13:07:55Z</time>
        <extensions>
          <gpxtpx:TrackPointExtension>
            <gpxtpx:hr>149</gpxtpx:hr>
          </gpxtpx:TrackPointExtension>
        </extensions>
      </trkpt>
      <trkpt lat="35.88791206245519" lon="115.11444578785873">
        <ele>106.7</ele>
        <time>2026-09-24T13:07:56Z</time>
        <extensions>
          <gpxtpx:TrackPointExtension>
            <gpxtpx:hr>149</gpxtpx:hr>
          </gpxtpx:TrackPointExtension>
        </extensions>
      </trkpt>
      <trkpt lat="35.88790408432486" lon="115.11446780887789">
        <ele>106.7</ele>
        <time>2026-09-24T13:07:57Z</time>
        <extensions>
          <gpxtpx:TrackPointExtension>
            <gpxtpx:hr>149</gpxtpx:hr>
          </gpxtpx:TrackPointExtension>
        </extensions>
      </trkpt>
      <trkpt lat="35.88789910179723" lon="115.11448582592259">
        <ele>106.7</ele>
        <time>2026-09-24T13:07:58Z</time>
        <extensions>
          <gpxtpx:TrackPointExtension>
            <gpxtpx:hr>149</gpxtpx:hr>
          </gpxtpx:TrackPointExtension>
        </extensions>
      </trkpt>
      <trkpt lat="35.8879011235722" lon="115.11451084864277">
        <ele>106.0</ele>
        <time>2026-09-24T13:07:59Z</time>
        <extensions>
          <gpxtpx:TrackPointExtension>
            <gpxtpx:hr>149</gpxtpx:hr>
          </gpxtpx:TrackPointExtension>
        </extensions>
      </trkpt>
      <trkpt lat="35.88790115309078" lon="115.11454387896423">
        <ele>106.0</ele>
        <time>2026-09-24T13:08:00Z</time>
        <extensions>
          <gpxtpx:TrackPointExtension>
            <gpxtpx:hr>150</gpxtpx:hr>
          </gpxtpx:TrackPointExtension>
        </extensions>
      </trkpt>
      <trkpt lat="35.887900182032936" lon="115.1145759085222">
        <ele>106.7</ele>
        <time>2026-09-24T13:08:01Z</time>
        <extensions>
          <gpxtpx:TrackPointExtension>
            <gpxtpx:hr>150</gpxtpx:hr>
          </gpxtpx:TrackPointExtension>
        </extensions>
      </trkpt>
      <trkpt lat="35.88789820501175" lon="115.11460093177905">
        <ele>106.7</ele>
        <time>2026-09-24T13:08:02Z</time>
        <extensions>
          <gpxtpx:TrackPointExtension>
            <gpxtpx:hr>150</gpxtpx:hr>
          </gpxtpx:TrackPointExtension>
        </extensions>
      </trkpt>
      <trkpt lat="35.887895230988015" lon="115.11462895794263">
        <ele>106.7</ele>
        <time>2026-09-24T13:08:03Z</time>
        <extensions>
          <gpxtpx:TrackPointExtension>
            <gpxtpx:hr>150</gpxtpx:hr>
          </gpxtpx:TrackPointExtension>
        </extensions>
      </trkpt>
      <trkpt lat="35.887893258509926" lon="115.11465898588096">
        <ele>106.7</ele>
        <time>2026-09-24T13:08:04Z</time>
        <extensions>
          <gpxtpx:TrackPointExtension>
            <gpxtpx:hr>150</gpxtpx:hr>
          </gpxtpx:TrackPointExtension>
        </extensions>
      </trkpt>
      <trkpt lat="35.887891279762925" lon="115.11468200737832">
        <ele>105.9</ele>
        <time>2026-09-24T13:08:05Z</time>
        <extensions>
          <gpxtpx:TrackPointExtension>
            <gpxtpx:hr>154</gpxtpx:hr>
          </gpxtpx:TrackPointExtension>
        </extensions>
      </trkpt>
      <trkpt lat="35.887889305539616" lon="115.11471003353313">
        <ele>105.9</ele>
        <time>2026-09-24T13:08:06Z</time>
        <extensions>
          <gpxtpx:TrackPointExtension>
            <gpxtpx:hr>154</gpxtpx:hr>
          </gpxtpx:TrackPointExtension>
        </extensions>
      </trkpt>
      <trkpt lat="35.88788633342931" lon="115.11474006168827">
        <ele>105.9</ele>
        <time>2026-09-24T13:08:07Z</time>
        <extensions>
          <gpxtpx:TrackPointExtension>
            <gpxtpx:hr>154</gpxtpx:hr>
          </gpxtpx:TrackPointExtension>
        </extensions>
      </trkpt>
      <trkpt lat="35.88788435384605" lon="115.11476208233883">
        <ele>105.9</ele>
        <time>2026-09-24T13:08:08Z</time>
        <extensions>
          <gpxtpx:TrackPointExtension>
            <gpxtpx:hr>154</gpxtpx:hr>
          </gpxtpx:TrackPointExtension>
        </extensions>
      </trkpt>
      <trkpt lat="35.88788237970285" lon="115.11479010859276">
        <ele>105.9</ele>
        <time>2026-09-24T13:08:09Z</time>
        <extensions>
          <gpxtpx:TrackPointExtension>
            <gpxtpx:hr>154</gpxtpx:hr>
          </gpxtpx:TrackPointExtension>
        </extensions>
      </trkpt>
      <trkpt lat="35.887879407678355" lon="115.11482013685404">
        <ele>105.9</ele>
        <time>2026-09-24T13:08:10Z</time>
        <extensions>
          <gpxtpx:TrackPointExtension>
            <gpxtpx:hr>154</gpxtpx:hr>
          </gpxtpx:TrackPointExtension>
        </extensions>
      </trkpt>
      <trkpt lat="35.887877429969585" lon="115.114844159448">
        <ele>105.9</ele>
        <time>2026-09-24T13:08:11Z</time>
        <extensions>
          <gpxtpx:TrackPointExtension>
            <gpxtpx:hr>154</gpxtpx:hr>
          </gpxtpx:TrackPointExtension>
        </extensions>
      </trkpt>
      <trkpt lat="35.887876451093916" lon="115.11486718102435">
        <ele>105.9</ele>
        <time>2026-09-24T13:08:12Z</time>
        <extensions>
          <gpxtpx:TrackPointExtension>
            <gpxtpx:hr>154</gpxtpx:hr>
          </gpxtpx:TrackPointExtension>
        </extensions>
      </trkpt>
      <trkpt lat="35.88787447161048" lon="115.11488920179838">
        <ele>105.9</ele>
        <time>2026-09-24T13:08:13Z</time>
        <extensions>
          <gpxtpx:TrackPointExtension>
            <gpxtpx:hr>154</gpxtpx:hr>
          </gpxtpx:TrackPointExtension>
        </extensions>
      </trkpt>
      <trkpt lat="35.8878714960583" lon="115.11491522644658">
        <ele>105.9</ele>
        <time>2026-09-24T13:08:14Z</time>
        <extensions>
          <gpxtpx:TrackPointExtension>
            <gpxtpx:hr>154</gpxtpx:hr>
          </gpxtpx:TrackPointExtension>
        </extensions>
      </trkpt>
      <trkpt lat="35.887868523258284" lon="115.11494425393619">
        <ele>106.1</ele>
        <time>2026-09-24T13:08:15Z</time>
        <extensions>
          <gpxtpx:TrackPointExtension>
            <gpxtpx:hr>155</gpxtpx:hr>
          </gpxtpx:TrackPointExtension>
        </extensions>
      </trkpt>
      <trkpt lat="35.88786654474549" lon="115.11496727572325">
        <ele>106.1</ele>
        <time>2026-09-24T13:08:16Z</time>
        <extensions>
          <gpxtpx:TrackPointExtension>
            <gpxtpx:hr>155</gpxtpx:hr>
          </gpxtpx:TrackPointExtension>
        </extensions>
      </trkpt>
      <trkpt lat="35.88786357108801" lon="115.11499530233984">
        <ele>106.1</ele>
        <time>2026-09-24T13:08:17Z</time>
        <extensions>
          <gpxtpx:TrackPointExtension>
            <gpxtpx:hr>155</gpxtpx:hr>
          </gpxtpx:TrackPointExtension>
        </extensions>
      </trkpt>
      <trkpt lat="35.88786159900216" lon="115.11502533076337">
        <ele>106.1</ele>
        <time>2026-09-24T13:08:18Z</time>
        <extensions>
          <gpxtpx:TrackPointExtension>
            <gpxtpx:hr>155</gpxtpx:hr>
          </gpxtpx:TrackPointExtension>
        </extensions>
      </trkpt>
      <trkpt lat="35.887859621468884" lon="115.11504935357442">
        <ele>106.1</ele>
        <time>2026-09-24T13:08:19Z</time>
        <extensions>
          <gpxtpx:TrackPointExtension>
            <gpxtpx:hr>155</gpxtpx:hr>
          </gpxtpx:TrackPointExtension>
        </extensions>
      </trkpt>
      <trkpt lat="35.8878576421282" lon="115.11507137452506">
        <ele>106.1</ele>
        <time>2026-09-24T13:08:20Z</time>
        <extensions>
          <gpxtpx:TrackPointExtension>
            <gpxtpx:hr>156</gpxtpx:hr>
          </gpxtpx:TrackPointExtension>
        </extensions>
      </trkpt>
      <trkpt lat="35.88785566737874" lon="115.11509840021668">
        <ele>106.1</ele>
        <time>2026-09-24T13:08:21Z</time>
        <extensions>
          <gpxtpx:TrackPointExtension>
            <gpxtpx:hr>156</gpxtpx:hr>
          </gpxtpx:TrackPointExtension>
        </extensions>
      </trkpt>
      <trkpt lat="35.88785269476779" lon="115.11512742794017">
        <ele>106.1</ele>
        <time>2026-09-24T13:08:22Z</time>
        <extensions>
          <gpxtpx:TrackPointExtension>
            <gpxtpx:hr>156</gpxtpx:hr>
          </gpxtpx:TrackPointExtension>
        </extensions>
      </trkpt>
      <trkpt lat="35.88785071732163" lon="115.11515145085899">
        <ele>106.1</ele>
        <time>2026-09-24T13:08:23Z</time>
        <extensions>
          <gpxtpx:TrackPointExtension>
            <gpxtpx:hr>156</gpxtpx:hr>
          </gpxtpx:TrackPointExtension>
        </extensions>
      </trkpt>
      <trkpt lat="35.88784874448453" lon="115.11518047854089">
        <ele>106.1</ele>
        <time>2026-09-24T13:08:24Z</time>
        <extensions>
          <gpxtpx:TrackPointExtension>
            <gpxtpx:hr>156</gpxtpx:hr>
          </gpxtpx:TrackPointExtension>
        </extensions>
      </trkpt>
      <trkpt lat="35.887845772876986" lon="115.11521050731794">
        <ele>106.1</ele>
        <time>2026-09-24T13:08:25Z</time>
        <extensions>
          <gpxtpx:TrackPointExtension>
            <gpxtpx:hr>158</gpxtpx:hr>
          </gpxtpx:TrackPointExtension>
        </extensions>
      </trkpt>
      <trkpt lat="35.887843795501645" lon="115.11523453032436">
        <ele>106.1</ele>
        <time>2026-09-24T13:08:26Z</time>
        <extensions>
          <gpxtpx:TrackPointExtension>
            <gpxtpx:hr>158</gpxtpx:hr>
          </gpxtpx:TrackPointExtension>
        </extensions>
      </trkpt>
      <trkpt lat="35.88784182182933" lon="115.11526255716078">
        <ele>106.1</ele>
        <time>2026-09-24T13:08:27Z</time>
        <extensions>
          <gpxtpx:TrackPointExtension>
            <gpxtpx:hr>158</gpxtpx:hr>
          </gpxtpx:TrackPointExtension>
        </extensions>
      </trkpt>
      <trkpt lat="35.88783885123096" lon="115.11529358699849">
        <ele>106.1</ele>
        <time>2026-09-24T13:08:28Z</time>
        <extensions>
          <gpxtpx:TrackPointExtension>
            <gpxtpx:hr>158</gpxtpx:hr>
          </gpxtpx:TrackPointExtension>
        </extensions>
      </trkpt>
      <trkpt lat="35.88783687392635" lon="115.11531761009242">
        <ele>106.1</ele>
        <time>2026-09-24T13:08:29Z</time>
        <extensions>
          <gpxtpx:TrackPointExtension>
            <gpxtpx:hr>158</gpxtpx:hr>
          </gpxtpx:TrackPointExtension>
        </extensions>
      </trkpt>
      <trkpt lat="35.887833901541015" lon="115.11534663809499">
        <ele>106.1</ele>
        <time>2026-09-24T13:08:30Z</time>
        <extensions>
          <gpxtpx:TrackPointExtension>
            <gpxtpx:hr>160</gpxtpx:hr>
          </gpxtpx:TrackPointExtension>
        </extensions>
      </trkpt>
      <trkpt lat="35.88783193075419" lon="115.11537766793776">
        <ele>106.1</ele>
        <time>2026-09-24T13:08:31Z</time>
        <extensions>
          <gpxtpx:TrackPointExtension>
            <gpxtpx:hr>160</gpxtpx:hr>
          </gpxtpx:TrackPointExtension>
        </extensions>
      </trkpt>
      <trkpt lat="35.887829953521056" lon="115.11540169112011">
        <ele>106.1</ele>
        <time>2026-09-24T13:08:32Z</time>
        <extensions>
          <gpxtpx:TrackPointExtension>
            <gpxtpx:hr>160</gpxtpx:hr>
          </gpxtpx:TrackPointExtension>
        </extensions>
      </trkpt>
      <trkpt lat="35.887826982148766" lon="115.11543172018818">
        <ele>106.1</ele>
        <time>2026-09-24T13:08:33Z</time>
        <extensions>
          <gpxtpx:TrackPointExtension>
            <gpxtpx:hr>160</gpxtpx:hr>
          </gpxtpx:TrackPointExtension>
        </extensions>
      </trkpt>
      <trkpt lat="35.887824012663955" lon="115.11546375121571">
        <ele>106.1</ele>
        <time>2026-09-24T13:08:34Z</time>
        <extensions>
          <gpxtpx:TrackPointExtension>
            <gpxtpx:hr>160</gpxtpx:hr>
          </gpxtpx:TrackPointExtension>
        </extensions>
      </trkpt>
      <trkpt lat="35.88782203643264" lon="115.11548877544965">
        <ele>105.6</ele>
        <time>2026-09-24T13:08:35Z</time>
        <extensions>
          <gpxtpx:TrackPointExtension>
            <gpxtpx:hr>160</gpxtpx:hr>
          </gpxtpx:TrackPointExtension>
        </extensions>
      </trkpt>
      <trkpt lat="35.887819065152755" lon="115.115518804632">
        <ele>105.6</ele>
        <time>2026-09-24T13:08:36Z</time>
        <extensions>
          <gpxtpx:TrackPointExtension>
            <gpxtpx:hr>160</gpxtpx:hr>
          </gpxtpx:TrackPointExtension>
        </extensions>
      </trkpt>
      <trkpt lat="35.88781609483557" lon="115.11554983481759">
        <ele>105.6</ele>
        <time>2026-09-24T13:08:37Z</time>
        <extensions>
          <gpxtpx:TrackPointExtension>
            <gpxtpx:hr>160</gpxtpx:hr>
          </gpxtpx:TrackPointExtension>
        </extensions>
      </trkpt>
      <trkpt lat="35.88781312548436" lon="115.11558186601039">
        <ele>105.6</ele>
        <time>2026-09-24T13:08:38Z</time>
        <extensions>
          <gpxtpx:TrackPointExtension>
            <gpxtpx:hr>160</gpxtpx:hr>
          </gpxtpx:TrackPointExtension>
        </extensions>
      </trkpt>
      <trkpt lat="35.88781015523622" lon="115.11561289628136">
        <ele>105.6</ele>
        <time>2026-09-24T13:08:39Z</time>
        <extensions>
          <gpxtpx:TrackPointExtension>
            <gpxtpx:hr>160</gpxtpx:hr>
          </gpxtpx:TrackPointExtension>
        </extensions>
      </trkpt>
      <trkpt lat="35.887808180070614" lon="115.11563892164595">
        <ele>105.6</ele>
        <time>2026-09-24T13:08:40Z</time>
        <extensions>
          <gpxtpx:TrackPointExtension>
            <gpxtpx:hr>160</gpxtpx:hr>
          </gpxtpx:TrackPointExtension>
        </extensions>
      </trkpt>
      <trkpt lat="35.887806208668934" lon="115.11566895091586">
        <ele>105.6</ele>
        <time>2026-09-24T13:08:41Z</time>
        <extensions>
          <gpxtpx:TrackPointExtension>
            <gpxtpx:hr>160</gpxtpx:hr>
          </gpxtpx:TrackPointExtension>
        </extensions>
      </trkpt>
      <trkpt lat="35.88780323851603" lon="115.11569998130464">
        <ele>105.6</ele>
        <time>2026-09-24T13:08:42Z</time>
        <extensions>
          <gpxtpx:TrackPointExtension>
            <gpxtpx:hr>160</gpxtpx:hr>
          </gpxtpx:TrackPointExtension>
        </extensions>
      </trkpt>
      <trkpt lat="35.88780126343026" lon="115.11572600676801">
        <ele>105.6</ele>
        <time>2026-09-24T13:08:43Z</time>
        <extensions>
          <gpxtpx:TrackPointExtension>
            <gpxtpx:hr>160</gpxtpx:hr>
          </gpxtpx:TrackPointExtension>
        </extensions>
      </trkpt>
      <trkpt lat="35.887799293058826" lon="115.11575703712472">
        <ele>105.6</ele>
        <time>2026-09-24T13:08:44Z</time>
        <extensions>
          <gpxtpx:TrackPointExtension>
            <gpxtpx:hr>160</gpxtpx:hr>
          </gpxtpx:TrackPointExtension>
        </extensions>
      </trkpt>
      <trkpt lat="35.88779732459991" lon="115.11579006947188">
        <ele>102.5</ele>
        <time>2026-09-24T13:08:45Z</time>
        <extensions>
          <gpxtpx:TrackPointExtension>
            <gpxtpx:hr>161</gpxtpx:hr>
          </gpxtpx:TrackPointExtension>
        </extensions>
      </trkpt>
      <trkpt lat="35.88779535053691" lon="115.11581709601278">
        <ele>102.5</ele>
        <time>2026-09-24T13:08:46Z</time>
        <extensions>
          <gpxtpx:TrackPointExtension>
            <gpxtpx:hr>161</gpxtpx:hr>
          </gpxtpx:TrackPointExtension>
        </extensions>
      </trkpt>
      <trkpt lat="35.887793374617154" lon="115.11584212063218">
        <ele>102.5</ele>
        <time>2026-09-24T13:08:47Z</time>
        <extensions>
          <gpxtpx:TrackPointExtension>
            <gpxtpx:hr>161</gpxtpx:hr>
          </gpxtpx:TrackPointExtension>
        </extensions>
      </trkpt>
      <trkpt lat="35.887791391184045" lon="115.1158591374588">
        <ele>102.5</ele>
        <time>2026-09-24T13:08:48Z</time>
        <extensions>
          <gpxtpx:TrackPointExtension>
            <gpxtpx:hr>161</gpxtpx:hr>
          </gpxtpx:TrackPointExtension>
        </extensions>
      </trkpt>
      <trkpt lat="35.88779040465327" lon="115.11587315125482">
        <ele>102.5</ele>
        <time>2026-09-24T13:08:49Z</time>
        <extensions>
          <gpxtpx:TrackPointExtension>
            <gpxtpx:hr>161</gpxtpx:hr>
          </gpxtpx:TrackPointExtension>
        </extensions>
      </trkpt>
      <trkpt lat="35.887788429725965" lon="115.11589917691423">
        <ele>102.5</ele>
        <time>2026-09-24T13:08:50Z</time>
        <extensions>
          <gpxtpx:TrackPointExtension>
            <gpxtpx:hr>162</gpxtpx:hr>
          </gpxtpx:TrackPointExtension>
        </extensions>
      </trkpt>
      <trkpt lat="35.88778545793577" lon="115.11592820565305">
        <ele>102.5</ele>
        <time>2026-09-24T13:08:51Z</time>
        <extensions>
          <gpxtpx:TrackPointExtension>
            <gpxtpx:hr>162</gpxtpx:hr>
          </gpxtpx:TrackPointExtension>
        </extensions>
      </trkpt>
      <trkpt lat="35.88778348211367" lon="115.11595323039325">
        <ele>102.5</ele>
        <time>2026-09-24T13:08:52Z</time>
        <extensions>
          <gpxtpx:TrackPointExtension>
            <gpxtpx:hr>162</gpxtpx:hr>
          </gpxtpx:TrackPointExtension>
        </extensions>
      </trkpt>
      <trkpt lat="35.88778051037853" lon="115.11598225920018">
        <ele>102.5</ele>
        <time>2026-09-24T13:08:53Z</time>
        <extensions>
          <gpxtpx:TrackPointExtension>
            <gpxtpx:hr>162</gpxtpx:hr>
          </gpxtpx:TrackPointExtension>
        </extensions>
      </trkpt>
      <trkpt lat="35.8877785402864" lon="115.11601328990245">
        <ele>102.5</ele>
        <time>2026-09-24T13:08:54Z</time>
        <extensions>
          <gpxtpx:TrackPointExtension>
            <gpxtpx:hr>162</gpxtpx:hr>
          </gpxtpx:TrackPointExtension>
        </extensions>
      </trkpt>
      <trkpt lat="35.88777656453895" lon="115.11603831473502">
        <ele>92.4</ele>
        <time>2026-09-24T13:08:55Z</time>
        <extensions>
          <gpxtpx:TrackPointExtension>
            <gpxtpx:hr>162</gpxtpx:hr>
          </gpxtpx:TrackPointExtension>
        </extensions>
      </trkpt>
      <trkpt lat="35.8877735928904" lon="115.11606734364909">
        <ele>92.4</ele>
        <time>2026-09-24T13:08:56Z</time>
        <extensions>
          <gpxtpx:TrackPointExtension>
            <gpxtpx:hr>162</gpxtpx:hr>
          </gpxtpx:TrackPointExtension>
        </extensions>
      </trkpt>
      <trkpt lat="35.88777062317164" lon="115.116098374575">
        <ele>92.4</ele>
        <time>2026-09-24T13:08:57Z</time>
        <extensions>
          <gpxtpx:TrackPointExtension>
            <gpxtpx:hr>162</gpxtpx:hr>
          </gpxtpx:TrackPointExtension>
        </extensions>
      </trkpt>
      <trkpt lat="35.88776864749877" lon="115.11612339949986">
        <ele>92.4</ele>
        <time>2026-09-24T13:08:58Z</time>
        <extensions>
          <gpxtpx:TrackPointExtension>
            <gpxtpx:hr>162</gpxtpx:hr>
          </gpxtpx:TrackPointExtension>
        </extensions>
      </trkpt>
      <trkpt lat="35.88776867318998" lon="115.11615042621327">
        <ele>90.0</ele>
        <time>2026-09-24T13:08:59Z</time>
        <extensions>
          <gpxtpx:TrackPointExtension>
            <gpxtpx:hr>162</gpxtpx:hr>
          </gpxtpx:TrackPointExtension>
        </extensions>
      </trkpt>
      <trkpt lat="35.88776769442334" lon="115.11617244811232">
        <ele>90.0</ele>
        <time>2026-09-24T13:09:00Z</time>
        <extensions>
          <gpxtpx:TrackPointExtension>
            <gpxtpx:hr>162</gpxtpx:hr>
          </gpxtpx:TrackPointExtension>
        </extensions>
      </trkpt>
      <trkpt lat="35.88776171993882" lon="115.11619747355418">
        <ele>92.4</ele>
        <time>2026-09-24T13:09:01Z</time>
        <extensions>
          <gpxtpx:TrackPointExtension>
            <gpxtpx:hr>162</gpxtpx:hr>
          </gpxtpx:TrackPointExtension>
        </extensions>
      </trkpt>
      <trkpt lat="35.887757747778174" lon="115.11622550178421">
        <ele>92.4</ele>
        <time>2026-09-24T13:09:02Z</time>
        <extensions>
          <gpxtpx:TrackPointExtension>
            <gpxtpx:hr>162</gpxtpx:hr>
          </gpxtpx:TrackPointExtension>
        </extensions>
      </trkpt>
      <trkpt lat="35.88775377182284" lon="115.11624952607079">
        <ele>92.4</ele>
        <time>2026-09-24T13:09:03Z</time>
        <extensions>
          <gpxtpx:TrackPointExtension>
            <gpxtpx:hr>162</gpxtpx:hr>
          </gpxtpx:TrackPointExtension>
        </extensions>
      </trkpt>
      <trkpt lat="35.88774979971317" lon="115.11627755436388">
        <ele>92.4</ele>
        <time>2026-09-24T13:09:04Z</time>
        <extensions>
          <gpxtpx:TrackPointExtension>
            <gpxtpx:hr>162</gpxtpx:hr>
          </gpxtpx:TrackPointExtension>
        </extensions>
      </trkpt>
      <trkpt lat="35.88774582954586" lon="115.11630758468434">
        <ele>92.8</ele>
        <time>2026-09-24T13:09:05Z</time>
        <extensions>
          <gpxtpx:TrackPointExtension>
            <gpxtpx:hr>164</gpxtpx:hr>
          </gpxtpx:TrackPointExtension>
        </extensions>
      </trkpt>
      <trkpt lat="35.887741853659385" lon="115.11633160905612">
        <ele>92.8</ele>
        <time>2026-09-24T13:09:06Z</time>
        <extensions>
          <gpxtpx:TrackPointExtension>
            <gpxtpx:hr>164</gpxtpx:hr>
          </gpxtpx:TrackPointExtension>
        </extensions>
      </trkpt>
      <trkpt lat="35.88773788163003" lon="115.11635963744853">
        <ele>92.8</ele>
        <time>2026-09-24T13:09:07Z</time>
        <extensions>
          <gpxtpx:TrackPointExtension>
            <gpxtpx:hr>164</gpxtpx:hr>
          </gpxtpx:TrackPointExtension>
        </extensions>
      </trkpt>
      <trkpt lat="35.88773391154873" lon="115.1163896678754">
        <ele>92.8</ele>
        <time>2026-09-24T13:09:08Z</time>
        <extensions>
          <gpxtpx:TrackPointExtension>
            <gpxtpx:hr>164</gpxtpx:hr>
          </gpxtpx:TrackPointExtension>
        </extensions>
      </trkpt>
      <trkpt lat="35.88772993476986" lon="115.11641269133092">
        <ele>92.8</ele>
        <time>2026-09-24T13:09:09Z</time>
        <extensions>
          <gpxtpx:TrackPointExtension>
            <gpxtpx:hr>164</gpxtpx:hr>
          </gpxtpx:TrackPointExtension>
        </extensions>
      </trkpt>
      <trkpt lat="35.887725963781904" lon="115.11644172082389">
        <ele>92.8</ele>
        <time>2026-09-24T13:09:10Z</time>
        <extensions>
          <gpxtpx:TrackPointExtension>
            <gpxtpx:hr>165</gpxtpx:hr>
          </gpxtpx:TrackPointExtension>
        </extensions>
      </trkpt>
      <trkpt lat="35.887721994749754" lon="115.11647275236092">
        <ele>92.8</ele>
        <time>2026-09-24T13:09:11Z</time>
        <extensions>
          <gpxtpx:TrackPointExtension>
            <gpxtpx:hr>165</gpxtpx:hr>
          </gpxtpx:TrackPointExtension>
        </extensions>
      </trkpt>
      <trkpt lat="35.8877190187207" lon="115.11649677679458">
        <ele>92.8</ele>
        <time>2026-09-24T13:09:12Z</time>
        <extensions>
          <gpxtpx:TrackPointExtension>
            <gpxtpx:hr>165</gpxtpx:hr>
          </gpxtpx:TrackPointExtension>
        </extensions>
      </trkpt>
      <trkpt lat="35.8877160494671" lon="115.11652780829597">
        <ele>92.8</ele>
        <time>2026-09-24T13:09:13Z</time>
        <extensions>
          <gpxtpx:TrackPointExtension>
            <gpxtpx:hr>165</gpxtpx:hr>
          </gpxtpx:TrackPointExtension>
        </extensions>
      </trkpt>
      <trkpt lat="35.88771308314593" lon="115.11656184286186">
        <ele>92.8</ele>
        <time>2026-09-24T13:09:14Z</time>
        <extensions>
          <gpxtpx:TrackPointExtension>
            <gpxtpx:hr>165</gpxtpx:hr>
          </gpxtpx:TrackPointExtension>
        </extensions>
      </trkpt>
      <trkpt lat="35.88771111077949" lon="115.1165898713139">
        <ele>96.0</ele>
        <time>2026-09-24T13:09:15Z</time>
        <extensions>
          <gpxtpx:TrackPointExtension>
            <gpxtpx:hr>165</gpxtpx:hr>
          </gpxtpx:TrackPointExtension>
        </extensions>
      </trkpt>
      <trkpt lat="35.88770814065794" lon="115.11661990192933">
        <ele>96.0</ele>
        <time>2026-09-24T13:09:16Z</time>
        <extensions>
          <gpxtpx:TrackPointExtension>
            <gpxtpx:hr>165</gpxtpx:hr>
          </gpxtpx:TrackPointExtension>
        </extensions>
      </trkpt>
      <trkpt lat="35.88770517056773" lon="115.1166499325835">
        <ele>96.0</ele>
        <time>2026-09-24T13:09:17Z</time>
        <extensions>
          <gpxtpx:TrackPointExtension>
            <gpxtpx:hr>165</gpxtpx:hr>
          </gpxtpx:TrackPointExtension>
        </extensions>
      </trkpt>
      <trkpt lat="35.88770219371641" lon="115.11667295618771">
        <ele>96.0</ele>
        <time>2026-09-24T13:09:18Z</time>
        <extensions>
          <gpxtpx:TrackPointExtension>
            <gpxtpx:hr>165</gpxtpx:hr>
          </gpxtpx:TrackPointExtension>
        </extensions>
      </trkpt>
      <trkpt lat="35.88770022048694" lon="115.1166999837599">
        <ele>96.0</ele>
        <time>2026-09-24T13:09:19Z</time>
        <extensions>
          <gpxtpx:TrackPointExtension>
            <gpxtpx:hr>165</gpxtpx:hr>
          </gpxtpx:TrackPointExtension>
        </extensions>
      </trkpt>
      <trkpt lat="35.88769724950801" lon="115.1167290135024">
        <ele>96.0</ele>
        <time>2026-09-24T13:09:20Z</time>
        <extensions>
          <gpxtpx:TrackPointExtension>
            <gpxtpx:hr>165</gpxtpx:hr>
          </gpxtpx:TrackPointExtension>
        </extensions>
      </trkpt>
      <trkpt lat="35.887694270774" lon="115.11675003515302">
        <ele>96.0</ele>
        <time>2026-09-24T13:09:21Z</time>
        <extensions>
          <gpxtpx:TrackPointExtension>
            <gpxtpx:hr>165</gpxtpx:hr>
          </gpxtpx:TrackPointExtension>
        </extensions>
      </trkpt>
      <trkpt lat="35.887690297204806" lon="115.11677606201599">
        <ele>96.0</ele>
        <time>2026-09-24T13:09:22Z</time>
        <extensions>
          <gpxtpx:TrackPointExtension>
            <gpxtpx:hr>165</gpxtpx:hr>
          </gpxtpx:TrackPointExtension>
        </extensions>
      </trkpt>
      <trkpt lat="35.88768633535806" lon="115.11681410112794">
        <ele>96.0</ele>
        <time>2026-09-24T13:09:23Z</time>
        <extensions>
          <gpxtpx:TrackPointExtension>
            <gpxtpx:hr>165</gpxtpx:hr>
          </gpxtpx:TrackPointExtension>
        </extensions>
      </trkpt>
      <trkpt lat="35.88768436909408" lon="115.11684813600301">
        <ele>96.0</ele>
        <time>2026-09-24T13:09:24Z</time>
        <extensions>
          <gpxtpx:TrackPointExtension>
            <gpxtpx:hr>165</gpxtpx:hr>
          </gpxtpx:TrackPointExtension>
        </extensions>
      </trkpt>
      <trkpt lat="35.88768239896056" lon="115.11687816684204">
        <ele>97.0</ele>
        <time>2026-09-24T13:09:25Z</time>
        <extensions>
          <gpxtpx:TrackPointExtension>
            <gpxtpx:hr>165</gpxtpx:hr>
          </gpxtpx:TrackPointExtension>
        </extensions>
      </trkpt>
      <trkpt lat="35.88767943011757" lon="115.1169091988515">
        <ele>97.0</ele>
        <time>2026-09-24T13:09:26Z</time>
        <extensions>
          <gpxtpx:TrackPointExtension>
            <gpxtpx:hr>165</gpxtpx:hr>
          </gpxtpx:TrackPointExtension>
        </extensions>
      </trkpt>
      <trkpt lat="35.88767745417139" lon="115.11693322362609">
        <ele>97.0</ele>
        <time>2026-09-24T13:09:27Z</time>
        <extensions>
          <gpxtpx:TrackPointExtension>
            <gpxtpx:hr>165</gpxtpx:hr>
          </gpxtpx:TrackPointExtension>
        </extensions>
      </trkpt>
      <trkpt lat="35.887675483145976" lon="115.11696225354952">
        <ele>97.0</ele>
        <time>2026-09-24T13:09:28Z</time>
        <extensions>
          <gpxtpx:TrackPointExtension>
            <gpxtpx:hr>165</gpxtpx:hr>
          </gpxtpx:TrackPointExtension>
        </extensions>
      </trkpt>
      <trkpt lat="35.88767351313095" lon="115.11699228453519">
        <ele>97.0</ele>
        <time>2026-09-24T13:09:29Z</time>
        <extensions>
          <gpxtpx:TrackPointExtension>
            <gpxtpx:hr>165</gpxtpx:hr>
          </gpxtpx:TrackPointExtension>
        </extensions>
      </trkpt>
      <trkpt lat="35.88767153823587" lon="115.11701731042241">
        <ele>97.0</ele>
        <time>2026-09-24T13:09:30Z</time>
        <extensions>
          <gpxtpx:TrackPointExtension>
            <gpxtpx:hr>165</gpxtpx:hr>
          </gpxtpx:TrackPointExtension>
        </extensions>
      </trkpt>
      <trkpt lat="35.88766856855889" lon="115.11704734158792">
        <ele>97.0</ele>
        <time>2026-09-24T13:09:31Z</time>
        <extensions>
          <gpxtpx:TrackPointExtension>
            <gpxtpx:hr>165</gpxtpx:hr>
          </gpxtpx:TrackPointExtension>
        </extensions>
      </trkpt>
      <trkpt lat="35.88766660060062" lon="115.11707937474254">
        <ele>97.0</ele>
        <time>2026-09-24T13:09:32Z</time>
        <extensions>
          <gpxtpx:TrackPointExtension>
            <gpxtpx:hr>165</gpxtpx:hr>
          </gpxtpx:TrackPointExtension>
        </extensions>
      </trkpt>
      <trkpt lat="35.88766362704688" lon="115.11710540186307">
        <ele>97.0</ele>
        <time>2026-09-24T13:09:33Z</time>
        <extensions>
          <gpxtpx:TrackPointExtension>
            <gpxtpx:hr>165</gpxtpx:hr>
          </gpxtpx:TrackPointExtension>
        </extensions>
      </trkpt>
      <trkpt lat="35.8876606584474" lon="115.11713643417386">
        <ele>97.0</ele>
        <time>2026-09-24T13:09:34Z</time>
        <extensions>
          <gpxtpx:TrackPointExtension>
            <gpxtpx:hr>165</gpxtpx:hr>
          </gpxtpx:TrackPointExtension>
        </extensions>
      </trkpt>
      <trkpt lat="35.887657691855864" lon="115.11716946859322">
        <ele>99.5</ele>
        <time>2026-09-24T13:09:35Z</time>
        <extensions>
          <gpxtpx:TrackPointExtension>
            <gpxtpx:hr>164</gpxtpx:hr>
          </gpxtpx:TrackPointExtension>
        </extensions>
      </trkpt>
      <trkpt lat="35.88765571909032" lon="115.11719649673948">
        <ele>99.5</ele>
        <time>2026-09-24T13:09:36Z</time>
        <extensions>
          <gpxtpx:TrackPointExtension>
            <gpxtpx:hr>164</gpxtpx:hr>
          </gpxtpx:TrackPointExtension>
        </extensions>
      </trkpt>
      <trkpt lat="35.887652750588224" lon="115.11722752917079">
        <ele>99.5</ele>
        <time>2026-09-24T13:09:37Z</time>
        <extensions>
          <gpxtpx:TrackPointExtension>
            <gpxtpx:hr>164</gpxtpx:hr>
          </gpxtpx:TrackPointExtension>
        </extensions>
      </trkpt>
      <trkpt lat="35.88764878339072" lon="115.1172595627899">
        <ele>99.5</ele>
        <time>2026-09-24T13:09:38Z</time>
        <extensions>
          <gpxtpx:TrackPointExtension>
            <gpxtpx:hr>164</gpxtpx:hr>
          </gpxtpx:TrackPointExtension>
        </extensions>
      </trkpt>
      <trkpt lat="35.887646808726174" lon="115.11728458896239">
        <ele>99.5</ele>
        <time>2026-09-24T13:09:39Z</time>
        <extensions>
          <gpxtpx:TrackPointExtension>
            <gpxtpx:hr>164</gpxtpx:hr>
          </gpxtpx:TrackPointExtension>
        </extensions>
      </trkpt>
      <trkpt lat="35.887643839325705" lon="115.11731462047007">
        <ele>99.5</ele>
        <time>2026-09-24T13:09:40Z</time>
        <extensions>
          <gpxtpx:TrackPointExtension>
            <gpxtpx:hr>165</gpxtpx:hr>
          </gpxtpx:TrackPointExtension>
        </extensions>
      </trkpt>
      <trkpt lat="35.88764086995623" lon="115.1173446520161">
        <ele>99.5</ele>
        <time>2026-09-24T13:09:41Z</time>
        <extensions>
          <gpxtpx:TrackPointExtension>
            <gpxtpx:hr>165</gpxtpx:hr>
          </gpxtpx:TrackPointExtension>
        </extensions>
      </trkpt>
      <trkpt lat="35.887637895645824" lon="115.11736967838837">
        <ele>99.5</ele>
        <time>2026-09-24T13:09:42Z</time>
        <extensions>
          <gpxtpx:TrackPointExtension>
            <gpxtpx:hr>165</gpxtpx:hr>
          </gpxtpx:TrackPointExtension>
        </extensions>
      </trkpt>
      <trkpt lat="35.887634926333156" lon="115.11739971000469">
        <ele>99.5</ele>
        <time>2026-09-24T13:09:43Z</time>
        <extensions>
          <gpxtpx:TrackPointExtension>
            <gpxtpx:hr>165</gpxtpx:hr>
          </gpxtpx:TrackPointExtension>
        </extensions>
      </trkpt>
      <trkpt lat="35.88763195804782" lon="115.11743074270423">
        <ele>99.5</ele>
        <time>2026-09-24T13:09:44Z</time>
        <extensions>
          <gpxtpx:TrackPointExtension>
            <gpxtpx:hr>165</gpxtpx:hr>
          </gpxtpx:TrackPointExtension>
        </extensions>
      </trkpt>
      <trkpt lat="35.88762998353042" lon="115.11745576905881">
        <ele>101.4</ele>
        <time>2026-09-24T13:09:45Z</time>
        <extensions>
          <gpxtpx:TrackPointExtension>
            <gpxtpx:hr>165</gpxtpx:hr>
          </gpxtpx:TrackPointExtension>
        </extensions>
      </trkpt>
      <trkpt lat="35.887627008317345" lon="115.11747979450213">
        <ele>101.4</ele>
        <time>2026-09-24T13:09:46Z</time>
        <extensions>
          <gpxtpx:TrackPointExtension>
            <gpxtpx:hr>165</gpxtpx:hr>
          </gpxtpx:TrackPointExtension>
        </extensions>
      </trkpt>
      <trkpt lat="35.88762503084536" lon="115.11750181776482">
        <ele>101.4</ele>
        <time>2026-09-24T13:09:47Z</time>
        <extensions>
          <gpxtpx:TrackPointExtension>
            <gpxtpx:hr>165</gpxtpx:hr>
          </gpxtpx:TrackPointExtension>
        </extensions>
      </trkpt>
      <trkpt lat="35.88762305938817" lon="115.11752984734206">
        <ele>101.4</ele>
        <time>2026-09-24T13:09:48Z</time>
        <extensions>
          <gpxtpx:TrackPointExtension>
            <gpxtpx:hr>165</gpxtpx:hr>
          </gpxtpx:TrackPointExtension>
        </extensions>
      </trkpt>
      <trkpt lat="35.887620090240446" lon="115.1175598791625">
        <ele>101.4</ele>
        <time>2026-09-24T13:09:49Z</time>
        <extensions>
          <gpxtpx:TrackPointExtension>
            <gpxtpx:hr>165</gpxtpx:hr>
          </gpxtpx:TrackPointExtension>
        </extensions>
      </trkpt>
      <trkpt lat="35.88761811483211" lon="115.11758390460272">
        <ele>101.4</ele>
        <time>2026-09-24T13:09:50Z</time>
        <extensions>
          <gpxtpx:TrackPointExtension>
            <gpxtpx:hr>167</gpxtpx:hr>
          </gpxtpx:TrackPointExtension>
        </extensions>
      </trkpt>
      <trkpt lat="35.88761514373467" lon="115.11761193438664">
        <ele>101.4</ele>
        <time>2026-09-24T13:09:51Z</time>
        <extensions>
          <gpxtpx:TrackPointExtension>
            <gpxtpx:hr>167</gpxtpx:hr>
          </gpxtpx:TrackPointExtension>
        </extensions>
      </trkpt>
      <trkpt lat="35.887612175674974" lon="115.11764296736541">
        <ele>101.4</ele>
        <time>2026-09-24T13:09:52Z</time>
        <extensions>
          <gpxtpx:TrackPointExtension>
            <gpxtpx:hr>167</gpxtpx:hr>
          </gpxtpx:TrackPointExtension>
        </extensions>
      </trkpt>
      <trkpt lat="35.88761020736723" lon="115.11767400027577">
        <ele>101.4</ele>
        <time>2026-09-24T13:09:53Z</time>
        <extensions>
          <gpxtpx:TrackPointExtension>
            <gpxtpx:hr>167</gpxtpx:hr>
          </gpxtpx:TrackPointExtension>
        </extensions>
      </trkpt>
      <trkpt lat="35.88760723937338" lon="115.11770503333602">
        <ele>101.4</ele>
        <time>2026-09-24T13:09:54Z</time>
        <extensions>
          <gpxtpx:TrackPointExtension>
            <gpxtpx:hr>167</gpxtpx:hr>
          </gpxtpx:TrackPointExtension>
        </extensions>
      </trkpt>
      <trkpt lat="35.8876052630777" lon="115.11772805786626">
        <ele>101.3</ele>
        <time>2026-09-24T13:09:55Z</time>
        <extensions>
          <gpxtpx:TrackPointExtension>
            <gpxtpx:hr>167</gpxtpx:hr>
          </gpxtpx:TrackPointExtension>
        </extensions>
      </trkpt>
      <trkpt lat="35.88760329284495" lon="115.11775708877067">
        <ele>101.3</ele>
        <time>2026-09-24T13:09:56Z</time>
        <extensions>
          <gpxtpx:TrackPointExtension>
            <gpxtpx:hr>167</gpxtpx:hr>
          </gpxtpx:TrackPointExtension>
        </extensions>
      </trkpt>
      <trkpt lat="35.88760132264096" lon="115.1177861197107">
        <ele>101.3</ele>
        <time>2026-09-24T13:09:57Z</time>
        <extensions>
          <gpxtpx:TrackPointExtension>
            <gpxtpx:hr>167</gpxtpx:hr>
          </gpxtpx:TrackPointExtension>
        </extensions>
      </trkpt>
      <trkpt lat="35.88759934741838" lon="115.11781014538079">
        <ele>101.3</ele>
        <time>2026-09-24T13:09:58Z</time>
        <extensions>
          <gpxtpx:TrackPointExtension>
            <gpxtpx:hr>167</gpxtpx:hr>
          </gpxtpx:TrackPointExtension>
        </extensions>
      </trkpt>
      <trkpt lat="35.88759637552723" lon="115.11783717437065">
        <ele>99.0</ele>
        <time>2026-09-24T13:09:59Z</time>
        <extensions>
          <gpxtpx:TrackPointExtension>
            <gpxtpx:hr>167</gpxtpx:hr>
          </gpxtpx:TrackPointExtension>
        </extensions>
      </trkpt>
      <trkpt lat="35.88759440843659" lon="115.11786920859907">
        <ele>99.0</ele>
        <time>2026-09-24T13:10:00Z</time>
        <extensions>
          <gpxtpx:TrackPointExtension>
            <gpxtpx:hr>167</gpxtpx:hr>
          </gpxtpx:TrackPointExtension>
        </extensions>
      </trkpt>
      <trkpt lat="35.887591438624575" lon="115.11789823978563">
        <ele>101.3</ele>
        <time>2026-09-24T13:10:01Z</time>
        <extensions>
          <gpxtpx:TrackPointExtension>
            <gpxtpx:hr>167</gpxtpx:hr>
          </gpxtpx:TrackPointExtension>
        </extensions>
      </trkpt>
      <trkpt lat="35.887587473176055" lon="115.11793127538097">
        <ele>101.3</ele>
        <time>2026-09-24T13:10:02Z</time>
        <extensions>
          <gpxtpx:TrackPointExtension>
            <gpxtpx:hr>167</gpxtpx:hr>
          </gpxtpx:TrackPointExtension>
        </extensions>
      </trkpt>
      <trkpt lat="35.88758350877936" lon="115.11796531208982">
        <ele>101.3</ele>
        <time>2026-09-24T13:10:03Z</time>
        <extensions>
          <gpxtpx:TrackPointExtension>
            <gpxtpx:hr>167</gpxtpx:hr>
          </gpxtpx:TrackPointExtension>
        </extensions>
      </trkpt>
      <trkpt lat="35.887579538327664" lon="115.11799334243435">
        <ele>101.3</ele>
        <time>2026-09-24T13:10:04Z</time>
        <extensions>
          <gpxtpx:TrackPointExtension>
            <gpxtpx:hr>167</gpxtpx:hr>
          </gpxtpx:TrackPointExtension>
        </extensions>
      </trkpt>
      <trkpt lat="35.88757557095261" lon="115.11802437602185">
        <ele>99.7</ele>
        <time>2026-09-24T13:10:05Z</time>
        <extensions>
          <gpxtpx:TrackPointExtension>
            <gpxtpx:hr>166</gpxtpx:hr>
          </gpxtpx:TrackPointExtension>
        </extensions>
      </trkpt>
      <trkpt lat="35.887571603610304" lon="115.11805540964986">
        <ele>99.7</ele>
        <time>2026-09-24T13:10:06Z</time>
        <extensions>
          <gpxtpx:TrackPointExtension>
            <gpxtpx:hr>166</gpxtpx:hr>
          </gpxtpx:TrackPointExtension>
        </extensions>
      </trkpt>
      <trkpt lat="35.887567632225796" lon="115.11808243902811">
        <ele>99.7</ele>
        <time>2026-09-24T13:10:07Z</time>
        <extensions>
          <gpxtpx:TrackPointExtension>
            <gpxtpx:hr>166</gpxtpx:hr>
          </gpxtpx:TrackPointExtension>
        </extensions>
      </trkpt>
      <trkpt lat="35.88756365984655" lon="115.11810846736348">
        <ele>99.7</ele>
        <time>2026-09-24T13:10:08Z</time>
        <extensions>
          <gpxtpx:TrackPointExtension>
            <gpxtpx:hr>166</gpxtpx:hr>
          </gpxtpx:TrackPointExtension>
        </extensions>
      </trkpt>
      <trkpt lat="35.887560685168495" lon="115.11813249346889">
        <ele>99.7</ele>
        <time>2026-09-24T13:10:09Z</time>
        <extensions>
          <gpxtpx:TrackPointExtension>
            <gpxtpx:hr>166</gpxtpx:hr>
          </gpxtpx:TrackPointExtension>
        </extensions>
      </trkpt>
      <trkpt lat="35.887556715897354" lon="115.11816152508621">
        <ele>99.7</ele>
        <time>2026-09-24T13:10:10Z</time>
        <extensions>
          <gpxtpx:TrackPointExtension>
            <gpxtpx:hr>166</gpxtpx:hr>
          </gpxtpx:TrackPointExtension>
        </extensions>
      </trkpt>
      <trkpt lat="35.88755474915994" lon="115.11819355975184">
        <ele>99.7</ele>
        <time>2026-09-24T13:10:11Z</time>
        <extensions>
          <gpxtpx:TrackPointExtension>
            <gpxtpx:hr>166</gpxtpx:hr>
          </gpxtpx:TrackPointExtension>
        </extensions>
      </trkpt>
      <trkpt lat="35.887552778363485" lon="115.11822159014687">
        <ele>99.7</ele>
        <time>2026-09-24T13:10:12Z</time>
        <extensions>
          <gpxtpx:TrackPointExtension>
            <gpxtpx:hr>166</gpxtpx:hr>
          </gpxtpx:TrackPointExtension>
        </extensions>
      </trkpt>
      <trkpt lat="35.8875528060073" lon="115.11824861927704">
        <ele>99.7</ele>
        <time>2026-09-24T13:10:13Z</time>
        <extensions>
          <gpxtpx:TrackPointExtension>
            <gpxtpx:hr>166</gpxtpx:hr>
          </gpxtpx:TrackPointExtension>
        </extensions>
      </trkpt>
      <trkpt lat="35.887550834237885" lon="115.11827564865618">
        <ele>99.7</ele>
        <time>2026-09-24T13:10:14Z</time>
        <extensions>
          <gpxtpx:TrackPointExtension>
            <gpxtpx:hr>166</gpxtpx:hr>
          </gpxtpx:TrackPointExtension>
        </extensions>
      </trkpt>
      <trkpt lat="35.88754886454554" lon="115.11830468022947">
        <ele>101.4</ele>
        <time>2026-09-24T13:10:15Z</time>
        <extensions>
          <gpxtpx:TrackPointExtension>
            <gpxtpx:hr>162</gpxtpx:hr>
          </gpxtpx:TrackPointExtension>
        </extensions>
      </trkpt>
      <trkpt lat="35.88754589618995" lon="115.11833471303028">
        <ele>101.4</ele>
        <time>2026-09-24T13:10:16Z</time>
        <extensions>
          <gpxtpx:TrackPointExtension>
            <gpxtpx:hr>162</gpxtpx:hr>
          </gpxtpx:TrackPointExtension>
        </extensions>
      </trkpt>
      <trkpt lat="35.8875429227241" lon="115.11835974044772">
        <ele>101.4</ele>
        <time>2026-09-24T13:10:17Z</time>
        <extensions>
          <gpxtpx:TrackPointExtension>
            <gpxtpx:hr>162</gpxtpx:hr>
          </gpxtpx:TrackPointExtension>
        </extensions>
      </trkpt>
      <trkpt lat="35.88753895367639" lon="115.11838877234158">
        <ele>101.4</ele>
        <time>2026-09-24T13:10:18Z</time>
        <extensions>
          <gpxtpx:TrackPointExtension>
            <gpxtpx:hr>162</gpxtpx:hr>
          </gpxtpx:TrackPointExtension>
        </extensions>
      </trkpt>
      <trkpt lat="35.88753598643626" lon="115.11841980633467">
        <ele>101.4</ele>
        <time>2026-09-24T13:10:19Z</time>
        <extensions>
          <gpxtpx:TrackPointExtension>
            <gpxtpx:hr>162</gpxtpx:hr>
          </gpxtpx:TrackPointExtension>
        </extensions>
      </trkpt>
      <trkpt lat="35.887533014073355" lon="115.1184458349289">
        <ele>101.4</ele>
        <time>2026-09-24T13:10:20Z</time>
        <extensions>
          <gpxtpx:TrackPointExtension>
            <gpxtpx:hr>163</gpxtpx:hr>
          </gpxtpx:TrackPointExtension>
        </extensions>
      </trkpt>
      <trkpt lat="35.88753004586103" lon="115.11847586790704">
        <ele>101.4</ele>
        <time>2026-09-24T13:10:21Z</time>
        <extensions>
          <gpxtpx:TrackPointExtension>
            <gpxtpx:hr>163</gpxtpx:hr>
          </gpxtpx:TrackPointExtension>
        </extensions>
      </trkpt>
      <trkpt lat="35.88752807946418" lon="115.11850790299425">
        <ele>101.4</ele>
        <time>2026-09-24T13:10:22Z</time>
        <extensions>
          <gpxtpx:TrackPointExtension>
            <gpxtpx:hr>163</gpxtpx:hr>
          </gpxtpx:TrackPointExtension>
        </extensions>
      </trkpt>
      <trkpt lat="35.88752510821262" lon="115.1185349327757">
        <ele>101.4</ele>
        <time>2026-09-24T13:10:23Z</time>
        <extensions>
          <gpxtpx:TrackPointExtension>
            <gpxtpx:hr>163</gpxtpx:hr>
          </gpxtpx:TrackPointExtension>
        </extensions>
      </trkpt>
      <trkpt lat="35.88752214112557" lon="115.11856596695827">
        <ele>101.4</ele>
        <time>2026-09-24T13:10:24Z</time>
        <extensions>
          <gpxtpx:TrackPointExtension>
            <gpxtpx:hr>163</gpxtpx:hr>
          </gpxtpx:TrackPointExtension>
        </extensions>
      </trkpt>
      <trkpt lat="35.8875181753881" lon="115.11859800238426">
        <ele>103.5</ele>
        <time>2026-09-24T13:10:25Z</time>
        <extensions>
          <gpxtpx:TrackPointExtension>
            <gpxtpx:hr>163</gpxtpx:hr>
          </gpxtpx:TrackPointExtension>
        </extensions>
      </trkpt>
      <trkpt lat="35.88751520525566" lon="115.11862603336252">
        <ele>103.5</ele>
        <time>2026-09-24T13:10:26Z</time>
        <extensions>
          <gpxtpx:TrackPointExtension>
            <gpxtpx:hr>163</gpxtpx:hr>
          </gpxtpx:TrackPointExtension>
        </extensions>
      </trkpt>
      <trkpt lat="35.887513237982795" lon="115.11865706755381">
        <ele>103.5</ele>
        <time>2026-09-24T13:10:27Z</time>
        <extensions>
          <gpxtpx:TrackPointExtension>
            <gpxtpx:hr>163</gpxtpx:hr>
          </gpxtpx:TrackPointExtension>
        </extensions>
      </trkpt>
      <trkpt lat="35.88751127074233" lon="115.11868810178522">
        <ele>103.5</ele>
        <time>2026-09-24T13:10:28Z</time>
        <extensions>
          <gpxtpx:TrackPointExtension>
            <gpxtpx:hr>163</gpxtpx:hr>
          </gpxtpx:TrackPointExtension>
        </extensions>
      </trkpt>
      <trkpt lat="35.88750930041382" lon="115.1187161327595">
        <ele>103.5</ele>
        <time>2026-09-24T13:10:29Z</time>
        <extensions>
          <gpxtpx:TrackPointExtension>
            <gpxtpx:hr>163</gpxtpx:hr>
          </gpxtpx:TrackPointExtension>
        </extensions>
      </trkpt>
      <trkpt lat="35.88750732802972" lon="115.1187421615662">
        <ele>103.5</ele>
        <time>2026-09-24T13:10:30Z</time>
        <extensions>
          <gpxtpx:TrackPointExtension>
            <gpxtpx:hr>165</gpxtpx:hr>
          </gpxtpx:TrackPointExtension>
        </extensions>
      </trkpt>
      <trkpt lat="35.887506351220225" lon="115.11876418588754">
        <ele>103.5</ele>
        <time>2026-09-24T13:10:31Z</time>
        <extensions>
          <gpxtpx:TrackPointExtension>
            <gpxtpx:hr>165</gpxtpx:hr>
          </gpxtpx:TrackPointExtension>
        </extensions>
      </trkpt>
      <trkpt lat="35.88750936600651" lon="115.11877920207993">
        <ele>103.5</ele>
        <time>2026-09-24T13:10:32Z</time>
        <extensions>
          <gpxtpx:TrackPointExtension>
            <gpxtpx:hr>165</gpxtpx:hr>
          </gpxtpx:TrackPointExtension>
        </extensions>
      </trkpt>
      <trkpt lat="35.887515368489375" lon="115.11878320583185">
        <ele>103.5</ele>
        <time>2026-09-24T13:10:33Z</time>
        <extensions>
          <gpxtpx:TrackPointExtension>
            <gpxtpx:hr>165</gpxtpx:hr>
          </gpxtpx:TrackPointExtension>
        </extensions>
      </trkpt>
      <trkpt lat="35.88751935798545" lon="115.11877419548064">
        <ele>103.5</ele>
        <time>2026-09-24T13:10:34Z</time>
        <extensions>
          <gpxtpx:TrackPointExtension>
            <gpxtpx:hr>165</gpxtpx:hr>
          </gpxtpx:TrackPointExtension>
        </extensions>
      </trkpt>
      <trkpt lat="35.887523334985744" lon="115.11875317192317">
        <ele>106.3</ele>
        <time>2026-09-24T13:10:35Z</time>
        <extensions>
          <gpxtpx:TrackPointExtension>
            <gpxtpx:hr>165</gpxtpx:hr>
          </gpxtpx:TrackPointExtension>
        </extensions>
      </trkpt>
      <trkpt lat="35.88752630603876" lon="115.11872614189592">
        <ele>106.3</ele>
        <time>2026-09-24T13:10:36Z</time>
        <extensions>
          <gpxtpx:TrackPointExtension>
            <gpxtpx:hr>165</gpxtpx:hr>
          </gpxtpx:TrackPointExtension>
        </extensions>
      </trkpt>
      <trkpt lat="35.88752828155571" lon="115.11870311640178">
        <ele>106.3</ele>
        <time>2026-09-24T13:10:37Z</time>
        <extensions>
          <gpxtpx:TrackPointExtension>
            <gpxtpx:hr>165</gpxtpx:hr>
          </gpxtpx:TrackPointExtension>
        </extensions>
      </trkpt>
      <trkpt lat="35.88753025293524" lon="115.11867608654">
        <ele>106.3</ele>
        <time>2026-09-24T13:10:38Z</time>
        <extensions>
          <gpxtpx:TrackPointExtension>
            <gpxtpx:hr>165</gpxtpx:hr>
          </gpxtpx:TrackPointExtension>
        </extensions>
      </trkpt>
      <trkpt lat="35.88753222018827" lon="115.1186450523241">
        <ele>106.3</ele>
        <time>2026-09-24T13:10:39Z</time>
        <extensions>
          <gpxtpx:TrackPointExtension>
            <gpxtpx:hr>165</gpxtpx:hr>
          </gpxtpx:TrackPointExtension>
        </extensions>
      </trkpt>
      <trkpt lat="35.88753419473112" lon="115.11862102581264">
        <ele>106.3</ele>
        <time>2026-09-24T13:10:40Z</time>
        <extensions>
          <gpxtpx:TrackPointExtension>
            <gpxtpx:hr>165</gpxtpx:hr>
          </gpxtpx:TrackPointExtension>
        </extensions>
      </trkpt>
      <trkpt lat="35.887536170329504" lon="115.1185980004193">
        <ele>106.3</ele>
        <time>2026-09-24T13:10:41Z</time>
        <extensions>
          <gpxtpx:TrackPointExtension>
            <gpxtpx:hr>165</gpxtpx:hr>
          </gpxtpx:TrackPointExtension>
        </extensions>
      </trkpt>
      <trkpt lat="35.887538149051906" lon="115.11857797832761">
        <ele>106.3</ele>
        <time>2026-09-24T13:10:42Z</time>
        <extensions>
          <gpxtpx:TrackPointExtension>
            <gpxtpx:hr>165</gpxtpx:hr>
          </gpxtpx:TrackPointExtension>
        </extensions>
      </trkpt>
      <trkpt lat="35.88754012157984" lon="115.11855194969894">
        <ele>106.3</ele>
        <time>2026-09-24T13:10:43Z</time>
        <extensions>
          <gpxtpx:TrackPointExtension>
            <gpxtpx:hr>165</gpxtpx:hr>
          </gpxtpx:TrackPointExtension>
        </extensions>
      </trkpt>
      <trkpt lat="35.887543090748686" lon="115.11852291771629">
        <ele>106.3</ele>
        <time>2026-09-24T13:10:44Z</time>
        <extensions>
          <gpxtpx:TrackPointExtension>
            <gpxtpx:hr>165</gpxtpx:hr>
          </gpxtpx:TrackPointExtension>
        </extensions>
      </trkpt>
      <trkpt lat="35.88754606510938" lon="115.11849889121805">
        <ele>108.6</ele>
        <time>2026-09-24T13:10:45Z</time>
        <extensions>
          <gpxtpx:TrackPointExtension>
            <gpxtpx:hr>166</gpxtpx:hr>
          </gpxtpx:TrackPointExtension>
        </extensions>
      </trkpt>
      <trkpt lat="35.88754903536199" lon="115.11847086038848">
        <ele>108.6</ele>
        <time>2026-09-24T13:10:46Z</time>
        <extensions>
          <gpxtpx:TrackPointExtension>
            <gpxtpx:hr>166</gpxtpx:hr>
          </gpxtpx:TrackPointExtension>
        </extensions>
      </trkpt>
      <trkpt lat="35.88755200357944" lon="115.11844082741663">
        <ele>108.6</ele>
        <time>2026-09-24T13:10:47Z</time>
        <extensions>
          <gpxtpx:TrackPointExtension>
            <gpxtpx:hr>166</gpxtpx:hr>
          </gpxtpx:TrackPointExtension>
        </extensions>
      </trkpt>
      <trkpt lat="35.88755497800671" lon="115.11841680100079">
        <ele>108.6</ele>
        <time>2026-09-24T13:10:48Z</time>
        <extensions>
          <gpxtpx:TrackPointExtension>
            <gpxtpx:hr>166</gpxtpx:hr>
          </gpxtpx:TrackPointExtension>
        </extensions>
      </trkpt>
      <trkpt lat="35.88755794730798" lon="115.11838776918205">
        <ele>108.6</ele>
        <time>2026-09-24T13:10:49Z</time>
        <extensions>
          <gpxtpx:TrackPointExtension>
            <gpxtpx:hr>166</gpxtpx:hr>
          </gpxtpx:TrackPointExtension>
        </extensions>
      </trkpt>
      <trkpt lat="35.88756191635673" lon="115.11835873728943">
        <ele>108.6</ele>
        <time>2026-09-24T13:10:50Z</time>
        <extensions>
          <gpxtpx:TrackPointExtension>
            <gpxtpx:hr>165</gpxtpx:hr>
          </gpxtpx:TrackPointExtension>
        </extensions>
      </trkpt>
      <trkpt lat="35.88756489085066" lon="115.11833471095608">
        <ele>108.6</ele>
        <time>2026-09-24T13:10:51Z</time>
        <extensions>
          <gpxtpx:TrackPointExtension>
            <gpxtpx:hr>165</gpxtpx:hr>
          </gpxtpx:TrackPointExtension>
        </extensions>
      </trkpt>
      <trkpt lat="35.887567867417005" lon="115.11831268681112">
        <ele>108.6</ele>
        <time>2026-09-24T13:10:52Z</time>
        <extensions>
          <gpxtpx:TrackPointExtension>
            <gpxtpx:hr>165</gpxtpx:hr>
          </gpxtpx:TrackPointExtension>
        </extensions>
      </trkpt>
      <trkpt lat="35.88757084502551" lon="115.1182916637677">
        <ele>108.6</ele>
        <time>2026-09-24T13:10:53Z</time>
        <extensions>
          <gpxtpx:TrackPointExtension>
            <gpxtpx:hr>165</gpxtpx:hr>
          </gpxtpx:TrackPointExtension>
        </extensions>
      </trkpt>
      <trkpt lat="35.88757481519345" lon="115.11826363307198">
        <ele>108.6</ele>
        <time>2026-09-24T13:10:54Z</time>
        <extensions>
          <gpxtpx:TrackPointExtension>
            <gpxtpx:hr>165</gpxtpx:hr>
          </gpxtpx:TrackPointExtension>
        </extensions>
      </trkpt>
      <trkpt lat="35.887577782597575" lon="115.11823259928178">
        <ele>109.3</ele>
        <time>2026-09-24T13:10:55Z</time>
        <extensions>
          <gpxtpx:TrackPointExtension>
            <gpxtpx:hr>165</gpxtpx:hr>
          </gpxtpx:TrackPointExtension>
        </extensions>
      </trkpt>
      <trkpt lat="35.887579756452176" lon="115.11820757210681">
        <ele>109.3</ele>
        <time>2026-09-24T13:10:56Z</time>
        <extensions>
          <gpxtpx:TrackPointExtension>
            <gpxtpx:hr>165</gpxtpx:hr>
          </gpxtpx:TrackPointExtension>
        </extensions>
      </trkpt>
      <trkpt lat="35.887581731350096" lon="115.11818354603484">
        <ele>109.3</ele>
        <time>2026-09-24T13:10:57Z</time>
        <extensions>
          <gpxtpx:TrackPointExtension>
            <gpxtpx:hr>165</gpxtpx:hr>
          </gpxtpx:TrackPointExtension>
        </extensions>
      </trkpt>
      <trkpt lat="35.88758370831021" lon="115.1181615221386">
        <ele>109.3</ele>
        <time>2026-09-24T13:10:58Z</time>
        <extensions>
          <gpxtpx:TrackPointExtension>
            <gpxtpx:hr>165</gpxtpx:hr>
          </gpxtpx:TrackPointExtension>
        </extensions>
      </trkpt>
      <trkpt lat="35.887585686307396" lon="115.11814049933766">
        <ele>109.0</ele>
        <time>2026-09-24T13:10:59Z</time>
        <extensions>
          <gpxtpx:TrackPointExtension>
            <gpxtpx:hr>165</gpxtpx:hr>
          </gpxtpx:TrackPointExtension>
        </extensions>
      </trkpt>
      <trkpt lat="35.88758766329966" lon="115.11811847548123">
        <ele>109.0</ele>
        <time>2026-09-24T13:11:00Z</time>
        <extensions>
          <gpxtpx:TrackPointExtension>
            <gpxtpx:hr>165</gpxtpx:hr>
          </gpxtpx:TrackPointExtension>
        </extensions>
      </trkpt>
      <trkpt lat="35.887590640027405" lon="115.11809645153602">
        <ele>109.3</ele>
        <time>2026-09-24T13:11:01Z</time>
        <extensions>
          <gpxtpx:TrackPointExtension>
            <gpxtpx:hr>165</gpxtpx:hr>
          </gpxtpx:TrackPointExtension>
        </extensions>
      </trkpt>
      <trkpt lat="35.887593611680096" lon="115.118069422251">
        <ele>109.3</ele>
        <time>2026-09-24T13:11:02Z</time>
        <extensions>
          <gpxtpx:TrackPointExtension>
            <gpxtpx:hr>165</gpxtpx:hr>
          </gpxtpx:TrackPointExtension>
        </extensions>
      </trkpt>
      <trkpt lat="35.88759758104209" lon="115.11804039074602">
        <ele>109.3</ele>
        <time>2026-09-24T13:11:03Z</time>
        <extensions>
          <gpxtpx:TrackPointExtension>
            <gpxtpx:hr>165</gpxtpx:hr>
          </gpxtpx:TrackPointExtension>
        </extensions>
      </trkpt>
      <trkpt lat="35.88760055681179" lon="115.11801736580334">
        <ele>109.3</ele>
        <time>2026-09-24T13:11:04Z</time>
        <extensions>
          <gpxtpx:TrackPointExtension>
            <gpxtpx:hr>165</gpxtpx:hr>
          </gpxtpx:TrackPointExtension>
        </extensions>
      </trkpt>
      <trkpt lat="35.88760452825614" lon="115.11799033649903">
        <ele>109.4</ele>
        <time>2026-09-24T13:11:05Z</time>
        <extensions>
          <gpxtpx:TrackPointExtension>
            <gpxtpx:hr>165</gpxtpx:hr>
          </gpxtpx:TrackPointExtension>
        </extensions>
      </trkpt>
      <trkpt lat="35.887607498991734" lon="115.11796230626723">
        <ele>109.4</ele>
        <time>2026-09-24T13:11:06Z</time>
        <extensions>
          <gpxtpx:TrackPointExtension>
            <gpxtpx:hr>165</gpxtpx:hr>
          </gpxtpx:TrackPointExtension>
        </extensions>
      </trkpt>
      <trkpt lat="35.8876104758364" lon="115.11794028246669">
        <ele>109.4</ele>
        <time>2026-09-24T13:11:07Z</time>
        <extensions>
          <gpxtpx:TrackPointExtension>
            <gpxtpx:hr>165</gpxtpx:hr>
          </gpxtpx:TrackPointExtension>
        </extensions>
      </trkpt>
      <trkpt lat="35.88761245297855" lon="115.11791825879577">
        <ele>109.4</ele>
        <time>2026-09-24T13:11:08Z</time>
        <extensions>
          <gpxtpx:TrackPointExtension>
            <gpxtpx:hr>165</gpxtpx:hr>
          </gpxtpx:TrackPointExtension>
        </extensions>
      </trkpt>
      <trkpt lat="35.8876144260882" lon="115.11789223088708">
        <ele>109.4</ele>
        <time>2026-09-24T13:11:09Z</time>
        <extensions>
          <gpxtpx:TrackPointExtension>
            <gpxtpx:hr>165</gpxtpx:hr>
          </gpxtpx:TrackPointExtension>
        </extensions>
      </trkpt>
      <trkpt lat="35.88761639719839" lon="115.11786420088032">
        <ele>109.4</ele>
        <time>2026-09-24T13:11:10Z</time>
        <extensions>
          <gpxtpx:TrackPointExtension>
            <gpxtpx:hr>165</gpxtpx:hr>
          </gpxtpx:TrackPointExtension>
        </extensions>
      </trkpt>
      <trkpt lat="35.88761837439761" lon="115.11784217728002">
        <ele>109.4</ele>
        <time>2026-09-24T13:11:11Z</time>
        <extensions>
          <gpxtpx:TrackPointExtension>
            <gpxtpx:hr>165</gpxtpx:hr>
          </gpxtpx:TrackPointExtension>
        </extensions>
      </trkpt>
      <trkpt lat="35.88762034555562" lon="115.11781414733244">
        <ele>109.4</ele>
        <time>2026-09-24T13:11:12Z</time>
        <extensions>
          <gpxtpx:TrackPointExtension>
            <gpxtpx:hr>165</gpxtpx:hr>
          </gpxtpx:TrackPointExtension>
        </extensions>
      </trkpt>
      <trkpt lat="35.887623315450895" lon="115.11778511624887">
        <ele>109.4</ele>
        <time>2026-09-24T13:11:13Z</time>
        <extensions>
          <gpxtpx:TrackPointExtension>
            <gpxtpx:hr>165</gpxtpx:hr>
          </gpxtpx:TrackPointExtension>
        </extensions>
      </trkpt>
      <trkpt lat="35.8876252856559" lon="115.11775608531008">
        <ele>109.4</ele>
        <time>2026-09-24T13:11:14Z</time>
        <extensions>
          <gpxtpx:TrackPointExtension>
            <gpxtpx:hr>165</gpxtpx:hr>
          </gpxtpx:TrackPointExtension>
        </extensions>
      </trkpt>
      <trkpt lat="35.88762825460218" lon="115.11772605324025">
        <ele>110.6</ele>
        <time>2026-09-24T13:11:15Z</time>
        <extensions>
          <gpxtpx:TrackPointExtension>
            <gpxtpx:hr>166</gpxtpx:hr>
          </gpxtpx:TrackPointExtension>
        </extensions>
      </trkpt>
      <trkpt lat="35.88763023190521" lon="115.11770402976843">
        <ele>110.6</ele>
        <time>2026-09-24T13:11:16Z</time>
        <extensions>
          <gpxtpx:TrackPointExtension>
            <gpxtpx:hr>166</gpxtpx:hr>
          </gpxtpx:TrackPointExtension>
        </extensions>
      </trkpt>
      <trkpt lat="35.887633202914415" lon="115.11767599987526">
        <ele>110.6</ele>
        <time>2026-09-24T13:11:17Z</time>
        <extensions>
          <gpxtpx:TrackPointExtension>
            <gpxtpx:hr>166</gpxtpx:hr>
          </gpxtpx:TrackPointExtension>
        </extensions>
      </trkpt>
      <trkpt lat="35.88763617194286" lon="115.11764596790712">
        <ele>110.6</ele>
        <time>2026-09-24T13:11:18Z</time>
        <extensions>
          <gpxtpx:TrackPointExtension>
            <gpxtpx:hr>166</gpxtpx:hr>
          </gpxtpx:TrackPointExtension>
        </extensions>
      </trkpt>
      <trkpt lat="35.88763814830317" lon="115.11762294345682">
        <ele>110.6</ele>
        <time>2026-09-24T13:11:19Z</time>
        <extensions>
          <gpxtpx:TrackPointExtension>
            <gpxtpx:hr>166</gpxtpx:hr>
          </gpxtpx:TrackPointExtension>
        </extensions>
      </trkpt>
      <trkpt lat="35.88764111838808" lon="115.11759391260796">
        <ele>110.6</ele>
        <time>2026-09-24T13:11:20Z</time>
        <extensions>
          <gpxtpx:TrackPointExtension>
            <gpxtpx:hr>166</gpxtpx:hr>
          </gpxtpx:TrackPointExtension>
        </extensions>
      </trkpt>
      <trkpt lat="35.88764408750086" lon="115.11756388074417">
        <ele>110.6</ele>
        <time>2026-09-24T13:11:21Z</time>
        <extensions>
          <gpxtpx:TrackPointExtension>
            <gpxtpx:hr>166</gpxtpx:hr>
          </gpxtpx:TrackPointExtension>
        </extensions>
      </trkpt>
      <trkpt lat="35.8876460629257" lon="115.11753985532435">
        <ele>110.6</ele>
        <time>2026-09-24T13:11:22Z</time>
        <extensions>
          <gpxtpx:TrackPointExtension>
            <gpxtpx:hr>166</gpxtpx:hr>
          </gpxtpx:TrackPointExtension>
        </extensions>
      </trkpt>
      <trkpt lat="35.887648034373306" lon="115.11751182573519">
        <ele>110.6</ele>
        <time>2026-09-24T13:11:23Z</time>
        <extensions>
          <gpxtpx:TrackPointExtension>
            <gpxtpx:hr>166</gpxtpx:hr>
          </gpxtpx:TrackPointExtension>
        </extensions>
      </trkpt>
      <trkpt lat="35.88765000285335" lon="115.11748079303803">
        <ele>110.6</ele>
        <time>2026-09-24T13:11:24Z</time>
        <extensions>
          <gpxtpx:TrackPointExtension>
            <gpxtpx:hr>166</gpxtpx:hr>
          </gpxtpx:TrackPointExtension>
        </extensions>
      </trkpt>
      <trkpt lat="35.887651978346575" lon="115.11745676770286">
        <ele>110.1</ele>
        <time>2026-09-24T13:11:25Z</time>
        <extensions>
          <gpxtpx:TrackPointExtension>
            <gpxtpx:hr>165</gpxtpx:hr>
          </gpxtpx:TrackPointExtension>
        </extensions>
      </trkpt>
      <trkpt lat="35.88765394887771" lon="115.1174277371677">
        <ele>110.1</ele>
        <time>2026-09-24T13:11:26Z</time>
        <extensions>
          <gpxtpx:TrackPointExtension>
            <gpxtpx:hr>165</gpxtpx:hr>
          </gpxtpx:TrackPointExtension>
        </extensions>
      </trkpt>
      <trkpt lat="35.88765591744723" lon="115.11739670458131">
        <ele>110.1</ele>
        <time>2026-09-24T13:11:27Z</time>
        <extensions>
          <gpxtpx:TrackPointExtension>
            <gpxtpx:hr>165</gpxtpx:hr>
          </gpxtpx:TrackPointExtension>
        </extensions>
      </trkpt>
      <trkpt lat="35.887657892015405" lon="115.11737167828947">
        <ele>110.1</ele>
        <time>2026-09-24T13:11:28Z</time>
        <extensions>
          <gpxtpx:TrackPointExtension>
            <gpxtpx:hr>165</gpxtpx:hr>
          </gpxtpx:TrackPointExtension>
        </extensions>
      </trkpt>
      <trkpt lat="35.88765986263132" lon="115.11734264785925">
        <ele>110.1</ele>
        <time>2026-09-24T13:11:29Z</time>
        <extensions>
          <gpxtpx:TrackPointExtension>
            <gpxtpx:hr>165</gpxtpx:hr>
          </gpxtpx:TrackPointExtension>
        </extensions>
      </trkpt>
      <trkpt lat="35.88766182831476" lon="115.11730861226572">
        <ele>110.1</ele>
        <time>2026-09-24T13:11:30Z</time>
        <extensions>
          <gpxtpx:TrackPointExtension>
            <gpxtpx:hr>164</gpxtpx:hr>
          </gpxtpx:TrackPointExtension>
        </extensions>
      </trkpt>
      <trkpt lat="35.88766379502907" lon="115.11727557775974">
        <ele>110.1</ele>
        <time>2026-09-24T13:11:31Z</time>
        <extensions>
          <gpxtpx:TrackPointExtension>
            <gpxtpx:hr>164</gpxtpx:hr>
          </gpxtpx:TrackPointExtension>
        </extensions>
      </trkpt>
      <trkpt lat="35.88766575782147" lon="115.11723853915292">
        <ele>110.1</ele>
        <time>2026-09-24T13:11:32Z</time>
        <extensions>
          <gpxtpx:TrackPointExtension>
            <gpxtpx:hr>164</gpxtpx:hr>
          </gpxtpx:TrackPointExtension>
        </extensions>
      </trkpt>
      <trkpt lat="35.88766872136867" lon="115.11720250153054">
        <ele>110.1</ele>
        <time>2026-09-24T13:11:33Z</time>
        <extensions>
          <gpxtpx:TrackPointExtension>
            <gpxtpx:hr>164</gpxtpx:hr>
          </gpxtpx:TrackPointExtension>
        </extensions>
      </trkpt>
      <trkpt lat="35.887670688203585" lon="115.11716946717384">
        <ele>110.1</ele>
        <time>2026-09-24T13:11:34Z</time>
        <extensions>
          <gpxtpx:TrackPointExtension>
            <gpxtpx:hr>164</gpxtpx:hr>
          </gpxtpx:TrackPointExtension>
        </extensions>
      </trkpt>
      <trkpt lat="35.88767365676775" lon="115.11713843481932">
        <ele>109.1</ele>
        <time>2026-09-24T13:11:35Z</time>
        <extensions>
          <gpxtpx:TrackPointExtension>
            <gpxtpx:hr>164</gpxtpx:hr>
          </gpxtpx:TrackPointExtension>
        </extensions>
      </trkpt>
      <trkpt lat="35.887676624379864" lon="115.11710640147476">
        <ele>109.1</ele>
        <time>2026-09-24T13:11:36Z</time>
        <extensions>
          <gpxtpx:TrackPointExtension>
            <gpxtpx:hr>164</gpxtpx:hr>
          </gpxtpx:TrackPointExtension>
        </extensions>
      </trkpt>
      <trkpt lat="35.8876795930115" lon="115.11707536920373">
        <ele>109.1</ele>
        <time>2026-09-24T13:11:37Z</time>
        <extensions>
          <gpxtpx:TrackPointExtension>
            <gpxtpx:hr>164</gpxtpx:hr>
          </gpxtpx:TrackPointExtension>
        </extensions>
      </trkpt>
      <trkpt lat="35.88768156785644" lon="115.11705034325442">
        <ele>109.1</ele>
        <time>2026-09-24T13:11:38Z</time>
        <extensions>
          <gpxtpx:TrackPointExtension>
            <gpxtpx:hr>164</gpxtpx:hr>
          </gpxtpx:TrackPointExtension>
        </extensions>
      </trkpt>
      <trkpt lat="35.88768453851261" lon="115.1170213131125">
        <ele>109.1</ele>
        <time>2026-09-24T13:11:39Z</time>
        <extensions>
          <gpxtpx:TrackPointExtension>
            <gpxtpx:hr>164</gpxtpx:hr>
          </gpxtpx:TrackPointExtension>
        </extensions>
      </trkpt>
      <trkpt lat="35.88768750919788" lon="115.1169922830066">
        <ele>109.1</ele>
        <time>2026-09-24T13:11:40Z</time>
        <extensions>
          <gpxtpx:TrackPointExtension>
            <gpxtpx:hr>164</gpxtpx:hr>
          </gpxtpx:TrackPointExtension>
        </extensions>
      </trkpt>
      <trkpt lat="35.88768948607553" lon="115.11696925919652">
        <ele>109.1</ele>
        <time>2026-09-24T13:11:41Z</time>
        <extensions>
          <gpxtpx:TrackPointExtension>
            <gpxtpx:hr>164</gpxtpx:hr>
          </gpxtpx:TrackPointExtension>
        </extensions>
      </trkpt>
      <trkpt lat="35.88769245877205" lon="115.11694223120327">
        <ele>109.1</ele>
        <time>2026-09-24T13:11:42Z</time>
        <extensions>
          <gpxtpx:TrackPointExtension>
            <gpxtpx:hr>164</gpxtpx:hr>
          </gpxtpx:TrackPointExtension>
        </extensions>
      </trkpt>
      <trkpt lat="35.88769543051522" lon="115.11691420221837">
        <ele>109.1</ele>
        <time>2026-09-24T13:11:43Z</time>
        <extensions>
          <gpxtpx:TrackPointExtension>
            <gpxtpx:hr>164</gpxtpx:hr>
          </gpxtpx:TrackPointExtension>
        </extensions>
      </trkpt>
      <trkpt lat="35.887698407174085" lon="115.116891178376">
        <ele>109.1</ele>
        <time>2026-09-24T13:11:44Z</time>
        <extensions>
          <gpxtpx:TrackPointExtension>
            <gpxtpx:hr>164</gpxtpx:hr>
          </gpxtpx:TrackPointExtension>
        </extensions>
      </trkpt>
      <trkpt lat="35.88770137896676" lon="115.11686314945234">
        <ele>107.4</ele>
        <time>2026-09-24T13:11:45Z</time>
        <extensions>
          <gpxtpx:TrackPointExtension>
            <gpxtpx:hr>165</gpxtpx:hr>
          </gpxtpx:TrackPointExtension>
        </extensions>
      </trkpt>
      <trkpt lat="35.88770435078662" lon="115.11683512056233">
        <ele>107.4</ele>
        <time>2026-09-24T13:11:46Z</time>
        <extensions>
          <gpxtpx:TrackPointExtension>
            <gpxtpx:hr>165</gpxtpx:hr>
          </gpxtpx:TrackPointExtension>
        </extensions>
      </trkpt>
      <trkpt lat="35.887706327789424" lon="115.11681209690713">
        <ele>107.4</ele>
        <time>2026-09-24T13:11:47Z</time>
        <extensions>
          <gpxtpx:TrackPointExtension>
            <gpxtpx:hr>165</gpxtpx:hr>
          </gpxtpx:TrackPointExtension>
        </extensions>
      </trkpt>
      <trkpt lat="35.887709300632935" lon="115.11678506909574">
        <ele>107.4</ele>
        <time>2026-09-24T13:11:48Z</time>
        <extensions>
          <gpxtpx:TrackPointExtension>
            <gpxtpx:hr>165</gpxtpx:hr>
          </gpxtpx:TrackPointExtension>
        </extensions>
      </trkpt>
      <trkpt lat="35.88771227155548" lon="115.11675603928342">
        <ele>107.4</ele>
        <time>2026-09-24T13:11:49Z</time>
        <extensions>
          <gpxtpx:TrackPointExtension>
            <gpxtpx:hr>165</gpxtpx:hr>
          </gpxtpx:TrackPointExtension>
        </extensions>
      </trkpt>
      <trkpt lat="35.887715248340456" lon="115.11673301559709">
        <ele>107.4</ele>
        <time>2026-09-24T13:11:50Z</time>
        <extensions>
          <gpxtpx:TrackPointExtension>
            <gpxtpx:hr>165</gpxtpx:hr>
          </gpxtpx:TrackPointExtension>
        </extensions>
      </trkpt>
      <trkpt lat="35.88771722736782" lon="115.116711994071">
        <ele>107.4</ele>
        <time>2026-09-24T13:11:51Z</time>
        <extensions>
          <gpxtpx:TrackPointExtension>
            <gpxtpx:hr>165</gpxtpx:hr>
          </gpxtpx:TrackPointExtension>
        </extensions>
      </trkpt>
      <trkpt lat="35.88771920738139" lon="115.1166919735772">
        <ele>107.4</ele>
        <time>2026-09-24T13:11:52Z</time>
        <extensions>
          <gpxtpx:TrackPointExtension>
            <gpxtpx:hr>165</gpxtpx:hr>
          </gpxtpx:TrackPointExtension>
        </extensions>
      </trkpt>
      <trkpt lat="35.887722181307446" lon="115.11666594691732">
        <ele>107.4</ele>
        <time>2026-09-24T13:11:53Z</time>
        <extensions>
          <gpxtpx:TrackPointExtension>
            <gpxtpx:hr>165</gpxtpx:hr>
          </gpxtpx:TrackPointExtension>
        </extensions>
      </trkpt>
      <trkpt lat="35.887724153599834" lon="115.11663791837361">
        <ele>107.4</ele>
        <time>2026-09-24T13:11:54Z</time>
        <extensions>
          <gpxtpx:TrackPointExtension>
            <gpxtpx:hr>165</gpxtpx:hr>
          </gpxtpx:TrackPointExtension>
        </extensions>
      </trkpt>
      <trkpt lat="35.8877271304792" lon="115.11661489480406">
        <ele>108.7</ele>
        <time>2026-09-24T13:11:55Z</time>
        <extensions>
          <gpxtpx:TrackPointExtension>
            <gpxtpx:hr>165</gpxtpx:hr>
          </gpxtpx:TrackPointExtension>
        </extensions>
      </trkpt>
      <trkpt lat="35.88772910378855" lon="115.11658786733068">
        <ele>108.7</ele>
        <time>2026-09-24T13:11:56Z</time>
        <extensions>
          <gpxtpx:TrackPointExtension>
            <gpxtpx:hr>165</gpxtpx:hr>
          </gpxtpx:TrackPointExtension>
        </extensions>
      </trkpt>
      <trkpt lat="35.8877320749098" lon="115.11655883776422">
        <ele>108.7</ele>
        <time>2026-09-24T13:11:57Z</time>
        <extensions>
          <gpxtpx:TrackPointExtension>
            <gpxtpx:hr>165</gpxtpx:hr>
          </gpxtpx:TrackPointExtension>
        </extensions>
      </trkpt>
      <trkpt lat="35.88773504606035" lon="115.116529808234">
        <ele>108.7</ele>
        <time>2026-09-24T13:11:58Z</time>
        <extensions>
          <gpxtpx:TrackPointExtension>
            <gpxtpx:hr>165</gpxtpx:hr>
          </gpxtpx:TrackPointExtension>
        </extensions>
      </trkpt>
      <trkpt lat="35.8877370165569" lon="115.11649977784414">
        <ele>109.0</ele>
        <time>2026-09-24T13:11:59Z</time>
        <extensions>
          <gpxtpx:TrackPointExtension>
            <gpxtpx:hr>165</gpxtpx:hr>
          </gpxtpx:TrackPointExtension>
        </extensions>
      </trkpt>
      <trkpt lat="35.887738993827746" lon="115.1164767545206">
        <ele>109.0</ele>
        <time>2026-09-24T13:12:00Z</time>
        <extensions>
          <gpxtpx:TrackPointExtension>
            <gpxtpx:hr>165</gpxtpx:hr>
          </gpxtpx:TrackPointExtension>
        </extensions>
      </trkpt>
      <trkpt lat="35.88774096726694" lon="115.11644972720791">
        <ele>108.7</ele>
        <time>2026-09-24T13:12:01Z</time>
        <extensions>
          <gpxtpx:TrackPointExtension>
            <gpxtpx:hr>165</gpxtpx:hr>
          </gpxtpx:TrackPointExtension>
        </extensions>
      </trkpt>
      <trkpt lat="35.88774194005099" lon="115.11642169903416">
        <ele>108.7</ele>
        <time>2026-09-24T13:12:02Z</time>
        <extensions>
          <gpxtpx:TrackPointExtension>
            <gpxtpx:hr>165</gpxtpx:hr>
          </gpxtpx:TrackPointExtension>
        </extensions>
      </trkpt>
      <trkpt lat="35.887742916704674" lon="115.11639767489659">
        <ele>108.7</ele>
        <time>2026-09-24T13:12:03Z</time>
        <extensions>
          <gpxtpx:TrackPointExtension>
            <gpxtpx:hr>165</gpxtpx:hr>
          </gpxtpx:TrackPointExtension>
        </extensions>
      </trkpt>
      <trkpt lat="35.88774288982044" lon="115.11636964689494">
        <ele>108.7</ele>
        <time>2026-09-24T13:12:04Z</time>
        <extensions>
          <gpxtpx:TrackPointExtension>
            <gpxtpx:hr>165</gpxtpx:hr>
          </gpxtpx:TrackPointExtension>
        </extensions>
      </trkpt>
      <trkpt lat="35.88774386076539" lon="115.11633961682159">
        <ele>109.5</ele>
        <time>2026-09-24T13:12:05Z</time>
        <extensions>
          <gpxtpx:TrackPointExtension>
            <gpxtpx:hr>165</gpxtpx:hr>
          </gpxtpx:TrackPointExtension>
        </extensions>
      </trkpt>
      <trkpt lat="35.88774383776872" lon="115.1163155928783">
        <ele>109.5</ele>
        <time>2026-09-24T13:12:06Z</time>
        <extensions>
          <gpxtpx:TrackPointExtension>
            <gpxtpx:hr>165</gpxtpx:hr>
          </gpxtpx:TrackPointExtension>
        </extensions>
      </trkpt>
      <trkpt lat="35.88774480877031" lon="115.116285562875">
        <ele>109.5</ele>
        <time>2026-09-24T13:12:07Z</time>
        <extensions>
          <gpxtpx:TrackPointExtension>
            <gpxtpx:hr>165</gpxtpx:hr>
          </gpxtpx:TrackPointExtension>
        </extensions>
      </trkpt>
      <trkpt lat="35.88774577980337" lon="115.11625553291069">
        <ele>109.5</ele>
        <time>2026-09-24T13:12:08Z</time>
        <extensions>
          <gpxtpx:TrackPointExtension>
            <gpxtpx:hr>165</gpxtpx:hr>
          </gpxtpx:TrackPointExtension>
        </extensions>
      </trkpt>
      <trkpt lat="35.887746756596314" lon="115.11623150894546">
        <ele>109.5</ele>
        <time>2026-09-24T13:12:09Z</time>
        <extensions>
          <gpxtpx:TrackPointExtension>
            <gpxtpx:hr>165</gpxtpx:hr>
          </gpxtpx:TrackPointExtension>
        </extensions>
      </trkpt>
      <trkpt lat="35.88774872835899" lon="115.1162024799343">
        <ele>109.5</ele>
        <time>2026-09-24T13:12:10Z</time>
        <extensions>
          <gpxtpx:TrackPointExtension>
            <gpxtpx:hr>166</gpxtpx:hr>
          </gpxtpx:TrackPointExtension>
        </extensions>
      </trkpt>
      <trkpt lat="35.887750703962624" lon="115.11617745492381">
        <ele>109.5</ele>
        <time>2026-09-24T13:12:11Z</time>
        <extensions>
          <gpxtpx:TrackPointExtension>
            <gpxtpx:hr>166</gpxtpx:hr>
          </gpxtpx:TrackPointExtension>
        </extensions>
      </trkpt>
      <trkpt lat="35.887752684348946" lon="115.11615743489126">
        <ele>109.5</ele>
        <time>2026-09-24T13:12:12Z</time>
        <extensions>
          <gpxtpx:TrackPointExtension>
            <gpxtpx:hr>166</gpxtpx:hr>
          </gpxtpx:TrackPointExtension>
        </extensions>
      </trkpt>
      <trkpt lat="35.88775466094338" lon="115.11613341091875">
        <ele>109.5</ele>
        <time>2026-09-24T13:12:13Z</time>
        <extensions>
          <gpxtpx:TrackPointExtension>
            <gpxtpx:hr>166</gpxtpx:hr>
          </gpxtpx:TrackPointExtension>
        </extensions>
      </trkpt>
      <trkpt lat="35.8877566385086" lon="115.11611038795945">
        <ele>109.5</ele>
        <time>2026-09-24T13:12:14Z</time>
        <extensions>
          <gpxtpx:TrackPointExtension>
            <gpxtpx:hr>166</gpxtpx:hr>
          </gpxtpx:TrackPointExtension>
        </extensions>
      </trkpt>
      <trkpt lat="35.88776061078208" lon="115.11608235986907">
        <ele>110.1</ele>
        <time>2026-09-24T13:12:15Z</time>
        <extensions>
          <gpxtpx:TrackPointExtension>
            <gpxtpx:hr>166</gpxtpx:hr>
          </gpxtpx:TrackPointExtension>
        </extensions>
      </trkpt>
      <trkpt lat="35.88776358146677" lon="115.11605232995039">
        <ele>110.1</ele>
        <time>2026-09-24T13:12:16Z</time>
        <extensions>
          <gpxtpx:TrackPointExtension>
            <gpxtpx:hr>166</gpxtpx:hr>
          </gpxtpx:TrackPointExtension>
        </extensions>
      </trkpt>
      <trkpt lat="35.88776655881647" lon="115.11602930696276">
        <ele>110.1</ele>
        <time>2026-09-24T13:12:17Z</time>
        <extensions>
          <gpxtpx:TrackPointExtension>
            <gpxtpx:hr>166</gpxtpx:hr>
          </gpxtpx:TrackPointExtension>
        </extensions>
      </trkpt>
      <trkpt lat="35.88777053116958" lon="115.11600127897087">
        <ele>110.1</ele>
        <time>2026-09-24T13:12:18Z</time>
        <extensions>
          <gpxtpx:TrackPointExtension>
            <gpxtpx:hr>166</gpxtpx:hr>
          </gpxtpx:TrackPointExtension>
        </extensions>
      </trkpt>
      <trkpt lat="35.88777550232359" lon="115.11597224992158">
        <ele>110.1</ele>
        <time>2026-09-24T13:12:19Z</time>
        <extensions>
          <gpxtpx:TrackPointExtension>
            <gpxtpx:hr>166</gpxtpx:hr>
          </gpxtpx:TrackPointExtension>
        </extensions>
      </trkpt>
      <trkpt lat="35.88777947378804" lon="115.11594322101806">
        <ele>110.1</ele>
        <time>2026-09-24T13:12:20Z</time>
        <extensions>
          <gpxtpx:TrackPointExtension>
            <gpxtpx:hr>165</gpxtpx:hr>
          </gpxtpx:TrackPointExtension>
        </extensions>
      </trkpt>
      <trkpt lat="35.887784444057495" lon="115.1159131910622">
        <ele>110.1</ele>
        <time>2026-09-24T13:12:21Z</time>
        <extensions>
          <gpxtpx:TrackPointExtension>
            <gpxtpx:hr>165</gpxtpx:hr>
          </gpxtpx:TrackPointExtension>
        </extensions>
      </trkpt>
      <trkpt lat="35.88778941530126" lon="115.11588416212392">
        <ele>110.1</ele>
        <time>2026-09-24T13:12:22Z</time>
        <extensions>
          <gpxtpx:TrackPointExtension>
            <gpxtpx:hr>165</gpxtpx:hr>
          </gpxtpx:TrackPointExtension>
        </extensions>
      </trkpt>
      <trkpt lat="35.88779538158602" lon="115.11585012822785">
        <ele>110.1</ele>
        <time>2026-09-24T13:12:24Z</time>
        <extensions>
          <gpxtpx:TrackPointExtension>
            <gpxtpx:hr>165</gpxtpx:hr>
          </gpxtpx:TrackPointExtension>
        </extensions>
      </trkpt>
      <trkpt lat="35.88780135167283" lon="115.11582009828426">
        <ele>111.1</ele>
        <time>2026-09-24T13:12:25Z</time>
        <extensions>
          <gpxtpx:TrackPointExtension>
            <gpxtpx:hr>166</gpxtpx:hr>
          </gpxtpx:TrackPointExtension>
        </extensions>
      </trkpt>
      <trkpt lat="35.887805327989796" lon="115.11579607444499">
        <ele>111.1</ele>
        <time>2026-09-24T13:12:26Z</time>
        <extensions>
          <gpxtpx:TrackPointExtension>
            <gpxtpx:hr>166</gpxtpx:hr>
          </gpxtpx:TrackPointExtension>
        </extensions>
      </trkpt>
      <trkpt lat="35.88781129907224" lon="115.1157670455453">
        <ele>111.1</ele>
        <time>2026-09-24T13:12:27Z</time>
        <extensions>
          <gpxtpx:TrackPointExtension>
            <gpxtpx:hr>166</gpxtpx:hr>
          </gpxtpx:TrackPointExtension>
        </extensions>
      </trkpt>
      <trkpt lat="35.88781526887106" lon="115.11573601495667">
        <ele>111.1</ele>
        <time>2026-09-24T13:12:28Z</time>
        <extensions>
          <gpxtpx:TrackPointExtension>
            <gpxtpx:hr>166</gpxtpx:hr>
          </gpxtpx:TrackPointExtension>
        </extensions>
      </trkpt>
      <trkpt lat="35.88781924525911" lon="115.11571199120532">
        <ele>111.1</ele>
        <time>2026-09-24T13:12:29Z</time>
        <extensions>
          <gpxtpx:TrackPointExtension>
            <gpxtpx:hr>166</gpxtpx:hr>
          </gpxtpx:TrackPointExtension>
        </extensions>
      </trkpt>
      <trkpt lat="35.88782321698917" lon="115.11568296263027">
        <ele>111.1</ele>
        <time>2026-09-24T13:12:30Z</time>
        <extensions>
          <gpxtpx:TrackPointExtension>
            <gpxtpx:hr>166</gpxtpx:hr>
          </gpxtpx:TrackPointExtension>
        </extensions>
      </trkpt>
      <trkpt lat="35.88782718687987" lon="115.11565193215529">
        <ele>111.1</ele>
        <time>2026-09-24T13:12:31Z</time>
        <extensions>
          <gpxtpx:TrackPointExtension>
            <gpxtpx:hr>166</gpxtpx:hr>
          </gpxtpx:TrackPointExtension>
        </extensions>
      </trkpt>
      <trkpt lat="35.88782916296715" lon="115.1156269077431">
        <ele>111.1</ele>
        <time>2026-09-24T13:12:32Z</time>
        <extensions>
          <gpxtpx:TrackPointExtension>
            <gpxtpx:hr>166</gpxtpx:hr>
          </gpxtpx:TrackPointExtension>
        </extensions>
      </trkpt>
      <trkpt lat="35.88783213413252" lon="115.11559687841904">
        <ele>111.1</ele>
        <time>2026-09-24T13:12:33Z</time>
        <extensions>
          <gpxtpx:TrackPointExtension>
            <gpxtpx:hr>166</gpxtpx:hr>
          </gpxtpx:TrackPointExtension>
        </extensions>
      </trkpt>
      <trkpt lat="35.88783510439823" lon="115.11556584816975">
        <ele>111.1</ele>
        <time>2026-09-24T13:12:34Z</time>
        <extensions>
          <gpxtpx:TrackPointExtension>
            <gpxtpx:hr>166</gpxtpx:hr>
          </gpxtpx:TrackPointExtension>
        </extensions>
      </trkpt>
      <trkpt lat="35.88783608642631" lon="115.11554682974221">
        <ele>112.9</ele>
        <time>2026-09-24T13:12:35Z</time>
        <extensions>
          <gpxtpx:TrackPointExtension>
            <gpxtpx:hr>165</gpxtpx:hr>
          </gpxtpx:TrackPointExtension>
        </extensions>
      </trkpt>
      <trkpt lat="35.88783707311812" lon="115.1155328161454">
        <ele>112.9</ele>
        <time>2026-09-24T13:12:36Z</time>
        <extensions>
          <gpxtpx:TrackPointExtension>
            <gpxtpx:hr>165</gpxtpx:hr>
          </gpxtpx:TrackPointExtension>
        </extensions>
      </trkpt>
      <trkpt lat="35.88783904931054" lon="115.11550779186331">
        <ele>112.9</ele>
        <time>2026-09-24T13:12:37Z</time>
        <extensions>
          <gpxtpx:TrackPointExtension>
            <gpxtpx:hr>165</gpxtpx:hr>
          </gpxtpx:TrackPointExtension>
        </extensions>
      </trkpt>
      <trkpt lat="35.88784102181131" lon="115.1154787637653">
        <ele>112.9</ele>
        <time>2026-09-24T13:12:38Z</time>
        <extensions>
          <gpxtpx:TrackPointExtension>
            <gpxtpx:hr>165</gpxtpx:hr>
          </gpxtpx:TrackPointExtension>
        </extensions>
      </trkpt>
      <trkpt lat="35.88784299434186" lon="115.11544973570412">
        <ele>112.9</ele>
        <time>2026-09-24T13:12:39Z</time>
        <extensions>
          <gpxtpx:TrackPointExtension>
            <gpxtpx:hr>165</gpxtpx:hr>
          </gpxtpx:TrackPointExtension>
        </extensions>
      </trkpt>
      <trkpt lat="35.88784296468505" lon="115.1154177050238">
        <ele>112.9</ele>
        <time>2026-09-24T13:12:40Z</time>
        <extensions>
          <gpxtpx:TrackPointExtension>
            <gpxtpx:hr>164</gpxtpx:hr>
          </gpxtpx:TrackPointExtension>
        </extensions>
      </trkpt>
      <trkpt lat="35.88784392923387" lon="115.11537966854003">
        <ele>112.9</ele>
        <time>2026-09-24T13:12:41Z</time>
        <extensions>
          <gpxtpx:TrackPointExtension>
            <gpxtpx:hr>164</gpxtpx:hr>
          </gpxtpx:TrackPointExtension>
        </extensions>
      </trkpt>
      <trkpt lat="35.88784389596179" lon="115.1153436341383">
        <ele>112.9</ele>
        <time>2026-09-24T13:12:42Z</time>
        <extensions>
          <gpxtpx:TrackPointExtension>
            <gpxtpx:hr>164</gpxtpx:hr>
          </gpxtpx:TrackPointExtension>
        </extensions>
      </trkpt>
      <trkpt lat="35.88784587139889" lon="115.11531760910957">
        <ele>112.9</ele>
        <time>2026-09-24T13:12:43Z</time>
        <extensions>
          <gpxtpx:TrackPointExtension>
            <gpxtpx:hr>164</gpxtpx:hr>
          </gpxtpx:TrackPointExtension>
        </extensions>
      </trkpt>
      <trkpt lat="35.88784785054721" lon="115.11529558792098">
        <ele>112.9</ele>
        <time>2026-09-24T13:12:44Z</time>
        <extensions>
          <gpxtpx:TrackPointExtension>
            <gpxtpx:hr>164</gpxtpx:hr>
          </gpxtpx:TrackPointExtension>
        </extensions>
      </trkpt>
      <trkpt lat="35.887849826949555" lon="115.1152705638986">
        <ele>113.6</ele>
        <time>2026-09-24T13:12:45Z</time>
        <extensions>
          <gpxtpx:TrackPointExtension>
            <gpxtpx:hr>165</gpxtpx:hr>
          </gpxtpx:TrackPointExtension>
        </extensions>
      </trkpt>
      <trkpt lat="35.887851801533955" lon="115.11524353800274">
        <ele>113.6</ele>
        <time>2026-09-24T13:12:46Z</time>
        <extensions>
          <gpxtpx:TrackPointExtension>
            <gpxtpx:hr>165</gpxtpx:hr>
          </gpxtpx:TrackPointExtension>
        </extensions>
      </trkpt>
      <trkpt lat="35.88785377890163" lon="115.11521951498682">
        <ele>113.6</ele>
        <time>2026-09-24T13:12:47Z</time>
        <extensions>
          <gpxtpx:TrackPointExtension>
            <gpxtpx:hr>165</gpxtpx:hr>
          </gpxtpx:TrackPointExtension>
        </extensions>
      </trkpt>
      <trkpt lat="35.88785575812651" lon="115.11519749389292">
        <ele>113.6</ele>
        <time>2026-09-24T13:12:48Z</time>
        <extensions>
          <gpxtpx:TrackPointExtension>
            <gpxtpx:hr>165</gpxtpx:hr>
          </gpxtpx:TrackPointExtension>
        </extensions>
      </trkpt>
      <trkpt lat="35.887857737368584" lon="115.11517547282031">
        <ele>113.6</ele>
        <time>2026-09-24T13:12:49Z</time>
        <extensions>
          <gpxtpx:TrackPointExtension>
            <gpxtpx:hr>165</gpxtpx:hr>
          </gpxtpx:TrackPointExtension>
        </extensions>
      </trkpt>
      <trkpt lat="35.88785971387751" lon="115.11515044892978">
        <ele>113.6</ele>
        <time>2026-09-24T13:12:50Z</time>
        <extensions>
          <gpxtpx:TrackPointExtension>
            <gpxtpx:hr>165</gpxtpx:hr>
          </gpxtpx:TrackPointExtension>
        </extensions>
      </trkpt>
      <trkpt lat="35.88786168857704" lon="115.11512342317636">
        <ele>113.6</ele>
        <time>2026-09-24T13:12:51Z</time>
        <extensions>
          <gpxtpx:TrackPointExtension>
            <gpxtpx:hr>165</gpxtpx:hr>
          </gpxtpx:TrackPointExtension>
        </extensions>
      </trkpt>
      <trkpt lat="35.887863666047096" lon="115.1150994002871">
        <ele>113.6</ele>
        <time>2026-09-24T13:12:52Z</time>
        <extensions>
          <gpxtpx:TrackPointExtension>
            <gpxtpx:hr>165</gpxtpx:hr>
          </gpxtpx:TrackPointExtension>
        </extensions>
      </trkpt>
      <trkpt lat="35.8878656380539" lon="115.11506937176576">
        <ele>113.6</ele>
        <time>2026-09-24T13:12:53Z</time>
        <extensions>
          <gpxtpx:TrackPointExtension>
            <gpxtpx:hr>165</gpxtpx:hr>
          </gpxtpx:TrackPointExtension>
        </extensions>
      </trkpt>
      <trkpt lat="35.887868609811946" lon="115.11503934317487">
        <ele>113.6</ele>
        <time>2026-09-24T13:12:54Z</time>
        <extensions>
          <gpxtpx:TrackPointExtension>
            <gpxtpx:hr>165</gpxtpx:hr>
          </gpxtpx:TrackPointExtension>
        </extensions>
      </trkpt>
      <trkpt lat="35.88787058644186" lon="115.11501431943402">
        <ele>114.2</ele>
        <time>2026-09-24T13:12:55Z</time>
        <extensions>
          <gpxtpx:TrackPointExtension>
            <gpxtpx:hr>165</gpxtpx:hr>
          </gpxtpx:TrackPointExtension>
        </extensions>
      </trkpt>
      <trkpt lat="35.88787355734787" lon="115.11498328997682">
        <ele>114.2</ele>
        <time>2026-09-24T13:12:56Z</time>
        <extensions>
          <gpxtpx:TrackPointExtension>
            <gpxtpx:hr>165</gpxtpx:hr>
          </gpxtpx:TrackPointExtension>
        </extensions>
      </trkpt>
      <trkpt lat="35.88787752709767" lon="115.11495125951521">
        <ele>114.2</ele>
        <time>2026-09-24T13:12:57Z</time>
        <extensions>
          <gpxtpx:TrackPointExtension>
            <gpxtpx:hr>165</gpxtpx:hr>
          </gpxtpx:TrackPointExtension>
        </extensions>
      </trkpt>
      <trkpt lat="35.88788050261647" lon="115.1149252348257">
        <ele>114.2</ele>
        <time>2026-09-24T13:12:58Z</time>
        <extensions>
          <gpxtpx:TrackPointExtension>
            <gpxtpx:hr>165</gpxtpx:hr>
          </gpxtpx:TrackPointExtension>
        </extensions>
      </trkpt>
      <trkpt lat="35.887883473620874" lon="115.11489420549022">
        <ele>115.0</ele>
        <time>2026-09-24T13:12:59Z</time>
        <extensions>
          <gpxtpx:TrackPointExtension>
            <gpxtpx:hr>165</gpxtpx:hr>
          </gpxtpx:TrackPointExtension>
        </extensions>
      </trkpt>
      <trkpt lat="35.88788744347229" lon="115.11486217515429">
        <ele>115.0</ele>
        <time>2026-09-24T13:13:00Z</time>
        <extensions>
          <gpxtpx:TrackPointExtension>
            <gpxtpx:hr>165</gpxtpx:hr>
          </gpxtpx:TrackPointExtension>
        </extensions>
      </trkpt>
      <trkpt lat="35.887890418168155" lon="115.11483514963446">
        <ele>114.2</ele>
        <time>2026-09-24T13:13:01Z</time>
        <extensions>
          <gpxtpx:TrackPointExtension>
            <gpxtpx:hr>165</gpxtpx:hr>
          </gpxtpx:TrackPointExtension>
        </extensions>
      </trkpt>
      <trkpt lat="35.88789538780621" lon="115.11480311927271">
        <ele>114.2</ele>
        <time>2026-09-24T13:13:02Z</time>
        <extensions>
          <gpxtpx:TrackPointExtension>
            <gpxtpx:hr>165</gpxtpx:hr>
          </gpxtpx:TrackPointExtension>
        </extensions>
      </trkpt>
      <trkpt lat="35.88789836346242" lon="115.11477709475317">
        <ele>114.2</ele>
        <time>2026-09-24T13:13:03Z</time>
        <extensions>
          <gpxtpx:TrackPointExtension>
            <gpxtpx:hr>165</gpxtpx:hr>
          </gpxtpx:TrackPointExtension>
        </extensions>
      </trkpt>
      <trkpt lat="35.887902342472316" lon="115.11475507386957">
        <ele>114.2</ele>
        <time>2026-09-24T13:13:04Z</time>
        <extensions>
          <gpxtpx:TrackPointExtension>
            <gpxtpx:hr>165</gpxtpx:hr>
          </gpxtpx:TrackPointExtension>
        </extensions>
      </trkpt>
      <trkpt lat="35.887906316089" lon="115.11472704744057">
        <ele>115.3</ele>
        <time>2026-09-24T13:13:05Z</time>
        <extensions>
          <gpxtpx:TrackPointExtension>
            <gpxtpx:hr>165</gpxtpx:hr>
          </gpxtpx:TrackPointExtension>
        </extensions>
      </trkpt>
      <trkpt lat="35.88790929361739" lon="115.11470302486154">
        <ele>115.3</ele>
        <time>2026-09-24T13:13:06Z</time>
        <extensions>
          <gpxtpx:TrackPointExtension>
            <gpxtpx:hr>165</gpxtpx:hr>
          </gpxtpx:TrackPointExtension>
        </extensions>
      </trkpt>
      <trkpt lat="35.88791226936661" lon="115.11467700045702">
        <ele>115.3</ele>
        <time>2026-09-24T13:13:07Z</time>
        <extensions>
          <gpxtpx:TrackPointExtension>
            <gpxtpx:hr>165</gpxtpx:hr>
          </gpxtpx:TrackPointExtension>
        </extensions>
      </trkpt>
      <trkpt lat="35.887916242162625" lon="115.11464797320049">
        <ele>115.3</ele>
        <time>2026-09-24T13:13:08Z</time>
        <extensions>
          <gpxtpx:TrackPointExtension>
            <gpxtpx:hr>165</gpxtpx:hr>
          </gpxtpx:TrackPointExtension>
        </extensions>
      </trkpt>
      <trkpt lat="35.88791821914174" lon="115.11462294989154">
        <ele>115.3</ele>
        <time>2026-09-24T13:13:09Z</time>
        <extensions>
          <gpxtpx:TrackPointExtension>
            <gpxtpx:hr>165</gpxtpx:hr>
          </gpxtpx:TrackPointExtension>
        </extensions>
      </trkpt>
      <trkpt lat="35.88792119048093" lon="115.11459192097013">
        <ele>115.3</ele>
        <time>2026-09-24T13:13:10Z</time>
        <extensions>
          <gpxtpx:TrackPointExtension>
            <gpxtpx:hr>165</gpxtpx:hr>
          </gpxtpx:TrackPointExtension>
        </extensions>
      </trkpt>
      <trkpt lat="35.88792416185456" lon="115.1145608920913">
        <ele>115.3</ele>
        <time>2026-09-24T13:13:11Z</time>
        <extensions>
          <gpxtpx:TrackPointExtension>
            <gpxtpx:hr>165</gpxtpx:hr>
          </gpxtpx:TrackPointExtension>
        </extensions>
      </trkpt>
      <trkpt lat="35.887926138016844" lon="115.11453486795962">
        <ele>115.3</ele>
        <time>2026-09-24T13:13:12Z</time>
        <extensions>
          <gpxtpx:TrackPointExtension>
            <gpxtpx:hr>165</gpxtpx:hr>
          </gpxtpx:TrackPointExtension>
        </extensions>
      </trkpt>
      <trkpt lat="35.88792911034753" lon="115.11450484007699">
        <ele>115.3</ele>
        <time>2026-09-24T13:13:13Z</time>
        <extensions>
          <gpxtpx:TrackPointExtension>
            <gpxtpx:hr>165</gpxtpx:hr>
          </gpxtpx:TrackPointExtension>
        </extensions>
      </trkpt>
      <trkpt lat="35.887931080313585" lon="115.11447180959422">
        <ele>115.3</ele>
        <time>2026-09-24T13:13:14Z</time>
        <extensions>
          <gpxtpx:TrackPointExtension>
            <gpxtpx:hr>165</gpxtpx:hr>
          </gpxtpx:TrackPointExtension>
        </extensions>
      </trkpt>
      <trkpt lat="35.88793205683967" lon="115.11444578567445">
        <ele>107.4</ele>
        <time>2026-09-24T13:13:15Z</time>
        <extensions>
          <gpxtpx:TrackPointExtension>
            <gpxtpx:hr>165</gpxtpx:hr>
          </gpxtpx:TrackPointExtension>
        </extensions>
      </trkpt>
      <trkpt lat="35.88793402954697" lon="115.11441575801959">
        <ele>107.4</ele>
        <time>2026-09-24T13:13:16Z</time>
        <extensions>
          <gpxtpx:TrackPointExtension>
            <gpxtpx:hr>165</gpxtpx:hr>
          </gpxtpx:TrackPointExtension>
        </extensions>
      </trkpt>
      <trkpt lat="35.88793600050783" lon="115.11438372857974">
        <ele>107.4</ele>
        <time>2026-09-24T13:13:17Z</time>
        <extensions>
          <gpxtpx:TrackPointExtension>
            <gpxtpx:hr>165</gpxtpx:hr>
          </gpxtpx:TrackPointExtension>
        </extensions>
      </trkpt>
      <trkpt lat="35.887937976835346" lon="115.1143577046524">
        <ele>107.4</ele>
        <time>2026-09-24T13:13:18Z</time>
        <extensions>
          <gpxtpx:TrackPointExtension>
            <gpxtpx:hr>165</gpxtpx:hr>
          </gpxtpx:TrackPointExtension>
        </extensions>
      </trkpt>
      <trkpt lat="35.887939949637534" lon="115.11432767711493">
        <ele>107.4</ele>
        <time>2026-09-24T13:13:19Z</time>
        <extensions>
          <gpxtpx:TrackPointExtension>
            <gpxtpx:hr>165</gpxtpx:hr>
          </gpxtpx:TrackPointExtension>
        </extensions>
      </trkpt>
      <trkpt lat="35.88794292041888" lon="115.1142956476911">
        <ele>107.4</ele>
        <time>2026-09-24T13:13:20Z</time>
        <extensions>
          <gpxtpx:TrackPointExtension>
            <gpxtpx:hr>166</gpxtpx:hr>
          </gpxtpx:TrackPointExtension>
        </extensions>
      </trkpt>
      <trkpt lat="35.88794489771397" lon="115.11427062477298">
        <ele>107.4</ele>
        <time>2026-09-24T13:13:21Z</time>
        <extensions>
          <gpxtpx:TrackPointExtension>
            <gpxtpx:hr>166</gpxtpx:hr>
          </gpxtpx:TrackPointExtension>
        </extensions>
      </trkpt>
      <trkpt lat="35.88794886916436" lon="115.11423959622715">
        <ele>107.4</ele>
        <time>2026-09-24T13:13:22Z</time>
        <extensions>
          <gpxtpx:TrackPointExtension>
            <gpxtpx:hr>166</gpxtpx:hr>
          </gpxtpx:TrackPointExtension>
        </extensions>
      </trkpt>
      <trkpt lat="35.887951840930135" lon="115.11420856783337">
        <ele>107.4</ele>
        <time>2026-09-24T13:13:23Z</time>
        <extensions>
          <gpxtpx:TrackPointExtension>
            <gpxtpx:hr>166</gpxtpx:hr>
          </gpxtpx:TrackPointExtension>
        </extensions>
      </trkpt>
      <trkpt lat="35.88795581685991" lon="115.11418254389017">
        <ele>107.4</ele>
        <time>2026-09-24T13:13:24Z</time>
        <extensions>
          <gpxtpx:TrackPointExtension>
            <gpxtpx:hr>166</gpxtpx:hr>
          </gpxtpx:TrackPointExtension>
        </extensions>
      </trkpt>
      <trkpt lat="35.88795978928963" lon="115.11415251636807">
        <ele>93.3</ele>
        <time>2026-09-24T13:13:25Z</time>
        <extensions>
          <gpxtpx:TrackPointExtension>
            <gpxtpx:hr>166</gpxtpx:hr>
          </gpxtpx:TrackPointExtension>
        </extensions>
      </trkpt>
      <trkpt lat="35.88796276643278" lon="115.11412749350004">
        <ele>93.3</ele>
        <time>2026-09-24T13:13:26Z</time>
        <extensions>
          <gpxtpx:TrackPointExtension>
            <gpxtpx:hr>166</gpxtpx:hr>
          </gpxtpx:TrackPointExtension>
        </extensions>
      </trkpt>
      <trkpt lat="35.88796575063348" lon="115.11411047786086">
        <ele>93.3</ele>
        <time>2026-09-24T13:13:27Z</time>
        <extensions>
          <gpxtpx:TrackPointExtension>
            <gpxtpx:hr>166</gpxtpx:hr>
          </gpxtpx:TrackPointExtension>
        </extensions>
      </trkpt>
      <trkpt lat="35.8879697319273" lon="115.11409045942695">
        <ele>93.3</ele>
        <time>2026-09-24T13:13:28Z</time>
        <extensions>
          <gpxtpx:TrackPointExtension>
            <gpxtpx:hr>166</gpxtpx:hr>
          </gpxtpx:TrackPointExtension>
        </extensions>
      </trkpt>
      <trkpt lat="35.887973706212115" lon="115.1140624338242">
        <ele>93.3</ele>
        <time>2026-09-24T13:13:29Z</time>
        <extensions>
          <gpxtpx:TrackPointExtension>
            <gpxtpx:hr>166</gpxtpx:hr>
          </gpxtpx:TrackPointExtension>
        </extensions>
      </trkpt>
      <trkpt lat="35.88797767964847" lon="115.11403340735957">
        <ele>93.3</ele>
        <time>2026-09-24T13:13:30Z</time>
        <extensions>
          <gpxtpx:TrackPointExtension>
            <gpxtpx:hr>167</gpxtpx:hr>
          </gpxtpx:TrackPointExtension>
        </extensions>
      </trkpt>
      <trkpt lat="35.8879836543052" lon="115.1140063825053">
        <ele>93.3</ele>
        <time>2026-09-24T13:13:31Z</time>
        <extensions>
          <gpxtpx:TrackPointExtension>
            <gpxtpx:hr>167</gpxtpx:hr>
          </gpxtpx:TrackPointExtension>
        </extensions>
      </trkpt>
      <trkpt lat="35.887989625489425" lon="115.11397535410615">
        <ele>93.3</ele>
        <time>2026-09-24T13:13:32Z</time>
        <extensions>
          <gpxtpx:TrackPointExtension>
            <gpxtpx:hr>167</gpxtpx:hr>
          </gpxtpx:TrackPointExtension>
        </extensions>
      </trkpt>
      <trkpt lat="35.88799159783131" lon="115.11394432618685">
        <ele>93.3</ele>
        <time>2026-09-24T13:13:33Z</time>
        <extensions>
          <gpxtpx:TrackPointExtension>
            <gpxtpx:hr>167</gpxtpx:hr>
          </gpxtpx:TrackPointExtension>
        </extensions>
      </trkpt>
      <trkpt lat="35.88799057628522" lon="115.11391930398797">
        <ele>93.3</ele>
        <time>2026-09-24T13:13:34Z</time>
        <extensions>
          <gpxtpx:TrackPointExtension>
            <gpxtpx:hr>167</gpxtpx:hr>
          </gpxtpx:TrackPointExtension>
        </extensions>
      </trkpt>
      <trkpt lat="35.8879875570667" lon="115.11389628381689">
        <ele>96.6</ele>
        <time>2026-09-24T13:13:35Z</time>
        <extensions>
          <gpxtpx:TrackPointExtension>
            <gpxtpx:hr>166</gpxtpx:hr>
          </gpxtpx:TrackPointExtension>
        </extensions>
      </trkpt>
      <trkpt lat="35.8879815369677" lon="115.11387126221781">
        <ele>96.6</ele>
        <time>2026-09-24T13:13:36Z</time>
        <extensions>
          <gpxtpx:TrackPointExtension>
            <gpxtpx:hr>166</gpxtpx:hr>
          </gpxtpx:TrackPointExtension>
        </extensions>
      </trkpt>
      <trkpt lat="35.88797452152242" lon="115.11385124519897">
        <ele>96.6</ele>
        <time>2026-09-24T13:13:37Z</time>
        <extensions>
          <gpxtpx:TrackPointExtension>
            <gpxtpx:hr>166</gpxtpx:hr>
          </gpxtpx:TrackPointExtension>
        </extensions>
      </trkpt>
      <trkpt lat="35.88796851102819" lon="115.1138372334166">
        <ele>96.6</ele>
        <time>2026-09-24T13:13:38Z</time>
        <extensions>
          <gpxtpx:TrackPointExtension>
            <gpxtpx:hr>166</gpxtpx:hr>
          </gpxtpx:TrackPointExtension>
        </extensions>
      </trkpt>
      <trkpt lat="35.887959495300194" lon="115.1138162157595">
        <ele>96.6</ele>
        <time>2026-09-24T13:13:39Z</time>
        <extensions>
          <gpxtpx:TrackPointExtension>
            <gpxtpx:hr>166</gpxtpx:hr>
          </gpxtpx:TrackPointExtension>
        </extensions>
      </trkpt>
      <trkpt lat="35.88795247295066" lon="115.11378819170133">
        <ele>96.6</ele>
        <time>2026-09-24T13:13:40Z</time>
        <extensions>
          <gpxtpx:TrackPointExtension>
            <gpxtpx:hr>165</gpxtpx:hr>
          </gpxtpx:TrackPointExtension>
        </extensions>
      </trkpt>
      <trkpt lat="35.88794744660088" lon="115.11375616392164">
        <ele>96.6</ele>
        <time>2026-09-24T13:13:41Z</time>
        <extensions>
          <gpxtpx:TrackPointExtension>
            <gpxtpx:hr>165</gpxtpx:hr>
          </gpxtpx:TrackPointExtension>
        </extensions>
      </trkpt>
      <trkpt lat="35.88794341741096" lon="115.11372113342976">
        <ele>96.6</ele>
        <time>2026-09-24T13:13:42Z</time>
        <extensions>
          <gpxtpx:TrackPointExtension>
            <gpxtpx:hr>165</gpxtpx:hr>
          </gpxtpx:TrackPointExtension>
        </extensions>
      </trkpt>
      <trkpt lat="35.88794038280028" lon="115.11368009759649">
        <ele>96.6</ele>
        <time>2026-09-24T13:13:43Z</time>
        <extensions>
          <gpxtpx:TrackPointExtension>
            <gpxtpx:hr>165</gpxtpx:hr>
          </gpxtpx:TrackPointExtension>
        </extensions>
      </trkpt>
      <trkpt lat="35.887937346525725" lon="115.11363706008031">
        <ele>96.6</ele>
        <time>2026-09-24T13:13:44Z</time>
        <extensions>
          <gpxtpx:TrackPointExtension>
            <gpxtpx:hr>165</gpxtpx:hr>
          </gpxtpx:TrackPointExtension>
        </extensions>
      </trkpt>
      <trkpt lat="35.887932316045536" lon="115.11360002812958">
        <ele>97.4</ele>
        <time>2026-09-24T13:13:45Z</time>
        <extensions>
          <gpxtpx:TrackPointExtension>
            <gpxtpx:hr>164</gpxtpx:hr>
          </gpxtpx:TrackPointExtension>
        </extensions>
      </trkpt>
      <trkpt lat="35.88792428989656" lon="115.1135670000716">
        <ele>97.4</ele>
        <time>2026-09-24T13:13:46Z</time>
        <extensions>
          <gpxtpx:TrackPointExtension>
            <gpxtpx:hr>164</gpxtpx:hr>
          </gpxtpx:TrackPointExtension>
        </extensions>
      </trkpt>
      <trkpt lat="35.88791227006293" lon="115.11353997774724">
        <ele>97.4</ele>
        <time>2026-09-24T13:13:47Z</time>
        <extensions>
          <gpxtpx:TrackPointExtension>
            <gpxtpx:hr>164</gpxtpx:hr>
          </gpxtpx:TrackPointExtension>
        </extensions>
      </trkpt>
      <trkpt lat="35.887893256511354" lon="115.11351796058854">
        <ele>97.4</ele>
        <time>2026-09-24T13:13:48Z</time>
        <extensions>
          <gpxtpx:TrackPointExtension>
            <gpxtpx:hr>164</gpxtpx:hr>
          </gpxtpx:TrackPointExtension>
        </extensions>
      </trkpt>
      <trkpt lat="35.88787024924517" lon="115.11350194912605">
        <ele>97.4</ele>
        <time>2026-09-24T13:13:49Z</time>
        <extensions>
          <gpxtpx:TrackPointExtension>
            <gpxtpx:hr>164</gpxtpx:hr>
          </gpxtpx:TrackPointExtension>
        </extensions>
      </trkpt>
      <trkpt lat="35.887845247692404" lon="115.11349194312834">
        <ele>97.4</ele>
        <time>2026-09-24T13:13:50Z</time>
        <extensions>
          <gpxtpx:TrackPointExtension>
            <gpxtpx:hr>163</gpxtpx:hr>
          </gpxtpx:TrackPointExtension>
        </extensions>
      </trkpt>
      <trkpt lat="35.88781924813813" lon="115.11348393898875">
        <ele>97.4</ele>
        <time>2026-09-24T13:13:51Z</time>
        <extensions>
          <gpxtpx:TrackPointExtension>
            <gpxtpx:hr>163</gpxtpx:hr>
          </gpxtpx:TrackPointExtension>
        </extensions>
      </trkpt>
      <trkpt lat="35.887795249738076" lon="115.11347793637746">
        <ele>97.4</ele>
        <time>2026-09-24T13:13:52Z</time>
        <extensions>
          <gpxtpx:TrackPointExtension>
            <gpxtpx:hr>163</gpxtpx:hr>
          </gpxtpx:TrackPointExtension>
        </extensions>
      </trkpt>
      <trkpt lat="35.887768251325916" lon="115.1134709332238">
        <ele>97.4</ele>
        <time>2026-09-24T13:13:53Z</time>
        <extensions>
          <gpxtpx:TrackPointExtension>
            <gpxtpx:hr>163</gpxtpx:hr>
          </gpxtpx:TrackPointExtension>
        </extensions>
      </trkpt>
      <trkpt lat="35.88773825375867" lon="115.11346393039997">
        <ele>97.4</ele>
        <time>2026-09-24T13:13:54Z</time>
        <extensions>
          <gpxtpx:TrackPointExtension>
            <gpxtpx:hr>163</gpxtpx:hr>
          </gpxtpx:TrackPointExtension>
        </extensions>
      </trkpt>
      <trkpt lat="35.88771325478923" lon="115.11345692703226">
        <ele>99.0</ele>
        <time>2026-09-24T13:13:55Z</time>
        <extensions>
          <gpxtpx:TrackPointExtension>
            <gpxtpx:hr>164</gpxtpx:hr>
          </gpxtpx:TrackPointExtension>
        </extensions>
      </trkpt>
      <trkpt lat="35.88768725439177" lon="115.11344792203465">
        <ele>99.0</ele>
        <time>2026-09-24T13:13:56Z</time>
        <extensions>
          <gpxtpx:TrackPointExtension>
            <gpxtpx:hr>164</gpxtpx:hr>
          </gpxtpx:TrackPointExtension>
        </extensions>
      </trkpt>
      <trkpt lat="35.8876612531425" lon="115.11343791617048">
        <ele>99.0</ele>
        <time>2026-09-24T13:13:57Z</time>
        <extensions>
          <gpxtpx:TrackPointExtension>
            <gpxtpx:hr>164</gpxtpx:hr>
          </gpxtpx:TrackPointExtension>
        </extensions>
      </trkpt>
      <trkpt lat="35.887639253338044" lon="115.1134309124833">
        <ele>99.0</ele>
        <time>2026-09-24T13:13:58Z</time>
        <extensions>
          <gpxtpx:TrackPointExtension>
            <gpxtpx:hr>164</gpxtpx:hr>
          </gpxtpx:TrackPointExtension>
        </extensions>
      </trkpt>
      <trkpt lat="35.8876152549523" lon="115.11342490988632">
        <ele>99.0</ele>
        <time>2026-09-24T13:13:59Z</time>
        <extensions>
          <gpxtpx:TrackPointExtension>
            <gpxtpx:hr>164</gpxtpx:hr>
          </gpxtpx:TrackPointExtension>
        </extensions>
      </trkpt>
      <trkpt lat="35.88759025855824" lon="115.11342090913891">
        <ele>99.0</ele>
        <time>2026-09-24T13:14:00Z</time>
        <extensions>
          <gpxtpx:TrackPointExtension>
            <gpxtpx:hr>164</gpxtpx:hr>
          </gpxtpx:TrackPointExtension>
        </extensions>
      </trkpt>
      <trkpt lat="35.88756826388553" lon="115.11341991067245">
        <ele>99.0</ele>
        <time>2026-09-24T13:14:01Z</time>
        <extensions>
          <gpxtpx:TrackPointExtension>
            <gpxtpx:hr>164</gpxtpx:hr>
          </gpxtpx:TrackPointExtension>
        </extensions>
      </trkpt>
      <trkpt lat="35.8875432709107" lon="115.11341991340302">
        <ele>99.0</ele>
        <time>2026-09-24T13:14:02Z</time>
        <extensions>
          <gpxtpx:TrackPointExtension>
            <gpxtpx:hr>164</gpxtpx:hr>
          </gpxtpx:TrackPointExtension>
        </extensions>
      </trkpt>
      <trkpt lat="35.887516277643826" lon="115.1134189154827">
        <ele>99.0</ele>
        <time>2026-09-24T13:14:03Z</time>
        <extensions>
          <gpxtpx:TrackPointExtension>
            <gpxtpx:hr>164</gpxtpx:hr>
          </gpxtpx:TrackPointExtension>
        </extensions>
      </trkpt>
      <trkpt lat="35.88749428040907" lon="115.11341491440871">
        <ele>99.0</ele>
        <time>2026-09-24T13:14:04Z</time>
        <extensions>
          <gpxtpx:TrackPointExtension>
            <gpxtpx:hr>164</gpxtpx:hr>
          </gpxtpx:TrackPointExtension>
        </extensions>
      </trkpt>
      <trkpt lat="35.887470280320876" lon="115.11340691007841">
        <ele>101.4</ele>
        <time>2026-09-24T13:14:05Z</time>
        <extensions>
          <gpxtpx:TrackPointExtension>
            <gpxtpx:hr>164</gpxtpx:hr>
          </gpxtpx:TrackPointExtension>
        </extensions>
      </trkpt>
      <trkpt lat="35.8874442799438" lon="115.11339790510107">
        <ele>101.4</ele>
        <time>2026-09-24T13:14:06Z</time>
        <extensions>
          <gpxtpx:TrackPointExtension>
            <gpxtpx:hr>164</gpxtpx:hr>
          </gpxtpx:TrackPointExtension>
        </extensions>
      </trkpt>
      <trkpt lat="35.88742028071476" lon="115.11339090164493">
        <ele>101.4</ele>
        <time>2026-09-24T13:14:07Z</time>
        <extensions>
          <gpxtpx:TrackPointExtension>
            <gpxtpx:hr>164</gpxtpx:hr>
          </gpxtpx:TrackPointExtension>
        </extensions>
      </trkpt>
      <trkpt lat="35.88739628319434" lon="115.11338589992657">
        <ele>101.4</ele>
        <time>2026-09-24T13:14:08Z</time>
        <extensions>
          <gpxtpx:TrackPointExtension>
            <gpxtpx:hr>164</gpxtpx:hr>
          </gpxtpx:TrackPointExtension>
        </extensions>
      </trkpt>
      <trkpt lat="35.88737328624719" lon="115.11338189896775">
        <ele>101.4</ele>
        <time>2026-09-24T13:14:09Z</time>
        <extensions>
          <gpxtpx:TrackPointExtension>
            <gpxtpx:hr>164</gpxtpx:hr>
          </gpxtpx:TrackPointExtension>
        </extensions>
      </trkpt>
      <trkpt lat="35.887346290425505" lon="115.11337789844652">
        <ele>101.4</ele>
        <time>2026-09-24T13:14:10Z</time>
        <extensions>
          <gpxtpx:TrackPointExtension>
            <gpxtpx:hr>164</gpxtpx:hr>
          </gpxtpx:TrackPointExtension>
        </extensions>
      </trkpt>
      <trkpt lat="35.887319292899264" lon="115.11337189619154">
        <ele>101.4</ele>
        <time>2026-09-24T13:14:11Z</time>
        <extensions>
          <gpxtpx:TrackPointExtension>
            <gpxtpx:hr>164</gpxtpx:hr>
          </gpxtpx:TrackPointExtension>
        </extensions>
      </trkpt>
      <trkpt lat="35.88729529708909" lon="115.1133688962115">
        <ele>101.4</ele>
        <time>2026-09-24T13:14:12Z</time>
        <extensions>
          <gpxtpx:TrackPointExtension>
            <gpxtpx:hr>164</gpxtpx:hr>
          </gpxtpx:TrackPointExtension>
        </extensions>
      </trkpt>
      <trkpt lat="35.88726830382833" lon="115.11336789829346">
        <ele>101.4</ele>
        <time>2026-09-24T13:14:13Z</time>
        <extensions>
          <gpxtpx:TrackPointExtension>
            <gpxtpx:hr>164</gpxtpx:hr>
          </gpxtpx:TrackPointExtension>
        </extensions>
      </trkpt>
      <trkpt lat="35.88724031084928" lon="115.11336690048469">
        <ele>101.4</ele>
        <time>2026-09-24T13:14:14Z</time>
        <extensions>
          <gpxtpx:TrackPointExtension>
            <gpxtpx:hr>164</gpxtpx:hr>
          </gpxtpx:TrackPointExtension>
        </extensions>
      </trkpt>
      <trkpt lat="35.887220314768456" lon="115.11336490093528">
        <ele>103.7</ele>
        <time>2026-09-24T13:14:15Z</time>
        <extensions>
          <gpxtpx:TrackPointExtension>
            <gpxtpx:hr>170</gpxtpx:hr>
          </gpxtpx:TrackPointExtension>
        </extensions>
      </trkpt>
      <trkpt lat="35.88720031698324" lon="115.11336089965256">
        <ele>103.7</ele>
        <time>2026-09-24T13:14:16Z</time>
        <extensions>
          <gpxtpx:TrackPointExtension>
            <gpxtpx:hr>170</gpxtpx:hr>
          </gpxtpx:TrackPointExtension>
        </extensions>
      </trkpt>
      <trkpt lat="35.887177320042596" lon="115.11335689869823">
        <ele>103.7</ele>
        <time>2026-09-24T13:14:17Z</time>
        <extensions>
          <gpxtpx:TrackPointExtension>
            <gpxtpx:hr>170</gpxtpx:hr>
          </gpxtpx:TrackPointExtension>
        </extensions>
      </trkpt>
      <trkpt lat="35.88715432395496" lon="115.113353898611">
        <ele>103.7</ele>
        <time>2026-09-24T13:14:18Z</time>
        <extensions>
          <gpxtpx:TrackPointExtension>
            <gpxtpx:hr>170</gpxtpx:hr>
          </gpxtpx:TrackPointExtension>
        </extensions>
      </trkpt>
      <trkpt lat="35.88713132872" lon="115.11335189939042">
        <ele>103.7</ele>
        <time>2026-09-24T13:14:19Z</time>
        <extensions>
          <gpxtpx:TrackPointExtension>
            <gpxtpx:hr>170</gpxtpx:hr>
          </gpxtpx:TrackPointExtension>
        </extensions>
      </trkpt>
      <trkpt lat="35.887113331227134" lon="115.11334889875774">
        <ele>103.7</ele>
        <time>2026-09-24T13:14:20Z</time>
        <extensions>
          <gpxtpx:TrackPointExtension>
            <gpxtpx:hr>171</gpxtpx:hr>
          </gpxtpx:TrackPointExtension>
        </extensions>
      </trkpt>
      <trkpt lat="35.887091334008204" lon="115.11334489769634">
        <ele>103.7</ele>
        <time>2026-09-24T13:14:21Z</time>
        <extensions>
          <gpxtpx:TrackPointExtension>
            <gpxtpx:hr>171</gpxtpx:hr>
          </gpxtpx:TrackPointExtension>
        </extensions>
      </trkpt>
      <trkpt lat="35.88706633678251" lon="115.11333989609756">
        <ele>103.7</ele>
        <time>2026-09-24T13:14:22Z</time>
        <extensions>
          <gpxtpx:TrackPointExtension>
            <gpxtpx:hr>171</gpxtpx:hr>
          </gpxtpx:TrackPointExtension>
        </extensions>
      </trkpt>
      <trkpt lat="35.887045338432785" lon="115.11333489406303">
        <ele>103.7</ele>
        <time>2026-09-24T13:14:23Z</time>
        <extensions>
          <gpxtpx:TrackPointExtension>
            <gpxtpx:hr>171</gpxtpx:hr>
          </gpxtpx:TrackPointExtension>
        </extensions>
      </trkpt>
      <trkpt lat="35.88702134007708" lon="115.113328891492">
        <ele>103.7</ele>
        <time>2026-09-24T13:14:24Z</time>
        <extensions>
          <gpxtpx:TrackPointExtension>
            <gpxtpx:hr>171</gpxtpx:hr>
          </gpxtpx:TrackPointExtension>
        </extensions>
      </trkpt>
      <trkpt lat="35.886995342285765" lon="115.11332288914103">
        <ele>107.5</ele>
        <time>2026-09-24T13:14:25Z</time>
        <extensions>
          <gpxtpx:TrackPointExtension>
            <gpxtpx:hr>172</gpxtpx:hr>
          </gpxtpx:TrackPointExtension>
        </extensions>
      </trkpt>
      <trkpt lat="35.886973345072285" lon="115.11331888808435">
        <ele>107.5</ele>
        <time>2026-09-24T13:14:26Z</time>
        <extensions>
          <gpxtpx:TrackPointExtension>
            <gpxtpx:hr>172</gpxtpx:hr>
          </gpxtpx:TrackPointExtension>
        </extensions>
      </trkpt>
      <trkpt lat="35.88694734898525" lon="115.11331488746524">
        <ele>107.5</ele>
        <time>2026-09-24T13:14:27Z</time>
        <extensions>
          <gpxtpx:TrackPointExtension>
            <gpxtpx:hr>172</gpxtpx:hr>
          </gpxtpx:TrackPointExtension>
        </extensions>
      </trkpt>
      <trkpt lat="35.886921353749806" lon="115.11331188771132">
        <ele>107.5</ele>
        <time>2026-09-24T13:14:28Z</time>
        <extensions>
          <gpxtpx:TrackPointExtension>
            <gpxtpx:hr>172</gpxtpx:hr>
          </gpxtpx:TrackPointExtension>
        </extensions>
      </trkpt>
      <trkpt lat="35.88689835937185" lon="115.11331088935896">
        <ele>107.5</ele>
        <time>2026-09-24T13:14:29Z</time>
        <extensions>
          <gpxtpx:TrackPointExtension>
            <gpxtpx:hr>172</gpxtpx:hr>
          </gpxtpx:TrackPointExtension>
        </extensions>
      </trkpt>
      <trkpt lat="35.886873365557136" lon="115.11330989122506">
        <ele>107.5</ele>
        <time>2026-09-24T13:14:30Z</time>
        <extensions>
          <gpxtpx:TrackPointExtension>
            <gpxtpx:hr>171</gpxtpx:hr>
          </gpxtpx:TrackPointExtension>
        </extensions>
      </trkpt>
      <trkpt lat="35.88684637145533" lon="115.11330789244533">
        <ele>107.5</ele>
        <time>2026-09-24T13:14:31Z</time>
        <extensions>
          <gpxtpx:TrackPointExtension>
            <gpxtpx:hr>171</gpxtpx:hr>
          </gpxtpx:TrackPointExtension>
        </extensions>
      </trkpt>
      <trkpt lat="35.88682437679714" lon="115.11330689398392">
        <ele>107.5</ele>
        <time>2026-09-24T13:14:32Z</time>
        <extensions>
          <gpxtpx:TrackPointExtension>
            <gpxtpx:hr>171</gpxtpx:hr>
          </gpxtpx:TrackPointExtension>
        </extensions>
      </trkpt>
      <trkpt lat="35.886801379869866" lon="115.1133028930393">
        <ele>107.5</ele>
        <time>2026-09-24T13:14:33Z</time>
        <extensions>
          <gpxtpx:TrackPointExtension>
            <gpxtpx:hr>171</gpxtpx:hr>
          </gpxtpx:TrackPointExtension>
        </extensions>
      </trkpt>
      <trkpt lat="35.88677638265644" lon="115.11329789144999">
        <ele>107.5</ele>
        <time>2026-09-24T13:14:34Z</time>
        <extensions>
          <gpxtpx:TrackPointExtension>
            <gpxtpx:hr>171</gpxtpx:hr>
          </gpxtpx:TrackPointExtension>
        </extensions>
      </trkpt>
      <trkpt lat="35.88675538261855" lon="115.11329088769774">
        <ele>107.2</ele>
        <time>2026-09-24T13:14:35Z</time>
        <extensions>
          <gpxtpx:TrackPointExtension>
            <gpxtpx:hr>170</gpxtpx:hr>
          </gpxtpx:TrackPointExtension>
        </extensions>
      </trkpt>
      <trkpt lat="35.886736382869245" lon="115.11328488459252">
        <ele>107.2</ele>
        <time>2026-09-24T13:14:36Z</time>
        <extensions>
          <gpxtpx:TrackPointExtension>
            <gpxtpx:hr>170</gpxtpx:hr>
          </gpxtpx:TrackPointExtension>
        </extensions>
      </trkpt>
      <trkpt lat="35.88671438311676" lon="115.11327788095359">
        <ele>107.2</ele>
        <time>2026-09-24T13:14:37Z</time>
        <extensions>
          <gpxtpx:TrackPointExtension>
            <gpxtpx:hr>170</gpxtpx:hr>
          </gpxtpx:TrackPointExtension>
        </extensions>
      </trkpt>
      <trkpt lat="35.886691383647914" lon="115.11327087742612">
        <ele>107.2</ele>
        <time>2026-09-24T13:14:38Z</time>
        <extensions>
          <gpxtpx:TrackPointExtension>
            <gpxtpx:hr>170</gpxtpx:hr>
          </gpxtpx:TrackPointExtension>
        </extensions>
      </trkpt>
      <trkpt lat="35.886667384462775" lon="115.11326387401007">
        <ele>107.2</ele>
        <time>2026-09-24T13:14:39Z</time>
        <extensions>
          <gpxtpx:TrackPointExtension>
            <gpxtpx:hr>170</gpxtpx:hr>
          </gpxtpx:TrackPointExtension>
        </extensions>
      </trkpt>
      <trkpt lat="35.886641384994405" lon="115.1132558699527">
        <ele>107.2</ele>
        <time>2026-09-24T13:14:40Z</time>
        <extensions>
          <gpxtpx:TrackPointExtension>
            <gpxtpx:hr>171</gpxtpx:hr>
          </gpxtpx:TrackPointExtension>
        </extensions>
      </trkpt>
      <trkpt lat="35.88661738581386" lon="115.11324886654138">
        <ele>107.2</ele>
        <time>2026-09-24T13:14:41Z</time>
        <extensions>
          <gpxtpx:TrackPointExtension>
            <gpxtpx:hr>171</gpxtpx:hr>
          </gpxtpx:TrackPointExtension>
        </extensions>
      </trkpt>
      <trkpt lat="35.8865913871987" lon="115.11324186335072">
        <ele>107.2</ele>
        <time>2026-09-24T13:14:42Z</time>
        <extensions>
          <gpxtpx:TrackPointExtension>
            <gpxtpx:hr>171</gpxtpx:hr>
          </gpxtpx:TrackPointExtension>
        </extensions>
      </trkpt>
      <trkpt lat="35.88656238943067" lon="115.11323486048995">
        <ele>107.2</ele>
        <time>2026-09-24T13:14:43Z</time>
        <extensions>
          <gpxtpx:TrackPointExtension>
            <gpxtpx:hr>171</gpxtpx:hr>
          </gpxtpx:TrackPointExtension>
        </extensions>
      </trkpt>
      <trkpt lat="35.88652639278911" lon="115.11322685753524">
        <ele>107.2</ele>
        <time>2026-09-24T13:14:44Z</time>
        <extensions>
          <gpxtpx:TrackPointExtension>
            <gpxtpx:hr>171</gpxtpx:hr>
          </gpxtpx:TrackPointExtension>
        </extensions>
      </trkpt>
      <trkpt lat="35.88649139586901" lon="115.11321885447421">
        <ele>101.9</ele>
        <time>2026-09-24T13:14:45Z</time>
        <extensions>
          <gpxtpx:TrackPointExtension>
            <gpxtpx:hr>172</gpxtpx:hr>
          </gpxtpx:TrackPointExtension>
        </extensions>
      </trkpt>
      <trkpt lat="35.88646140093137" lon="115.11321485431003">
        <ele>101.9</ele>
        <time>2026-09-24T13:14:46Z</time>
        <extensions>
          <gpxtpx:TrackPointExtension>
            <gpxtpx:hr>172</gpxtpx:hr>
          </gpxtpx:TrackPointExtension>
        </extensions>
      </trkpt>
      <trkpt lat="35.8864314068418" lon="115.11321185500653">
        <ele>101.9</ele>
        <time>2026-09-24T13:14:47Z</time>
        <extensions>
          <gpxtpx:TrackPointExtension>
            <gpxtpx:hr>172</gpxtpx:hr>
          </gpxtpx:TrackPointExtension>
        </extensions>
      </trkpt>
      <trkpt lat="35.88640241331823" lon="115.11320985645405">
        <ele>101.9</ele>
        <time>2026-09-24T13:14:48Z</time>
        <extensions>
          <gpxtpx:TrackPointExtension>
            <gpxtpx:hr>172</gpxtpx:hr>
          </gpxtpx:TrackPointExtension>
        </extensions>
      </trkpt>
      <trkpt lat="35.88637941725803" lon="115.11320685638668">
        <ele>101.9</ele>
        <time>2026-09-24T13:14:49Z</time>
        <extensions>
          <gpxtpx:TrackPointExtension>
            <gpxtpx:hr>172</gpxtpx:hr>
          </gpxtpx:TrackPointExtension>
        </extensions>
      </trkpt>
      <trkpt lat="35.8863564195053" lon="115.11320185460058">
        <ele>101.9</ele>
        <time>2026-09-24T13:14:50Z</time>
        <extensions>
          <gpxtpx:TrackPointExtension>
            <gpxtpx:hr>173</gpxtpx:hr>
          </gpxtpx:TrackPointExtension>
        </extensions>
      </trkpt>
      <trkpt lat="35.88633442147203" lon="115.1131968527064">
        <ele>101.9</ele>
        <time>2026-09-24T13:14:51Z</time>
        <extensions>
          <gpxtpx:TrackPointExtension>
            <gpxtpx:hr>173</gpxtpx:hr>
          </gpxtpx:TrackPointExtension>
        </extensions>
      </trkpt>
      <trkpt lat="35.886318423441686" lon="115.11319385187625">
        <ele>101.9</ele>
        <time>2026-09-24T13:14:52Z</time>
        <extensions>
          <gpxtpx:TrackPointExtension>
            <gpxtpx:hr>173</gpxtpx:hr>
          </gpxtpx:TrackPointExtension>
        </extensions>
      </trkpt>
      <trkpt lat="35.88630442738687" lon="115.11319385340532">
        <ele>101.9</ele>
        <time>2026-09-24T13:14:53Z</time>
        <extensions>
          <gpxtpx:TrackPointExtension>
            <gpxtpx:hr>173</gpxtpx:hr>
          </gpxtpx:TrackPointExtension>
        </extensions>
      </trkpt>
      <trkpt lat="35.88628743387024" lon="115.11319585698044">
        <ele>101.9</ele>
        <time>2026-09-24T13:14:54Z</time>
        <extensions>
          <gpxtpx:TrackPointExtension>
            <gpxtpx:hr>173</gpxtpx:hr>
          </gpxtpx:TrackPointExtension>
        </extensions>
      </trkpt>
      <trkpt lat="35.886267441199415" lon="115.11319786088342">
        <ele>101.3</ele>
        <time>2026-09-24T13:14:55Z</time>
        <extensions>
          <gpxtpx:TrackPointExtension>
            <gpxtpx:hr>172</gpxtpx:hr>
          </gpxtpx:TrackPointExtension>
        </extensions>
      </trkpt>
      <trkpt lat="35.886245447399766" lon="115.11319786328623">
        <ele>101.3</ele>
        <time>2026-09-24T13:14:56Z</time>
        <extensions>
          <gpxtpx:TrackPointExtension>
            <gpxtpx:hr>172</gpxtpx:hr>
          </gpxtpx:TrackPointExtension>
        </extensions>
      </trkpt>
      <trkpt lat="35.88622445501148" lon="115.11319986729862">
        <ele>101.3</ele>
        <time>2026-09-24T13:14:57Z</time>
        <extensions>
          <gpxtpx:TrackPointExtension>
            <gpxtpx:hr>172</gpxtpx:hr>
          </gpxtpx:TrackPointExtension>
        </extensions>
      </trkpt>
      <trkpt lat="35.88620746234274" lon="115.11320287173382">
        <ele>101.3</ele>
        <time>2026-09-24T13:14:58Z</time>
        <extensions>
          <gpxtpx:TrackPointExtension>
            <gpxtpx:hr>172</gpxtpx:hr>
          </gpxtpx:TrackPointExtension>
        </extensions>
      </trkpt>
      <trkpt lat="35.88619247165106" lon="115.11320887853027">
        <ele>101.0</ele>
        <time>2026-09-24T13:14:59Z</time>
        <extensions>
          <gpxtpx:TrackPointExtension>
            <gpxtpx:hr>172</gpxtpx:hr>
          </gpxtpx:TrackPointExtension>
        </extensions>
      </trkpt>
      <trkpt lat="35.886179478703056" lon="115.11321288338982">
        <ele>101.0</ele>
        <time>2026-09-24T13:15:00Z</time>
        <extensions>
          <gpxtpx:TrackPointExtension>
            <gpxtpx:hr>169</gpxtpx:hr>
          </gpxtpx:TrackPointExtension>
        </extensions>
      </trkpt>
      <trkpt lat="35.886168481803814" lon="115.11321288459122">
        <ele>101.3</ele>
        <time>2026-09-24T13:15:01Z</time>
        <extensions>
          <gpxtpx:TrackPointExtension>
            <gpxtpx:hr>169</gpxtpx:hr>
          </gpxtpx:TrackPointExtension>
        </extensions>
      </trkpt>
      <trkpt lat="35.88615947925971" lon="115.11320688041494">
        <ele>101.3</ele>
        <time>2026-09-24T13:15:02Z</time>
        <extensions>
          <gpxtpx:TrackPointExtension>
            <gpxtpx:hr>169</gpxtpx:hr>
          </gpxtpx:TrackPointExtension>
        </extensions>
      </trkpt>
      <trkpt lat="35.88615347333185" lon="115.1131978733344">
        <ele>101.3</ele>
        <time>2026-09-24T13:15:03Z</time>
        <extensions>
          <gpxtpx:TrackPointExtension>
            <gpxtpx:hr>169</gpxtpx:hr>
          </gpxtpx:TrackPointExtension>
        </extensions>
      </trkpt>
      <trkpt lat="35.88614746571487" lon="115.11318686453976">
        <ele>101.3</ele>
        <time>2026-09-24T13:15:04Z</time>
        <extensions>
          <gpxtpx:TrackPointExtension>
            <gpxtpx:hr>169</gpxtpx:hr>
          </gpxtpx:TrackPointExtension>
        </extensions>
      </trkpt>
      <trkpt lat="35.88613845979369" lon="115.11317685693662">
        <ele>101.1</ele>
        <time>2026-09-24T13:15:05Z</time>
        <extensions>
          <gpxtpx:TrackPointExtension>
            <gpxtpx:hr>163</gpxtpx:hr>
          </gpxtpx:TrackPointExtension>
        </extensions>
      </trkpt>
      <trkpt lat="35.886126455567265" lon="115.1131678505236">
        <ele>101.1</ele>
        <time>2026-09-24T13:15:06Z</time>
        <extensions>
          <gpxtpx:TrackPointExtension>
            <gpxtpx:hr>163</gpxtpx:hr>
          </gpxtpx:TrackPointExtension>
        </extensions>
      </trkpt>
      <trkpt lat="35.88611444880907" lon="115.11315584154173">
        <ele>101.1</ele>
        <time>2026-09-24T13:15:07Z</time>
        <extensions>
          <gpxtpx:TrackPointExtension>
            <gpxtpx:hr>163</gpxtpx:hr>
          </gpxtpx:TrackPointExtension>
        </extensions>
      </trkpt>
      <trkpt lat="35.8861054420549" lon="115.11314483309562">
        <ele>101.1</ele>
        <time>2026-09-24T13:15:08Z</time>
        <extensions>
          <gpxtpx:TrackPointExtension>
            <gpxtpx:hr>163</gpxtpx:hr>
          </gpxtpx:TrackPointExtension>
        </extensions>
      </trkpt>
      <trkpt lat="35.886099433615335" lon="115.1131328234709">
        <ele>101.1</ele>
        <time>2026-09-24T13:15:09Z</time>
        <extensions>
          <gpxtpx:TrackPointExtension>
            <gpxtpx:hr>163</gpxtpx:hr>
          </gpxtpx:TrackPointExtension>
        </extensions>
      </trkpt>
      <trkpt lat="35.88609442068155" lon="115.11311580946479">
        <ele>101.1</ele>
        <time>2026-09-24T13:15:10Z</time>
        <extensions>
          <gpxtpx:TrackPointExtension>
            <gpxtpx:hr>160</gpxtpx:hr>
          </gpxtpx:TrackPointExtension>
        </extensions>
      </trkpt>
      <trkpt lat="35.88609240606974" lon="115.11309779428922">
        <ele>101.1</ele>
        <time>2026-09-24T13:15:11Z</time>
        <extensions>
          <gpxtpx:TrackPointExtension>
            <gpxtpx:hr>160</gpxtpx:hr>
          </gpxtpx:TrackPointExtension>
        </extensions>
      </trkpt>
      <trkpt lat="35.88609239090591" lon="115.11307977890988">
        <ele>101.1</ele>
        <time>2026-09-24T13:15:12Z</time>
        <extensions>
          <gpxtpx:TrackPointExtension>
            <gpxtpx:hr>160</gpxtpx:hr>
          </gpxtpx:TrackPointExtension>
        </extensions>
      </trkpt>
      <trkpt lat="35.88609237575392" lon="115.11306176354519">
        <ele>101.1</ele>
        <time>2026-09-24T13:15:13Z</time>
        <extensions>
          <gpxtpx:TrackPointExtension>
            <gpxtpx:hr>160</gpxtpx:hr>
          </gpxtpx:TrackPointExtension>
        </extensions>
      </trkpt>
      <trkpt lat="35.886094361731566" lon="115.11304574968156">
        <ele>101.1</ele>
        <time>2026-09-24T13:15:14Z</time>
        <extensions>
          <gpxtpx:TrackPointExtension>
            <gpxtpx:hr>160</gpxtpx:hr>
          </gpxtpx:TrackPointExtension>
        </extensions>
      </trkpt>
      <trkpt lat="35.886096346878325" lon="115.1130287349778">
        <ele>98.7</ele>
        <time>2026-09-24T13:15:15Z</time>
        <extensions>
          <gpxtpx:TrackPointExtension>
            <gpxtpx:hr>157</gpxtpx:hr>
          </gpxtpx:TrackPointExtension>
        </extensions>
      </trkpt>
      <trkpt lat="35.88609833455468" lon="115.1130147228401">
        <ele>98.7</ele>
        <time>2026-09-24T13:15:16Z</time>
        <extensions>
          <gpxtpx:TrackPointExtension>
            <gpxtpx:hr>157</gpxtpx:hr>
          </gpxtpx:TrackPointExtension>
        </extensions>
      </trkpt>
      <trkpt lat="35.886102323352844" lon="115.11300271219376">
        <ele>98.7</ele>
        <time>2026-09-24T13:15:17Z</time>
        <extensions>
          <gpxtpx:TrackPointExtension>
            <gpxtpx:hr>157</gpxtpx:hr>
          </gpxtpx:TrackPointExtension>
        </extensions>
      </trkpt>
      <trkpt lat="35.886107308519264" lon="115.1129866980452">
        <ele>98.7</ele>
        <time>2026-09-24T13:15:18Z</time>
        <extensions>
          <gpxtpx:TrackPointExtension>
            <gpxtpx:hr>157</gpxtpx:hr>
          </gpxtpx:TrackPointExtension>
        </extensions>
      </trkpt>
      <trkpt lat="35.8861142889411" lon="115.11296567944501">
        <ele>98.7</ele>
        <time>2026-09-24T13:15:19Z</time>
        <extensions>
          <gpxtpx:TrackPointExtension>
            <gpxtpx:hr>157</gpxtpx:hr>
          </gpxtpx:TrackPointExtension>
        </extensions>
      </trkpt>
      <trkpt lat="35.886121265193765" lon="115.11293965662593">
        <ele>98.7</ele>
        <time>2026-09-24T13:15:20Z</time>
        <extensions>
          <gpxtpx:TrackPointExtension>
            <gpxtpx:hr>160</gpxtpx:hr>
          </gpxtpx:TrackPointExtension>
        </extensions>
      </trkpt>
      <trkpt lat="35.88613123059578" lon="115.11290162335528">
        <ele>98.7</ele>
        <time>2026-09-24T13:15:21Z</time>
        <extensions>
          <gpxtpx:TrackPointExtension>
            <gpxtpx:hr>160</gpxtpx:hr>
          </gpxtpx:TrackPointExtension>
        </extensions>
      </trkpt>
      <trkpt lat="35.88614218826263" lon="115.11285458244474">
        <ele>98.7</ele>
        <time>2026-09-24T13:15:22Z</time>
        <extensions>
          <gpxtpx:TrackPointExtension>
            <gpxtpx:hr>160</gpxtpx:hr>
          </gpxtpx:TrackPointExtension>
        </extensions>
      </trkpt>
      <trkpt lat="35.8861521446283" lon="115.11280554006038">
        <ele>98.7</ele>
        <time>2026-09-24T13:15:23Z</time>
        <extensions>
          <gpxtpx:TrackPointExtension>
            <gpxtpx:hr>160</gpxtpx:hr>
          </gpxtpx:TrackPointExtension>
        </extensions>
      </trkpt>
      <trkpt lat="35.886164096367494" lon="115.11275149337033">
        <ele>98.7</ele>
        <time>2026-09-24T13:15:24Z</time>
        <extensions>
          <gpxtpx:TrackPointExtension>
            <gpxtpx:hr>160</gpxtpx:hr>
          </gpxtpx:TrackPointExtension>
        </extensions>
      </trkpt>
      <trkpt lat="35.88617604738582" lon="115.11269644597606">
        <ele>96.4</ele>
        <time>2026-09-24T13:15:25Z</time>
        <extensions>
          <gpxtpx:TrackPointExtension>
            <gpxtpx:hr>167</gpxtpx:hr>
          </gpxtpx:TrackPointExtension>
        </extensions>
      </trkpt>
      <trkpt lat="35.88618800429861" lon="115.11264840455935">
        <ele>96.4</ele>
        <time>2026-09-24T13:15:26Z</time>
        <extensions>
          <gpxtpx:TrackPointExtension>
            <gpxtpx:hr>167</gpxtpx:hr>
          </gpxtpx:TrackPointExtension>
        </extensions>
      </trkpt>
      <trkpt lat="35.886198959929125" lon="115.1125983616922">
        <ele>96.4</ele>
        <time>2026-09-24T13:15:27Z</time>
        <extensions>
          <gpxtpx:TrackPointExtension>
            <gpxtpx:hr>167</gpxtpx:hr>
          </gpxtpx:TrackPointExtension>
        </extensions>
      </trkpt>
      <trkpt lat="35.886207916215454" lon="115.11254831915728">
        <ele>96.4</ele>
        <time>2026-09-24T13:15:28Z</time>
        <extensions>
          <gpxtpx:TrackPointExtension>
            <gpxtpx:hr>167</gpxtpx:hr>
          </gpxtpx:TrackPointExtension>
        </extensions>
      </trkpt>
      <trkpt lat="35.88621087921039" lon="115.11250428235813">
        <ele>96.4</ele>
        <time>2026-09-24T13:15:29Z</time>
        <extensions>
          <gpxtpx:TrackPointExtension>
            <gpxtpx:hr>167</gpxtpx:hr>
          </gpxtpx:TrackPointExtension>
        </extensions>
      </trkpt>
      <trkpt lat="35.886203845914686" lon="115.11246124756536">
        <ele>96.4</ele>
        <time>2026-09-24T13:15:30Z</time>
        <extensions>
          <gpxtpx:TrackPointExtension>
            <gpxtpx:hr>173</gpxtpx:hr>
          </gpxtpx:TrackPointExtension>
        </extensions>
      </trkpt>
      <trkpt lat="35.88618681714166" lon="115.11242021559721">
        <ele>96.4</ele>
        <time>2026-09-24T13:15:31Z</time>
        <extensions>
          <gpxtpx:TrackPointExtension>
            <gpxtpx:hr>173</gpxtpx:hr>
          </gpxtpx:TrackPointExtension>
        </extensions>
      </trkpt>
      <trkpt lat="35.88616779471022" lon="115.11238618968069">
        <ele>96.4</ele>
        <time>2026-09-24T13:15:32Z</time>
        <extensions>
          <gpxtpx:TrackPointExtension>
            <gpxtpx:hr>173</gpxtpx:hr>
          </gpxtpx:TrackPointExtension>
        </extensions>
      </trkpt>
      <trkpt lat="35.88614777586542" lon="115.11235616721038">
        <ele>96.4</ele>
        <time>2026-09-24T13:15:33Z</time>
        <extensions>
          <gpxtpx:TrackPointExtension>
            <gpxtpx:hr>173</gpxtpx:hr>
          </gpxtpx:TrackPointExtension>
        </extensions>
      </trkpt>
      <trkpt lat="35.88612376225438" lon="115.1123311493175">
        <ele>96.4</ele>
        <time>2026-09-24T13:15:34Z</time>
        <extensions>
          <gpxtpx:TrackPointExtension>
            <gpxtpx:hr>173</gpxtpx:hr>
          </gpxtpx:TrackPointExtension>
        </extensions>
      </trkpt>
      <trkpt lat="35.88609775574136" lon="115.11231413822397">
        <ele>98.0</ele>
        <time>2026-09-24T13:15:35Z</time>
        <extensions>
          <gpxtpx:TrackPointExtension>
            <gpxtpx:hr>173</gpxtpx:hr>
          </gpxtpx:TrackPointExtension>
        </extensions>
      </trkpt>
      <trkpt lat="35.886077756496924" lon="115.11230813549399">
        <ele>98.0</ele>
        <time>2026-09-24T13:15:36Z</time>
        <extensions>
          <gpxtpx:TrackPointExtension>
            <gpxtpx:hr>173</gpxtpx:hr>
          </gpxtpx:TrackPointExtension>
        </extensions>
      </trkpt>
      <trkpt lat="35.88606176019441" lon="115.11230713642269">
        <ele>98.0</ele>
        <time>2026-09-24T13:15:37Z</time>
        <extensions>
          <gpxtpx:TrackPointExtension>
            <gpxtpx:hr>173</gpxtpx:hr>
          </gpxtpx:TrackPointExtension>
        </extensions>
      </trkpt>
      <trkpt lat="35.88604476498777" lon="115.11230713827955">
        <ele>98.0</ele>
        <time>2026-09-24T13:15:38Z</time>
        <extensions>
          <gpxtpx:TrackPointExtension>
            <gpxtpx:hr>173</gpxtpx:hr>
          </gpxtpx:TrackPointExtension>
        </extensions>
      </trkpt>
      <trkpt lat="35.886028768685634" lon="115.1123061392083">
        <ele>98.0</ele>
        <time>2026-09-24T13:15:39Z</time>
        <extensions>
          <gpxtpx:TrackPointExtension>
            <gpxtpx:hr>173</gpxtpx:hr>
          </gpxtpx:TrackPointExtension>
        </extensions>
      </trkpt>
      <trkpt lat="35.88601377210171" lon="115.11230514002786">
        <ele>98.0</ele>
        <time>2026-09-24T13:15:40Z</time>
        <extensions>
          <gpxtpx:TrackPointExtension>
            <gpxtpx:hr>172</gpxtpx:hr>
          </gpxtpx:TrackPointExtension>
        </extensions>
      </trkpt>
      <trkpt lat="35.88599877470436" lon="115.11230314002871">
        <ele>98.0</ele>
        <time>2026-09-24T13:15:41Z</time>
        <extensions>
          <gpxtpx:TrackPointExtension>
            <gpxtpx:hr>172</gpxtpx:hr>
          </gpxtpx:TrackPointExtension>
        </extensions>
      </trkpt>
      <trkpt lat="35.88598277758933" lon="115.112301140139">
        <ele>98.0</ele>
        <time>2026-09-24T13:15:42Z</time>
        <extensions>
          <gpxtpx:TrackPointExtension>
            <gpxtpx:hr>172</gpxtpx:hr>
          </gpxtpx:TrackPointExtension>
        </extensions>
      </trkpt>
      <trkpt lat="35.88597077934652" lon="115.11229913981255">
        <ele>98.0</ele>
        <time>2026-09-24T13:15:43Z</time>
        <extensions>
          <gpxtpx:TrackPointExtension>
            <gpxtpx:hr>172</gpxtpx:hr>
          </gpxtpx:TrackPointExtension>
        </extensions>
      </trkpt>
      <trkpt lat="35.88595978163532" lon="115.11229814019553">
        <ele>98.0</ele>
        <time>2026-09-24T13:15:44Z</time>
        <extensions>
          <gpxtpx:TrackPointExtension>
            <gpxtpx:hr>172</gpxtpx:hr>
          </gpxtpx:TrackPointExtension>
        </extensions>
      </trkpt>
      <trkpt lat="35.88594878229759" lon="115.11229513894175">
        <ele>96.8</ele>
        <time>2026-09-24T13:15:45Z</time>
        <extensions>
          <gpxtpx:TrackPointExtension>
            <gpxtpx:hr>168</gpxtpx:hr>
          </gpxtpx:TrackPointExtension>
        </extensions>
      </trkpt>
      <trkpt lat="35.88593678242915" lon="115.1122911369794">
        <ele>96.8</ele>
        <time>2026-09-24T13:15:46Z</time>
        <extensions>
          <gpxtpx:TrackPointExtension>
            <gpxtpx:hr>168</gpxtpx:hr>
          </gpxtpx:TrackPointExtension>
        </extensions>
      </trkpt>
      <trkpt lat="35.88592578146638" lon="115.1122861340906">
        <ele>96.8</ele>
        <time>2026-09-24T13:15:47Z</time>
        <extensions>
          <gpxtpx:TrackPointExtension>
            <gpxtpx:hr>168</gpxtpx:hr>
          </gpxtpx:TrackPointExtension>
        </extensions>
      </trkpt>
      <trkpt lat="35.88591678075329" lon="115.11228213180223">
        <ele>96.8</ele>
        <time>2026-09-24T13:15:48Z</time>
        <extensions>
          <gpxtpx:TrackPointExtension>
            <gpxtpx:hr>168</gpxtpx:hr>
          </gpxtpx:TrackPointExtension>
        </extensions>
      </trkpt>
      <trkpt lat="35.885907780040846" lon="115.11227812951459">
        <ele>96.8</ele>
        <time>2026-09-24T13:15:49Z</time>
        <extensions>
          <gpxtpx:TrackPointExtension>
            <gpxtpx:hr>168</gpxtpx:hr>
          </gpxtpx:TrackPointExtension>
        </extensions>
      </trkpt>
      <trkpt lat="35.88589677745581" lon="115.11227112499415">
        <ele>96.8</ele>
        <time>2026-09-24T13:15:50Z</time>
        <extensions>
          <gpxtpx:TrackPointExtension>
            <gpxtpx:hr>163</gpxtpx:hr>
          </gpxtpx:TrackPointExtension>
        </extensions>
      </trkpt>
      <trkpt lat="35.88588577406055" lon="115.11226311965903">
        <ele>96.8</ele>
        <time>2026-09-24T13:15:51Z</time>
        <extensions>
          <gpxtpx:TrackPointExtension>
            <gpxtpx:hr>163</gpxtpx:hr>
          </gpxtpx:TrackPointExtension>
        </extensions>
      </trkpt>
      <trkpt lat="35.8858737709498" lon="115.11225511443608">
        <ele>96.8</ele>
        <time>2026-09-24T13:15:52Z</time>
        <extensions>
          <gpxtpx:TrackPointExtension>
            <gpxtpx:hr>163</gpxtpx:hr>
          </gpxtpx:TrackPointExtension>
        </extensions>
      </trkpt>
      <trkpt lat="35.885860768935125" lon="115.11224811014145">
        <ele>96.8</ele>
        <time>2026-09-24T13:15:53Z</time>
        <extensions>
          <gpxtpx:TrackPointExtension>
            <gpxtpx:hr>163</gpxtpx:hr>
          </gpxtpx:TrackPointExtension>
        </extensions>
      </trkpt>
      <trkpt lat="35.88584976554692" lon="115.11224010481475">
        <ele>96.8</ele>
        <time>2026-09-24T13:15:54Z</time>
        <extensions>
          <gpxtpx:TrackPointExtension>
            <gpxtpx:hr>163</gpxtpx:hr>
          </gpxtpx:TrackPointExtension>
        </extensions>
      </trkpt>
      <trkpt lat="35.88583776325422" lon="115.11223310041571">
        <ele>94.6</ele>
        <time>2026-09-24T13:15:55Z</time>
        <extensions>
          <gpxtpx:TrackPointExtension>
            <gpxtpx:hr>158</gpxtpx:hr>
          </gpxtpx:TrackPointExtension>
        </extensions>
      </trkpt>
      <trkpt lat="35.885826760681326" lon="115.11222609590968">
        <ele>94.6</ele>
        <time>2026-09-24T13:15:56Z</time>
        <extensions>
          <gpxtpx:TrackPointExtension>
            <gpxtpx:hr>158</gpxtpx:hr>
          </gpxtpx:TrackPointExtension>
        </extensions>
      </trkpt>
      <trkpt lat="35.88581575892081" lon="115.11222009222078">
        <ele>94.6</ele>
        <time>2026-09-24T13:15:57Z</time>
        <extensions>
          <gpxtpx:TrackPointExtension>
            <gpxtpx:hr>158</gpxtpx:hr>
          </gpxtpx:TrackPointExtension>
        </extensions>
      </trkpt>
      <trkpt lat="35.88580275610545" lon="115.11221208712278">
        <ele>94.6</ele>
        <time>2026-09-24T13:15:58Z</time>
        <extensions>
          <gpxtpx:TrackPointExtension>
            <gpxtpx:hr>158</gpxtpx:hr>
          </gpxtpx:TrackPointExtension>
        </extensions>
      </trkpt>
      <trkpt lat="35.88578875195493" lon="115.11220208050864">
        <ele>93.0</ele>
        <time>2026-09-24T13:15:59Z</time>
        <extensions>
          <gpxtpx:TrackPointExtension>
            <gpxtpx:hr>158</gpxtpx:hr>
          </gpxtpx:TrackPointExtension>
        </extensions>
      </trkpt>
      <trkpt lat="35.88577374809036" lon="115.1121920740083">
        <ele>93.0</ele>
        <time>2026-09-24T13:16:00Z</time>
        <extensions>
          <gpxtpx:TrackPointExtension>
            <gpxtpx:hr>155</gpxtpx:hr>
          </gpxtpx:TrackPointExtension>
        </extensions>
      </trkpt>
      <trkpt lat="35.88575774532092" lon="115.11218306843497">
        <ele>94.6</ele>
        <time>2026-09-24T13:16:01Z</time>
        <extensions>
          <gpxtpx:TrackPointExtension>
            <gpxtpx:hr>155</gpxtpx:hr>
          </gpxtpx:TrackPointExtension>
        </extensions>
      </trkpt>
      <trkpt lat="35.88574374441692" lon="115.11217706508558">
        <ele>94.6</ele>
        <time>2026-09-24T13:16:02Z</time>
        <extensions>
          <gpxtpx:TrackPointExtension>
            <gpxtpx:hr>155</gpxtpx:hr>
          </gpxtpx:TrackPointExtension>
        </extensions>
      </trkpt>
      <trkpt lat="35.88573074565846" lon="115.11217406406685">
        <ele>94.6</ele>
        <time>2026-09-24T13:16:03Z</time>
        <extensions>
          <gpxtpx:TrackPointExtension>
            <gpxtpx:hr>155</gpxtpx:hr>
          </gpxtpx:TrackPointExtension>
        </extensions>
      </trkpt>
      <trkpt lat="35.88571874742699" lon="115.11217206375203">
        <ele>94.6</ele>
        <time>2026-09-24T13:16:04Z</time>
        <extensions>
          <gpxtpx:TrackPointExtension>
            <gpxtpx:hr>155</gpxtpx:hr>
          </gpxtpx:TrackPointExtension>
        </extensions>
      </trkpt>
      <trkpt lat="35.88570674757852" lon="115.11216806181218">
        <ele>93.2</ele>
        <time>2026-09-24T13:16:05Z</time>
        <extensions>
          <gpxtpx:TrackPointExtension>
            <gpxtpx:hr>152</gpxtpx:hr>
          </gpxtpx:TrackPointExtension>
        </extensions>
      </trkpt>
      <trkpt lat="35.88569374882137" lon="115.11216506079471">
        <ele>93.2</ele>
        <time>2026-09-24T13:16:06Z</time>
        <extensions>
          <gpxtpx:TrackPointExtension>
            <gpxtpx:hr>152</gpxtpx:hr>
          </gpxtpx:TrackPointExtension>
        </extensions>
      </trkpt>
      <trkpt lat="35.885679751963664" lon="115.11216406151149">
        <ele>93.2</ele>
        <time>2026-09-24T13:16:07Z</time>
        <extensions>
          <gpxtpx:TrackPointExtension>
            <gpxtpx:hr>152</gpxtpx:hr>
          </gpxtpx:TrackPointExtension>
        </extensions>
      </trkpt>
      <trkpt lat="35.885666755632336" lon="115.11216406293144">
        <ele>93.2</ele>
        <time>2026-09-24T13:16:08Z</time>
        <extensions>
          <gpxtpx:TrackPointExtension>
            <gpxtpx:hr>152</gpxtpx:hr>
          </gpxtpx:TrackPointExtension>
        </extensions>
      </trkpt>
      <trkpt lat="35.88565475982737" lon="115.11216506505454">
        <ele>93.2</ele>
        <time>2026-09-24T13:16:09Z</time>
        <extensions>
          <gpxtpx:TrackPointExtension>
            <gpxtpx:hr>152</gpxtpx:hr>
          </gpxtpx:TrackPointExtension>
        </extensions>
      </trkpt>
      <trkpt lat="35.8856437629318" lon="115.11216506625603">
        <ele>93.2</ele>
        <time>2026-09-24T13:16:10Z</time>
        <extensions>
          <gpxtpx:TrackPointExtension>
            <gpxtpx:hr>150</gpxtpx:hr>
          </gpxtpx:TrackPointExtension>
        </extensions>
      </trkpt>
      <trkpt lat="35.88563476547185" lon="115.11216506723906">
        <ele>93.2</ele>
        <time>2026-09-24T13:16:11Z</time>
        <extensions>
          <gpxtpx:TrackPointExtension>
            <gpxtpx:hr>150</gpxtpx:hr>
          </gpxtpx:TrackPointExtension>
        </extensions>
      </trkpt>
      <trkpt lat="35.88562577043755" lon="115.11216807065952">
        <ele>93.2</ele>
        <time>2026-09-24T13:16:12Z</time>
        <extensions>
          <gpxtpx:TrackPointExtension>
            <gpxtpx:hr>150</gpxtpx:hr>
          </gpxtpx:TrackPointExtension>
        </extensions>
      </trkpt>
      <trkpt lat="35.88561577649459" lon="115.11217207500233">
        <ele>93.2</ele>
        <time>2026-09-24T13:16:13Z</time>
        <extensions>
          <gpxtpx:TrackPointExtension>
            <gpxtpx:hr>150</gpxtpx:hr>
          </gpxtpx:TrackPointExtension>
        </extensions>
      </trkpt>
      <trkpt lat="35.88560678146117" lon="115.11217507842376">
        <ele>93.2</ele>
        <time>2026-09-24T13:16:14Z</time>
        <extensions>
          <gpxtpx:TrackPointExtension>
            <gpxtpx:hr>150</gpxtpx:hr>
          </gpxtpx:TrackPointExtension>
        </extensions>
      </trkpt>
      <trkpt lat="35.885595786183714" lon="115.11217708125106">
        <ele>91.7</ele>
        <time>2026-09-24T13:16:15Z</time>
        <extensions>
          <gpxtpx:TrackPointExtension>
            <gpxtpx:hr>147</gpxtpx:hr>
          </gpxtpx:TrackPointExtension>
        </extensions>
      </trkpt>
      <trkpt lat="35.88558379037976" lon="115.11217808337476">
        <ele>91.7</ele>
        <time>2026-09-24T13:16:16Z</time>
        <extensions>
          <gpxtpx:TrackPointExtension>
            <gpxtpx:hr>147</gpxtpx:hr>
          </gpxtpx:TrackPointExtension>
        </extensions>
      </trkpt>
      <trkpt lat="35.8855727934847" lon="115.11217808457624">
        <ele>91.7</ele>
        <time>2026-09-24T13:16:17Z</time>
        <extensions>
          <gpxtpx:TrackPointExtension>
            <gpxtpx:hr>147</gpxtpx:hr>
          </gpxtpx:TrackPointExtension>
        </extensions>
      </trkpt>
      <trkpt lat="35.88556479493394" lon="115.11217708463707">
        <ele>91.7</ele>
        <time>2026-09-24T13:16:18Z</time>
        <extensions>
          <gpxtpx:TrackPointExtension>
            <gpxtpx:hr>147</gpxtpx:hr>
          </gpxtpx:TrackPointExtension>
        </extensions>
      </trkpt>
      <trkpt lat="35.88555479694783" lon="115.1121760849164">
        <ele>91.7</ele>
        <time>2026-09-24T13:16:19Z</time>
        <extensions>
          <gpxtpx:TrackPointExtension>
            <gpxtpx:hr>147</gpxtpx:hr>
          </gpxtpx:TrackPointExtension>
        </extensions>
      </trkpt>
      <trkpt lat="35.885544796535434" lon="115.11217208275737">
        <ele>91.7</ele>
        <time>2026-09-24T13:16:20Z</time>
        <extensions>
          <gpxtpx:TrackPointExtension>
            <gpxtpx:hr>146</gpxtpx:hr>
          </gpxtpx:TrackPointExtension>
        </extensions>
      </trkpt>
      <trkpt lat="35.88553579503284" lon="115.11216707967733">
        <ele>91.7</ele>
        <time>2026-09-24T13:16:21Z</time>
        <extensions>
          <gpxtpx:TrackPointExtension>
            <gpxtpx:hr>146</gpxtpx:hr>
          </gpxtpx:TrackPointExtension>
        </extensions>
      </trkpt>
      <trkpt lat="35.885524794095815" lon="115.1121620768169">
        <ele>91.7</ele>
        <time>2026-09-24T13:16:22Z</time>
        <extensions>
          <gpxtpx:TrackPointExtension>
            <gpxtpx:hr>146</gpxtpx:hr>
          </gpxtpx:TrackPointExtension>
        </extensions>
      </trkpt>
      <trkpt lat="35.88551379235164" lon="115.11215607314558">
        <ele>91.7</ele>
        <time>2026-09-24T13:16:23Z</time>
        <extensions>
          <gpxtpx:TrackPointExtension>
            <gpxtpx:hr>146</gpxtpx:hr>
          </gpxtpx:TrackPointExtension>
        </extensions>
      </trkpt>
      <trkpt lat="35.885502791416805" lon="115.11215107028767">
        <ele>91.7</ele>
        <time>2026-09-24T13:16:24Z</time>
        <extensions>
          <gpxtpx:TrackPointExtension>
            <gpxtpx:hr>146</gpxtpx:hr>
          </gpxtpx:TrackPointExtension>
        </extensions>
      </trkpt>
      <trkpt lat="35.885491788867505" lon="115.11214406580791">
        <ele>89.7</ele>
        <time>2026-09-24T13:16:25Z</time>
        <extensions>
          <gpxtpx:TrackPointExtension>
            <gpxtpx:hr>146</gpxtpx:hr>
          </gpxtpx:TrackPointExtension>
        </extensions>
      </trkpt>
      <trkpt lat="35.885482786562896" lon="115.11213806192309">
        <ele>89.7</ele>
        <time>2026-09-24T13:16:26Z</time>
        <extensions>
          <gpxtpx:TrackPointExtension>
            <gpxtpx:hr>146</gpxtpx:hr>
          </gpxtpx:TrackPointExtension>
        </extensions>
      </trkpt>
      <trkpt lat="35.88547578450229" lon="115.1121330586324">
        <ele>89.7</ele>
        <time>2026-09-24T13:16:27Z</time>
        <extensions>
          <gpxtpx:TrackPointExtension>
            <gpxtpx:hr>146</gpxtpx:hr>
          </gpxtpx:TrackPointExtension>
        </extensions>
      </trkpt>
      <trkpt lat="35.88546678220021" lon="115.1121270547506">
        <ele>89.7</ele>
        <time>2026-09-24T13:16:28Z</time>
        <extensions>
          <gpxtpx:TrackPointExtension>
            <gpxtpx:hr>146</gpxtpx:hr>
          </gpxtpx:TrackPointExtension>
        </extensions>
      </trkpt>
      <trkpt lat="35.885457781513296" lon="115.11212305249133">
        <ele>89.7</ele>
        <time>2026-09-24T13:16:29Z</time>
        <extensions>
          <gpxtpx:TrackPointExtension>
            <gpxtpx:hr>146</gpxtpx:hr>
          </gpxtpx:TrackPointExtension>
        </extensions>
      </trkpt>
      <trkpt lat="35.88544978135147" lon="115.11212005093388">
        <ele>89.7</ele>
        <time>2026-09-24T13:16:30Z</time>
        <extensions>
          <gpxtpx:TrackPointExtension>
            <gpxtpx:hr>139</gpxtpx:hr>
          </gpxtpx:TrackPointExtension>
        </extensions>
      </trkpt>
      <trkpt lat="35.88543978175473" lon="115.11211704959531">
        <ele>89.7</ele>
        <time>2026-09-24T13:16:31Z</time>
        <extensions>
          <gpxtpx:TrackPointExtension>
            <gpxtpx:hr>139</gpxtpx:hr>
          </gpxtpx:TrackPointExtension>
        </extensions>
      </trkpt>
      <trkpt lat="35.88542778433636" lon="115.11211605009584">
        <ele>89.7</ele>
        <time>2026-09-24T13:16:32Z</time>
        <extensions>
          <gpxtpx:TrackPointExtension>
            <gpxtpx:hr>139</gpxtpx:hr>
          </gpxtpx:TrackPointExtension>
        </extensions>
      </trkpt>
      <trkpt lat="35.88541578691812" lon="115.1121150505964">
        <ele>89.7</ele>
        <time>2026-09-24T13:16:33Z</time>
        <extensions>
          <gpxtpx:TrackPointExtension>
            <gpxtpx:hr>139</gpxtpx:hr>
          </gpxtpx:TrackPointExtension>
        </extensions>
      </trkpt>
      <trkpt lat="35.885404789217624" lon="115.1121140509878">
        <ele>89.7</ele>
        <time>2026-09-24T13:16:34Z</time>
        <extensions>
          <gpxtpx:TrackPointExtension>
            <gpxtpx:hr>139</gpxtpx:hr>
          </gpxtpx:TrackPointExtension>
        </extensions>
      </trkpt>
      <trkpt lat="35.88539679228328" lon="115.11211505267168">
        <ele>87.7</ele>
        <time>2026-09-24T13:16:35Z</time>
        <extensions>
          <gpxtpx:TrackPointExtension>
            <gpxtpx:hr>139</gpxtpx:hr>
          </gpxtpx:TrackPointExtension>
        </extensions>
      </trkpt>
      <trkpt lat="35.88538679591379" lon="115.11211605457409">
        <ele>87.7</ele>
        <time>2026-09-24T13:16:36Z</time>
        <extensions>
          <gpxtpx:TrackPointExtension>
            <gpxtpx:hr>139</gpxtpx:hr>
          </gpxtpx:TrackPointExtension>
        </extensions>
      </trkpt>
      <trkpt lat="35.88537079881885" lon="115.11211405470146">
        <ele>87.7</ele>
        <time>2026-09-24T13:16:37Z</time>
        <extensions>
          <gpxtpx:TrackPointExtension>
            <gpxtpx:hr>139</gpxtpx:hr>
          </gpxtpx:TrackPointExtension>
        </extensions>
      </trkpt>
      <trkpt lat="35.885354802530756" lon="115.11211305563903">
        <ele>87.7</ele>
        <time>2026-09-24T13:16:38Z</time>
        <extensions>
          <gpxtpx:TrackPointExtension>
            <gpxtpx:hr>139</gpxtpx:hr>
          </gpxtpx:TrackPointExtension>
        </extensions>
      </trkpt>
      <trkpt lat="35.88533780652529" lon="115.11211205668585">
        <ele>87.7</ele>
        <time>2026-09-24T13:16:39Z</time>
        <extensions>
          <gpxtpx:TrackPointExtension>
            <gpxtpx:hr>139</gpxtpx:hr>
          </gpxtpx:TrackPointExtension>
        </extensions>
      </trkpt>
      <trkpt lat="35.885323808059866" lon="115.11210905578527">
        <ele>87.7</ele>
        <time>2026-09-24T13:16:40Z</time>
        <extensions>
          <gpxtpx:TrackPointExtension>
            <gpxtpx:hr>138</gpxtpx:hr>
          </gpxtpx:TrackPointExtension>
        </extensions>
      </trkpt>
      <trkpt lat="35.88531080769995" lon="115.11210405315657">
        <ele>87.7</ele>
        <time>2026-09-24T13:16:41Z</time>
        <extensions>
          <gpxtpx:TrackPointExtension>
            <gpxtpx:hr>138</gpxtpx:hr>
          </gpxtpx:TrackPointExtension>
        </extensions>
      </trkpt>
      <trkpt lat="35.88529480657642" lon="115.112097049238">
        <ele>87.7</ele>
        <time>2026-09-24T13:16:42Z</time>
        <extensions>
          <gpxtpx:TrackPointExtension>
            <gpxtpx:hr>138</gpxtpx:hr>
          </gpxtpx:TrackPointExtension>
        </extensions>
      </trkpt>
      <trkpt lat="35.885278806260594" lon="115.11209104613069">
        <ele>87.7</ele>
        <time>2026-09-24T13:16:43Z</time>
        <extensions>
          <gpxtpx:TrackPointExtension>
            <gpxtpx:hr>138</gpxtpx:hr>
          </gpxtpx:TrackPointExtension>
        </extensions>
      </trkpt>
      <trkpt lat="35.88526380727489" lon="115.11208704453337">
        <ele>87.7</ele>
        <time>2026-09-24T13:16:44Z</time>
        <extensions>
          <gpxtpx:TrackPointExtension>
            <gpxtpx:hr>138</gpxtpx:hr>
          </gpxtpx:TrackPointExtension>
        </extensions>
      </trkpt>
      <trkpt lat="35.885250810141464" lon="115.11208604514448">
        <ele>85.6</ele>
        <time>2026-09-24T13:16:45Z</time>
        <extensions>
          <gpxtpx:TrackPointExtension>
            <gpxtpx:hr>137</gpxtpx:hr>
          </gpxtpx:TrackPointExtension>
        </extensions>
      </trkpt>
      <trkpt lat="35.8852388143368" lon="115.112087047264">
        <ele>85.6</ele>
        <time>2026-09-24T13:16:46Z</time>
        <extensions>
          <gpxtpx:TrackPointExtension>
            <gpxtpx:hr>137</gpxtpx:hr>
          </gpxtpx:TrackPointExtension>
        </extensions>
      </trkpt>
      <trkpt lat="35.88522881877294" lon="115.11208904997399">
        <ele>85.6</ele>
        <time>2026-09-24T13:16:47Z</time>
        <extensions>
          <gpxtpx:TrackPointExtension>
            <gpxtpx:hr>137</gpxtpx:hr>
          </gpxtpx:TrackPointExtension>
        </extensions>
      </trkpt>
      <trkpt lat="35.88522082345004" lon="115.11209205327478">
        <ele>85.6</ele>
        <time>2026-09-24T13:16:48Z</time>
        <extensions>
          <gpxtpx:TrackPointExtension>
            <gpxtpx:hr>137</gpxtpx:hr>
          </gpxtpx:TrackPointExtension>
        </extensions>
      </trkpt>
      <trkpt lat="35.88521482836842" lon="115.11209605716675">
        <ele>85.6</ele>
        <time>2026-09-24T13:16:49Z</time>
        <extensions>
          <gpxtpx:TrackPointExtension>
            <gpxtpx:hr>137</gpxtpx:hr>
          </gpxtpx:TrackPointExtension>
        </extensions>
      </trkpt>
      <trkpt lat="35.8852088357058" lon="115.11210306348794">
        <ele>85.6</ele>
        <time>2026-09-24T13:16:50Z</time>
        <extensions>
          <gpxtpx:TrackPointExtension>
            <gpxtpx:hr>136</gpxtpx:hr>
          </gpxtpx:TrackPointExtension>
        </extensions>
      </trkpt>
      <trkpt lat="35.88520384034335" lon="115.11210706727269">
        <ele>85.6</ele>
        <time>2026-09-24T13:16:51Z</time>
        <extensions>
          <gpxtpx:TrackPointExtension>
            <gpxtpx:hr>136</gpxtpx:hr>
          </gpxtpx:TrackPointExtension>
        </extensions>
      </trkpt>
      <trkpt lat="35.88519784849023" lon="115.11211507440748">
        <ele>85.6</ele>
        <time>2026-09-24T13:16:52Z</time>
        <extensions>
          <gpxtpx:TrackPointExtension>
            <gpxtpx:hr>136</gpxtpx:hr>
          </gpxtpx:TrackPointExtension>
        </extensions>
      </trkpt>
      <trkpt lat="35.88518986204673" lon="115.11212908662738">
        <ele>85.6</ele>
        <time>2026-09-24T13:16:53Z</time>
        <extensions>
          <gpxtpx:TrackPointExtension>
            <gpxtpx:hr>136</gpxtpx:hr>
          </gpxtpx:TrackPointExtension>
        </extensions>
      </trkpt>
      <trkpt lat="35.885185870442605" lon="115.11213809436295">
        <ele>85.6</ele>
        <time>2026-09-24T13:16:54Z</time>
        <extensions>
          <gpxtpx:TrackPointExtension>
            <gpxtpx:hr>136</gpxtpx:hr>
          </gpxtpx:TrackPointExtension>
        </extensions>
      </trkpt>
      <trkpt lat="35.88518387908427" lon="115.11214810269537">
        <ele>84.2</ele>
        <time>2026-09-24T13:16:55Z</time>
        <extensions>
          <gpxtpx:TrackPointExtension>
            <gpxtpx:hr>136</gpxtpx:hr>
          </gpxtpx:TrackPointExtension>
        </extensions>
      </trkpt>
      <trkpt lat="35.88518189096282" lon="115.11216211428106">
        <ele>84.2</ele>
        <time>2026-09-24T13:16:56Z</time>
        <extensions>
          <gpxtpx:TrackPointExtension>
            <gpxtpx:hr>136</gpxtpx:hr>
          </gpxtpx:TrackPointExtension>
        </extensions>
      </trkpt>
      <trkpt lat="35.88517990284861" lon="115.11217612587573">
        <ele>84.2</ele>
        <time>2026-09-24T13:16:57Z</time>
        <extensions>
          <gpxtpx:TrackPointExtension>
            <gpxtpx:hr>136</gpxtpx:hr>
          </gpxtpx:TrackPointExtension>
        </extensions>
      </trkpt>
      <trkpt lat="35.8851789096034" lon="115.11218413248967">
        <ele>84.2</ele>
        <time>2026-09-24T13:16:58Z</time>
        <extensions>
          <gpxtpx:TrackPointExtension>
            <gpxtpx:hr>136</gpxtpx:hr>
          </gpxtpx:TrackPointExtension>
        </extensions>
      </trkpt>
    </trkseg>
  </trk>
</gpx>