<?xml version="1.0" encoding="UTF-8"?>
<gpx xmlns="http://www.topografix.com/GPX/1/1" xmlns:gpxtpx="http://www.garmin.com/xmlschemas/TrackPointExtension/v1" xmlns:xsi="http://www.w3.org/2001/XMLSchema-instance" xsi:schemaLocation="http://www.topografix.com/GPX/1/1 http://www.topografix.com/GPX/1/1/gpx.xsd" version="1.1" creator="gpx.py -- https://github.com/tkrajina/gpxpy">
  <trk>
    <name>gpx from keep</name>
    <type>Run</type>
    <trkseg>
      <trkpt lat="34.81090713238306" lon="113.52556864880832">
        <ele>91.6076889038086</ele>
        <time>2021-11-13T01:14:02Z</time>
      </trkpt>
      <trkpt lat="34.810581082031334" lon="113.52554663413672">
        <ele>87.81901550292969</ele>
        <time>2021-11-13T01:14:11Z</time>
      </trkpt>
      <trkpt lat="34.810224998843566" lon="113.52554258869004">
        <ele>83.6678695678711</ele>
        <time>2021-11-13T01:14:23Z</time>
      </trkpt>
      <trkpt lat="34.809888129374265" lon="113.52552846932653">
        <ele>86.13993072509766</ele>
        <time>2021-11-13T01:14:35Z</time>
      </trkpt>
      <trkpt lat="34.80981093979812" lon="113.52554426585874">
        <ele>85.80208587646484</ele>
        <time>2021-11-13T01:14:38Z</time>
      </trkpt>
      <trkpt lat="34.80973814364561" lon="113.52558238335607">
        <ele>85.17865753173828</ele>
        <time>2021-11-13T01:14:41Z</time>
      </trkpt>
      <trkpt lat="34.809634961050236" lon="113.52571142281492">
        <ele>84.15441131591797</ele>
        <time>2021-11-13T01:14:47Z</time>
      </trkpt>
      <trkpt lat="34.80960213347953" lon="113.52580152820774">
        <ele>83.92280578613281</ele>
        <time>2021-11-13T01:14:50Z</time>
      </trkpt>
      <trkpt lat="34.80958618828684" lon="113.52602855302092">
        <ele>83.34406280517578</ele>
        <time>2021-11-13T01:14:56Z</time>
      </trkpt>
      <trkpt lat="34.80964008015165" lon="113.5262261705453">
        <ele>84.2151107788086</ele>
        <time>2021-11-13T01:15:02Z</time>
      </trkpt>
      <trkpt lat="34.809765874753495" lon="113.52635436672544">
        <ele>84.91726684570312</ele>
        <time>2021-11-13T01:15:08Z</time>
      </trkpt>
      <trkpt lat="34.80983587305877" lon="113.52638729628133">
        <ele>85.00372314453125</ele>
        <time>2021-11-13T01:15:11Z</time>
      </trkpt>
      <trkpt lat="34.81012800129594" lon="113.5263902595938">
        <ele>85.83287811279297</ele>
        <time>2021-11-13T01:15:23Z</time>
      </trkpt>
      <trkpt lat="34.81045401011424" lon="113.52639621358368">
        <ele>86.78067016601562</ele>
        <time>2021-11-13T01:15:35Z</time>
      </trkpt>
      <trkpt lat="34.8107001044914" lon="113.52641224766698">
        <ele>86.84907531738281</ele>
        <time>2021-11-13T01:15:44Z</time>
      </trkpt>
      <trkpt lat="34.81078104974427" lon="113.52638147978902">
        <ele>87.43460845947266</ele>
        <time>2021-11-13T01:15:47Z</time>
      </trkpt>
      <trkpt lat="34.81092085565353" lon="113.52626741033633">
        <ele>87.411376953125</ele>
        <time>2021-11-13T01:15:53Z</time>
      </trkpt>
      <trkpt lat="34.810964838636465" lon="113.52619445406214">
        <ele>86.725830078125</ele>
        <time>2021-11-13T01:15:56Z</time>
      </trkpt>
      <trkpt lat="34.81101807416908" lon="113.52603139556356">
        <ele>85.48695373535156</ele>
        <time>2021-11-13T01:16:02Z</time>
      </trkpt>
      <trkpt lat="34.810996089377255" lon="113.52580736909634">
        <ele>84.28579711914062</ele>
        <time>2021-11-13T01:16:08Z</time>
      </trkpt>
      <trkpt lat="34.81090195744476" lon="113.52566337924551">
        <ele>83.44296264648438</ele>
        <time>2021-11-13T01:16:14Z</time>
      </trkpt>
      <trkpt lat="34.81073910914862" lon="113.52556349457822">
        <ele>82.93290710449219</ele>
        <time>2021-11-13T01:16:20Z</time>
      </trkpt>
      <trkpt lat="34.810649362181586" lon="113.52554363255707">
        <ele>82.70222473144531</ele>
        <time>2021-11-13T01:16:23Z</time>
      </trkpt>
      <trkpt lat="34.81054620464293" lon="113.52557739787336">
        <ele>82.55794525146484</ele>
        <time>2021-11-13T01:16:26Z</time>
      </trkpt>
      <trkpt lat="34.81047024406254" lon="113.52554446818317">
        <ele>82.60327911376953</ele>
        <time>2021-11-13T01:16:29Z</time>
      </trkpt>
      <trkpt lat="34.81016321172685" lon="113.52554150638815">
        <ele>83.55340576171875</ele>
        <time>2021-11-13T01:16:41Z</time>
      </trkpt>
      <trkpt lat="34.81003688682459" lon="113.52552355372354">
        <ele>83.25592803955078</ele>
        <time>2021-11-13T01:16:47Z</time>
      </trkpt>
      <trkpt lat="34.8099632284937" lon="113.52554261643854">
        <ele>82.43201446533203</ele>
        <time>2021-11-13T01:16:50Z</time>
      </trkpt>
      <trkpt lat="34.80989028457534" lon="113.52552356926388">
        <ele>82.49524688720703</ele>
        <time>2021-11-13T01:16:53Z</time>
      </trkpt>
      <trkpt lat="34.809727972856685" lon="113.52563138266301">
        <ele>82.42109680175781</ele>
        <time>2021-11-13T01:16:59Z</time>
      </trkpt>
      <trkpt lat="34.80966799508641" lon="113.52570134748397">
        <ele>82.16508483886719</ele>
        <time>2021-11-13T01:17:02Z</time>
      </trkpt>
      <trkpt lat="34.80959988550069" lon="113.5258755697233">
        <ele>81.87503051757812</ele>
        <time>2021-11-13T01:17:08Z</time>
      </trkpt>
      <trkpt lat="34.809600990872596" lon="113.52609442598947">
        <ele>81.82268524169922</ele>
        <time>2021-11-13T01:17:14Z</time>
      </trkpt>
      <trkpt lat="34.80974014594823" lon="113.52636008578837">
        <ele>84.20696258544922</ele>
        <time>2021-11-13T01:17:23Z</time>
      </trkpt>
      <trkpt lat="34.810027202998945" lon="113.52639326454376">
        <ele>85.11553955078125</ele>
        <time>2021-11-13T01:17:32Z</time>
      </trkpt>
      <trkpt lat="34.81025677512033" lon="113.52641229464636">
        <ele>85.1012191772461</ele>
        <time>2021-11-13T01:17:41Z</time>
      </trkpt>
      <trkpt lat="34.81049573881601" lon="113.52639512033687">
        <ele>87.03744506835938</ele>
        <time>2021-11-13T01:17:50Z</time>
      </trkpt>
      <trkpt lat="34.810720970234556" lon="113.52641224545583">
        <ele>87.27088928222656</ele>
        <time>2021-11-13T01:17:59Z</time>
      </trkpt>
      <trkpt lat="34.81080217320703" lon="113.5263763056301">
        <ele>87.45747375488281</ele>
        <time>2021-11-13T01:18:02Z</time>
      </trkpt>
      <trkpt lat="34.810934071649896" lon="113.5262431824844">
        <ele>87.17204284667969</ele>
        <time>2021-11-13T01:18:08Z</time>
      </trkpt>
      <trkpt lat="34.81097804759285" lon="113.5261675040796">
        <ele>86.79425048828125</ele>
        <time>2021-11-13T01:18:11Z</time>
      </trkpt>
      <trkpt lat="34.811005188102406" lon="113.52607848906864">
        <ele>86.36943817138672</ele>
        <time>2021-11-13T01:18:14Z</time>
      </trkpt>
      <trkpt lat="34.810985141853976" lon="113.5258705231135">
        <ele>85.91398620605469</ele>
        <time>2021-11-13T01:18:20Z</time>
      </trkpt>
      <trkpt lat="34.81095888739371" lon="113.52577742983485">
        <ele>85.68174743652344</ele>
        <time>2021-11-13T01:18:23Z</time>
      </trkpt>
      <trkpt lat="34.81090717852686" lon="113.52569141651234">
        <ele>85.77216339111328</ele>
        <time>2021-11-13T01:18:26Z</time>
      </trkpt>
      <trkpt lat="34.81082921500439" lon="113.52561738310573">
        <ele>85.73372650146484</ele>
        <time>2021-11-13T01:18:29Z</time>
      </trkpt>
      <trkpt lat="34.81074209981944" lon="113.52556730523919">
        <ele>84.832763671875</ele>
        <time>2021-11-13T01:18:32Z</time>
      </trkpt>
      <trkpt lat="34.81040219899473" lon="113.52553358687966">
        <ele>82.89713287353516</ele>
        <time>2021-11-13T01:18:44Z</time>
      </trkpt>
      <trkpt lat="34.810096255505" lon="113.52553253045915">
        <ele>82.58354949951172</ele>
        <time>2021-11-13T01:18:56Z</time>
      </trkpt>
      <trkpt lat="34.80981413811434" lon="113.52552357733562">
        <ele>85.4356460571289</ele>
        <time>2021-11-13T01:19:05Z</time>
      </trkpt>
      <trkpt lat="34.80970128491439" lon="113.52558048177504">
        <ele>85.1624755859375</ele>
        <time>2021-11-13T01:19:11Z</time>
      </trkpt>
      <trkpt lat="34.80964728434324" lon="113.52565643472848">
        <ele>84.61957550048828</ele>
        <time>2021-11-13T01:19:14Z</time>
      </trkpt>
      <trkpt lat="34.809584037221896" lon="113.52582466804179">
        <ele>83.9033203125</ele>
        <time>2021-11-13T01:19:20Z</time>
      </trkpt>
      <trkpt lat="34.80958920483046" lon="113.52604243536207">
        <ele>83.89897155761719</ele>
        <time>2021-11-13T01:19:26Z</time>
      </trkpt>
      <trkpt lat="34.80965308737827" lon="113.52622616916689">
        <ele>84.1446533203125</ele>
        <time>2021-11-13T01:19:32Z</time>
      </trkpt>
      <trkpt lat="34.809749027667614" lon="113.52633640287554">
        <ele>84.33267211914062</ele>
        <time>2021-11-13T01:19:38Z</time>
      </trkpt>
      <trkpt lat="34.80981795741132" lon="113.5263753211022">
        <ele>84.80725860595703</ele>
        <time>2021-11-13T01:19:41Z</time>
      </trkpt>
      <trkpt lat="34.81011904068303" lon="113.52638318318033">
        <ele>86.55065155029297</ele>
        <time>2021-11-13T01:19:53Z</time>
      </trkpt>
      <trkpt lat="34.810406066930426" lon="113.52640438484914">
        <ele>86.620361328125</ele>
        <time>2021-11-13T01:20:05Z</time>
      </trkpt>
      <trkpt lat="34.81063104481911" lon="113.52642831513974">
        <ele>86.90637969970703</ele>
        <time>2021-11-13T01:20:14Z</time>
      </trkpt>
      <trkpt lat="34.810712856075696" lon="113.52641823484878">
        <ele>86.90910339355469</ele>
        <time>2021-11-13T01:20:17Z</time>
      </trkpt>
      <trkpt lat="34.81079215518821" lon="113.52637957316787">
        <ele>87.1891860961914</ele>
        <time>2021-11-13T01:20:20Z</time>
      </trkpt>
      <trkpt lat="34.810927016289526" lon="113.52623937232809">
        <ele>87.47940826416016</ele>
        <time>2021-11-13T01:20:26Z</time>
      </trkpt>
      <trkpt lat="34.810964212038485" lon="113.52616151696914">
        <ele>87.02448272705078</ele>
        <time>2021-11-13T01:20:29Z</time>
      </trkpt>
      <trkpt lat="34.81100004772484" lon="113.52597641119584">
        <ele>86.21353149414062</ele>
        <time>2021-11-13T01:20:35Z</time>
      </trkpt>
      <trkpt lat="34.810973012244105" lon="113.52579049446652">
        <ele>86.12847900390625</ele>
        <time>2021-11-13T01:20:41Z</time>
      </trkpt>
      <trkpt lat="34.810929954504196" lon="113.52569658612072">
        <ele>86.16402435302734</ele>
        <time>2021-11-13T01:20:44Z</time>
      </trkpt>
      <trkpt lat="34.81079010825086" lon="113.52558444954597">
        <ele>85.00299835205078</ele>
        <time>2021-11-13T01:20:50Z</time>
      </trkpt>
      <trkpt lat="34.81070032470739" lon="113.52555043247617">
        <ele>84.49006652832031</ele>
        <time>2021-11-13T01:20:53Z</time>
      </trkpt>
      <trkpt lat="34.81037621270687" lon="113.52554447815092">
        <ele>84.14932250976562</ele>
        <time>2021-11-13T01:21:05Z</time>
      </trkpt>
      <trkpt lat="34.810072974123365" lon="113.52554151595363">
        <ele>82.92547607421875</ele>
        <time>2021-11-13T01:21:17Z</time>
      </trkpt>
      <trkpt lat="34.80992115843102" lon="113.52551648845167">
        <ele>83.34912872314453</ele>
        <time>2021-11-13T01:21:23Z</time>
      </trkpt>
      <trkpt lat="34.809772215143646" lon="113.5255543418383">
        <ele>85.85255432128906</ele>
        <time>2021-11-13T01:21:29Z</time>
      </trkpt>
      <trkpt lat="34.80970812422566" lon="113.52560552459914">
        <ele>85.55992889404297</ele>
        <time>2021-11-13T01:21:32Z</time>
      </trkpt>
      <trkpt lat="34.8096622278214" lon="113.52567167701305">
        <ele>85.3064193725586</ele>
        <time>2021-11-13T01:21:35Z</time>
      </trkpt>
      <trkpt lat="34.80959797809072" lon="113.52587148677088">
        <ele>84.81389617919922</ele>
        <time>2021-11-13T01:21:41Z</time>
      </trkpt>
      <trkpt lat="34.80960198939398" lon="113.5260612164218">
        <ele>84.94689178466797</ele>
        <time>2021-11-13T01:21:47Z</time>
      </trkpt>
      <trkpt lat="34.80962202597842" lon="113.5261602981722">
        <ele>85.11393737792969</ele>
        <time>2021-11-13T01:21:50Z</time>
      </trkpt>
      <trkpt lat="34.80973706596596" lon="113.52632143277332">
        <ele>85.0532455444336</ele>
        <time>2021-11-13T01:21:56Z</time>
      </trkpt>
      <trkpt lat="34.80987599681504" lon="113.5263943693916">
        <ele>85.42013549804688</ele>
        <time>2021-11-13T01:22:02Z</time>
      </trkpt>
      <trkpt lat="34.80993800325331" lon="113.52637530838115">
        <ele>85.17108154296875</ele>
        <time>2021-11-13T01:22:05Z</time>
      </trkpt>
      <trkpt lat="34.8100849379041" lon="113.52639924696196">
        <ele>84.91898345947266</ele>
        <time>2021-11-13T01:22:11Z</time>
      </trkpt>
      <trkpt lat="34.8104228393079" lon="113.52639322261854">
        <ele>84.62615203857422</ele>
        <time>2021-11-13T01:22:23Z</time>
      </trkpt>
      <trkpt lat="34.81070199090975" lon="113.52640816437574">
        <ele>85.9744873046875</ele>
        <time>2021-11-13T01:22:35Z</time>
      </trkpt>
      <trkpt lat="34.81078295710009" lon="113.52638556268143">
        <ele>86.04521179199219</ele>
        <time>2021-11-13T01:22:38Z</time>
      </trkpt>
      <trkpt lat="34.81086412303493" lon="113.52633519588018">
        <ele>85.99193572998047</ele>
        <time>2021-11-13T01:22:41Z</time>
      </trkpt>
      <trkpt lat="34.810929232385504" lon="113.52625815440176">
        <ele>85.81770324707031</ele>
        <time>2021-11-13T01:22:44Z</time>
      </trkpt>
      <trkpt lat="34.81100304823637" lon="113.52608937764224">
        <ele>85.88101959228516</ele>
        <time>2021-11-13T01:22:50Z</time>
      </trkpt>
      <trkpt lat="34.811024217121584" lon="113.52599655213237">
        <ele>85.28009033203125</ele>
        <time>2021-11-13T01:22:53Z</time>
      </trkpt>
      <trkpt lat="34.81098904099523" lon="113.52580628100009">
        <ele>84.42843627929688</ele>
        <time>2021-11-13T01:22:59Z</time>
      </trkpt>
      <trkpt lat="34.810954126150925" lon="113.525717543853">
        <ele>84.00323486328125</ele>
        <time>2021-11-13T01:23:02Z</time>
      </trkpt>
      <trkpt lat="34.810888354834006" lon="113.52564269257266">
        <ele>83.89445495605469</ele>
        <time>2021-11-13T01:23:05Z</time>
      </trkpt>
      <trkpt lat="34.81071303771703" lon="113.52554144810397">
        <ele>84.4163589477539</ele>
        <time>2021-11-13T01:23:11Z</time>
      </trkpt>
      <trkpt lat="34.81055997907925" lon="113.52555970258848">
        <ele>83.54669189453125</ele>
        <time>2021-11-13T01:23:17Z</time>
      </trkpt>
      <trkpt lat="34.81027106115788" lon="113.52554067831701">
        <ele>84.37757873535156</ele>
        <time>2021-11-13T01:23:29Z</time>
      </trkpt>
      <trkpt lat="34.809979198240974" lon="113.52553553721005">
        <ele>83.70321655273438</ele>
        <time>2021-11-13T01:23:41Z</time>
      </trkpt>
      <trkpt lat="34.809839357913" lon="113.52553065220029">
        <ele>83.62832641601562</ele>
        <time>2021-11-13T01:23:47Z</time>
      </trkpt>
      <trkpt lat="34.809721980270794" lon="113.5256194059597">
        <ele>83.64077758789062</ele>
        <time>2021-11-13T01:23:53Z</time>
      </trkpt>
      <trkpt lat="34.80961589398126" lon="113.52577838881786">
        <ele>83.23638916015625</ele>
        <time>2021-11-13T01:23:59Z</time>
      </trkpt>
      <trkpt lat="34.80957597339307" lon="113.52595532978091">
        <ele>83.7038803100586</ele>
        <time>2021-11-13T01:24:05Z</time>
      </trkpt>
      <trkpt lat="34.80960921067427" lon="113.52612954000645">
        <ele>85.06407928466797</ele>
        <time>2021-11-13T01:24:11Z</time>
      </trkpt>
      <trkpt lat="34.809691164903896" lon="113.52628060659582">
        <ele>85.98381042480469</ele>
        <time>2021-11-13T01:24:17Z</time>
      </trkpt>
      <trkpt lat="34.80981009329493" lon="113.5263731442846">
        <ele>86.04969787597656</ele>
        <time>2021-11-13T01:24:23Z</time>
      </trkpt>
      <trkpt lat="34.80994483717811" lon="113.52639844518961">
        <ele>85.9653091430664</ele>
        <time>2021-11-13T01:24:29Z</time>
      </trkpt>
      <trkpt lat="34.810014973129704" lon="113.52637938331989">
        <ele>86.10968780517578</ele>
        <time>2021-11-13T01:24:32Z</time>
      </trkpt>
      <trkpt lat="34.81009415903013" lon="113.52640224025255">
        <ele>86.81454467773438</ele>
        <time>2021-11-13T01:24:35Z</time>
      </trkpt>
      <trkpt lat="34.810383045873856" lon="113.52640928699871">
        <ele>87.18418884277344</ele>
        <time>2021-11-13T01:24:47Z</time>
      </trkpt>
      <trkpt lat="34.810675997410705" lon="113.52641633331247">
        <ele>88.14352416992188</ele>
        <time>2021-11-13T01:24:59Z</time>
      </trkpt>
      <trkpt lat="34.81075183445916" lon="113.52640135394046">
        <ele>87.7574691772461</ele>
        <time>2021-11-13T01:25:02Z</time>
      </trkpt>
      <trkpt lat="34.81086921864457" lon="113.52631450762586">
        <ele>88.12892150878906</ele>
        <time>2021-11-13T01:25:08Z</time>
      </trkpt>
      <trkpt lat="34.81096610402704" lon="113.52615961131217">
        <ele>88.0647201538086</ele>
        <time>2021-11-13T01:25:14Z</time>
      </trkpt>
      <trkpt lat="34.81099812922586" lon="113.52607331785086">
        <ele>87.33177947998047</ele>
        <time>2021-11-13T01:25:17Z</time>
      </trkpt>
      <trkpt lat="34.811006066514906" lon="113.52589338655692">
        <ele>85.908203125</ele>
        <time>2021-11-13T01:25:23Z</time>
      </trkpt>
      <trkpt lat="34.810943041113475" lon="113.52572734464192">
        <ele>85.94451904296875</ele>
        <time>2021-11-13T01:25:29Z</time>
      </trkpt>
      <trkpt lat="34.81080122139482" lon="113.52558553721818">
        <ele>86.42467498779297</ele>
        <time>2021-11-13T01:25:35Z</time>
      </trkpt>
      <trkpt lat="34.81064420011991" lon="113.52553846105914">
        <ele>86.04877471923828</ele>
        <time>2021-11-13T01:25:41Z</time>
      </trkpt>
      <trkpt lat="34.8105520790337" lon="113.52554364286962">
        <ele>86.14136505126953</ele>
        <time>2021-11-13T01:25:44Z</time>
      </trkpt>
      <trkpt lat="34.810476159253355" lon="113.52552650150187">
        <ele>85.83493041992188</ele>
        <time>2021-11-13T01:25:47Z</time>
      </trkpt>
      <trkpt lat="34.81016510368695" lon="113.5255396006973">
        <ele>85.5723876953125</ele>
        <time>2021-11-13T01:25:59Z</time>
      </trkpt>
      <trkpt lat="34.809860261673826" lon="113.52554534948199">
        <ele>84.09317779541016</ele>
        <time>2021-11-13T01:26:11Z</time>
      </trkpt>
      <trkpt lat="34.809790126113306" lon="113.52556441181152">
        <ele>84.44098663330078</ele>
        <time>2021-11-13T01:26:14Z</time>
      </trkpt>
      <trkpt lat="34.80972899561051" lon="113.52560770008587">
        <ele>85.06602478027344</ele>
        <time>2021-11-13T01:26:17Z</time>
      </trkpt>
      <trkpt lat="34.80961584763466" lon="113.525760422889">
        <ele>85.22750091552734</ele>
        <time>2021-11-13T01:26:23Z</time>
      </trkpt>
      <trkpt lat="34.80958493227682" lon="113.5258565165827">
        <ele>85.03853607177734</ele>
        <time>2021-11-13T01:26:26Z</time>
      </trkpt>
      <trkpt lat="34.80957406879514" lon="113.52595233567632">
        <ele>84.91679382324219</ele>
        <time>2021-11-13T01:26:29Z</time>
      </trkpt>
      <trkpt lat="34.80960408157284" lon="113.52613716238149">
        <ele>84.76892852783203</ele>
        <time>2021-11-13T01:26:35Z</time>
      </trkpt>
      <trkpt lat="34.80964495296792" lon="113.52622426457611">
        <ele>84.7975845336914</ele>
        <time>2021-11-13T01:26:38Z</time>
      </trkpt>
      <trkpt lat="34.80976588033915" lon="113.52635654437695">
        <ele>85.11467742919922</ele>
        <time>2021-11-13T01:26:44Z</time>
      </trkpt>
      <trkpt lat="34.80984103989893" lon="113.5263943730959">
        <ele>85.61151123046875</ele>
        <time>2021-11-13T01:26:47Z</time>
      </trkpt>
      <trkpt lat="34.81004810992781" lon="113.52640932249133">
        <ele>86.41466522216797</ele>
        <time>2021-11-13T01:26:56Z</time>
      </trkpt>
      <trkpt lat="34.81013882249986" lon="113.52638318108407">
        <ele>86.88636779785156</ele>
        <time>2021-11-13T01:26:59Z</time>
      </trkpt>
      <trkpt lat="34.81028496022304" lon="113.52641338048387">
        <ele>87.06010437011719</ele>
        <time>2021-11-13T01:27:05Z</time>
      </trkpt>
      <trkpt lat="34.81058007406762" lon="113.52641824891968">
        <ele>87.04447937011719</ele>
        <time>2021-11-13T01:27:17Z</time>
      </trkpt>
      <trkpt lat="34.8106510871465" lon="113.52642422992645">
        <ele>87.15605926513672</ele>
        <time>2021-11-13T01:27:20Z</time>
      </trkpt>
      <trkpt lat="34.81085490749585" lon="113.52633438023673">
        <ele>87.05278015136719</ele>
        <time>2021-11-13T01:27:29Z</time>
      </trkpt>
      <trkpt lat="34.81095288668337" lon="113.52618329480724">
        <ele>86.75698852539062</ele>
        <time>2021-11-13T01:27:35Z</time>
      </trkpt>
      <trkpt lat="34.81100618291769" lon="113.5259385734025">
        <ele>85.64665985107422</ele>
        <time>2021-11-13T01:27:44Z</time>
      </trkpt>
      <trkpt lat="34.8109910985829" lon="113.52586861700966">
        <ele>85.47701263427734</ele>
        <time>2021-11-13T01:27:47Z</time>
      </trkpt>
      <trkpt lat="34.81089601408048" lon="113.52567045738567">
        <ele>85.31610107421875</ele>
        <time>2021-11-13T01:27:53Z</time>
      </trkpt>
      <trkpt lat="34.81080608854847" lon="113.52558145351361">
        <ele>86.78083038330078</ele>
        <time>2021-11-13T01:27:56Z</time>
      </trkpt>
      <trkpt lat="34.81074721051266" lon="113.52555260520857">
        <ele>86.47989654541016</ele>
        <time>2021-11-13T01:27:59Z</time>
      </trkpt>
      <trkpt lat="34.810451267460394" lon="113.52554147585303">
        <ele>85.79705810546875</ele>
        <time>2021-11-13T01:28:11Z</time>
      </trkpt>
      <trkpt lat="34.8103209425781" lon="113.52554856720263">
        <ele>84.81653594970703</ele>
        <time>2021-11-13T01:28:17Z</time>
      </trkpt>
      <trkpt lat="34.810169124102096" lon="113.52552245085371">
        <ele>83.90009307861328</ele>
        <time>2021-11-13T01:28:23Z</time>
      </trkpt>
      <trkpt lat="34.80986514712406" lon="113.52554834330546">
        <ele>83.8502197265625</ele>
        <time>2021-11-13T01:28:35Z</time>
      </trkpt>
      <trkpt lat="34.80978116535143" lon="113.52555733523013">
        <ele>84.86666107177734</ele>
        <time>2021-11-13T01:28:38Z</time>
      </trkpt>
      <trkpt lat="34.809713234233215" lon="113.52559055237268">
        <ele>85.25199127197266</ele>
        <time>2021-11-13T01:28:41Z</time>
      </trkpt>
      <trkpt lat="34.809615992177804" lon="113.52571142482552">
        <ele>85.45764923095703</ele>
        <time>2021-11-13T01:28:47Z</time>
      </trkpt>
      <trkpt lat="34.80957790423554" lon="113.52586332258788">
        <ele>85.85446166992188</ele>
        <time>2021-11-13T01:28:53Z</time>
      </trkpt>
      <trkpt lat="34.80960323573275" lon="113.52612436868164">
        <ele>86.24263763427734</ele>
        <time>2021-11-13T01:29:02Z</time>
      </trkpt>
      <trkpt lat="34.809625948438544" lon="113.52621038400224">
        <ele>86.55763244628906</ele>
        <time>2021-11-13T01:29:05Z</time>
      </trkpt>
      <trkpt lat="34.80973709390211" lon="113.52633232103994">
        <ele>86.35953521728516</ele>
        <time>2021-11-13T01:29:11Z</time>
      </trkpt>
      <trkpt lat="34.81000202244166" lon="113.52640143339762">
        <ele>87.1973876953125</ele>
        <time>2021-11-13T01:29:23Z</time>
      </trkpt>
      <trkpt lat="34.810291167029455" lon="113.52640330820046">
        <ele>86.48191833496094</ele>
        <time>2021-11-13T01:29:35Z</time>
      </trkpt>
      <trkpt lat="34.81059496840223" lon="113.52641443645678">
        <ele>86.02899169921875</ele>
        <time>2021-11-13T01:29:47Z</time>
      </trkpt>
      <trkpt lat="34.810668962301456" lon="113.52642041714833">
        <ele>85.78422546386719</ele>
        <time>2021-11-13T01:29:50Z</time>
      </trkpt>
      <trkpt lat="34.810870072104635" lon="113.52633029552905">
        <ele>85.66262817382812</ele>
        <time>2021-11-13T01:29:59Z</time>
      </trkpt>
      <trkpt lat="34.81091788252035" lon="113.52627040493073">
        <ele>85.81291198730469</ele>
        <time>2021-11-13T01:30:02Z</time>
      </trkpt>
      <trkpt lat="34.810994995720385" lon="113.52611932143171">
        <ele>85.91394805908203</ele>
        <time>2021-11-13T01:30:08Z</time>
      </trkpt>
      <trkpt lat="34.81100911840114" lon="113.5260262245398">
        <ele>85.04849243164062</ele>
        <time>2021-11-13T01:30:11Z</time>
      </trkpt>
      <trkpt lat="34.81100814178609" lon="113.52585745457672">
        <ele>84.50961303710938</ele>
        <time>2021-11-13T01:30:17Z</time>
      </trkpt>
      <trkpt lat="34.8109050085495" lon="113.52569060010713">
        <ele>84.659912109375</ele>
        <time>2021-11-13T01:30:23Z</time>
      </trkpt>
      <trkpt lat="34.810783059861734" lon="113.52558336144286">
        <ele>83.82152557373047</ele>
        <time>2021-11-13T01:30:29Z</time>
      </trkpt>
      <trkpt lat="34.81061008221328" lon="113.52554853655249">
        <ele>84.16586303710938</ele>
        <time>2021-11-13T01:30:35Z</time>
      </trkpt>
      <trkpt lat="34.8104799994766" lon="113.52554446714905">
        <ele>83.80213165283203</ele>
        <time>2021-11-13T01:30:41Z</time>
      </trkpt>
      <trkpt lat="34.81040310201957" lon="113.5255684300252">
        <ele>83.63555145263672</ele>
        <time>2021-11-13T01:30:44Z</time>
      </trkpt>
      <trkpt lat="34.81011203168007" lon="113.52555539466822">
        <ele>84.90584564208984</ele>
        <time>2021-11-13T01:30:56Z</time>
      </trkpt>
      <trkpt lat="34.81004614461528" lon="113.52554070215898">
        <ele>84.67376708984375</ele>
        <time>2021-11-13T01:30:59Z</time>
      </trkpt>
      <trkpt lat="34.809826105041296" lon="113.52554045327082">
        <ele>84.33953857421875</ele>
        <time>2021-11-13T01:31:08Z</time>
      </trkpt>
      <trkpt lat="34.809679154269446" lon="113.52561532731468">
        <ele>84.21076202392578</ele>
        <time>2021-11-13T01:31:14Z</time>
      </trkpt>
      <trkpt lat="34.80962513535943" lon="113.52568420268886">
        <ele>84.29956817626953</ele>
        <time>2021-11-13T01:31:17Z</time>
      </trkpt>
      <trkpt lat="34.80959308498739" lon="113.52576042530166">
        <ele>84.16638946533203</ele>
        <time>2021-11-13T01:31:20Z</time>
      </trkpt>
      <trkpt lat="34.80956490440614" lon="113.52597139132054">
        <ele>84.43344116210938</ele>
        <time>2021-11-13T01:31:26Z</time>
      </trkpt>
      <trkpt lat="34.8096120590294" lon="113.52618343690533">
        <ele>85.21111297607422</ele>
        <time>2021-11-13T01:31:32Z</time>
      </trkpt>
      <trkpt lat="34.809701842951476" lon="113.52632334195332">
        <ele>86.33818817138672</ele>
        <time>2021-11-13T01:31:38Z</time>
      </trkpt>
      <trkpt lat="34.80984590225313" lon="113.52638838404359">
        <ele>86.35835266113281</ele>
        <time>2021-11-13T01:31:44Z</time>
      </trkpt>
      <trkpt lat="34.81016107946469" lon="113.5263973334501">
        <ele>85.69926452636719</ele>
        <time>2021-11-13T01:31:56Z</time>
      </trkpt>
      <trkpt lat="34.81043292781564" lon="113.52641744789459">
        <ele>85.89308166503906</ele>
        <time>2021-11-13T01:32:08Z</time>
      </trkpt>
      <trkpt lat="34.810499858004725" lon="113.52641635197793">
        <ele>86.38603210449219</ele>
        <time>2021-11-13T01:32:11Z</time>
      </trkpt>
      <trkpt lat="34.810544900606224" lon="113.52643948471027">
        <ele>86.80559539794922</ele>
        <time>2021-11-13T01:32:14Z</time>
      </trkpt>
      <trkpt lat="34.810778088467956" lon="113.52638910187889">
        <ele>86.06490325927734</ele>
        <time>2021-11-13T01:32:23Z</time>
      </trkpt>
      <trkpt lat="34.81091681395876" lon="113.52627639360182">
        <ele>86.3111572265625</ele>
        <time>2021-11-13T01:32:29Z</time>
      </trkpt>
      <trkpt lat="34.810967034476555" lon="113.52620534213966">
        <ele>86.30970001220703</ele>
        <time>2021-11-13T01:32:32Z</time>
      </trkpt>
      <trkpt lat="34.81099010751753" lon="113.52611523882366">
        <ele>86.311767578125</ele>
        <time>2021-11-13T01:32:35Z</time>
      </trkpt>
      <trkpt lat="34.811007018301744" lon="113.5259472840268">
        <ele>84.81503295898438</ele>
        <time>2021-11-13T01:32:41Z</time>
      </trkpt>
      <trkpt lat="34.81097324952593" lon="113.5257774283125">
        <ele>84.84969329833984</ele>
        <time>2021-11-13T01:32:47Z</time>
      </trkpt>
      <trkpt lat="34.81089793416037" lon="113.52567944017372">
        <ele>87.12017822265625</ele>
        <time>2021-11-13T01:32:50Z</time>
      </trkpt>
      <trkpt lat="34.810812114902596" lon="113.52560649642423">
        <ele>87.27169036865234</ele>
        <time>2021-11-13T01:32:53Z</time>
      </trkpt>
      <trkpt lat="34.81073423425698" lon="113.52556458394588">
        <ele>87.3638687133789</ele>
        <time>2021-11-13T01:32:56Z</time>
      </trkpt>
      <trkpt lat="34.810449097479264" lon="113.52554065944437">
        <ele>85.57540893554688</ele>
        <time>2021-11-13T01:33:08Z</time>
      </trkpt>
      <trkpt lat="34.81015915752633" lon="113.52554559001108">
        <ele>85.24008178710938</ele>
        <time>2021-11-13T01:33:20Z</time>
      </trkpt>
      <trkpt lat="34.80988218110265" lon="113.52553364200352">
        <ele>84.76264953613281</ele>
        <time>2021-11-13T01:33:32Z</time>
      </trkpt>
      <trkpt lat="34.809739243760845" lon="113.52558864412806">
        <ele>84.36955261230469</ele>
        <time>2021-11-13T01:33:38Z</time>
      </trkpt>
      <trkpt lat="34.80966809877941" lon="113.52563656104078">
        <ele>84.80590057373047</ele>
        <time>2021-11-13T01:33:41Z</time>
      </trkpt>
      <trkpt lat="34.8095920242261" lon="113.5257694083821">
        <ele>85.70039367675781</ele>
        <time>2021-11-13T01:33:47Z</time>
      </trkpt>
      <trkpt lat="34.809558925539974" lon="113.52585951365378">
        <ele>85.82106018066406</ele>
        <time>2021-11-13T01:33:50Z</time>
      </trkpt>
      <trkpt lat="34.80955105619168" lon="113.52596050440498">
        <ele>85.68217468261719</ele>
        <time>2021-11-13T01:33:53Z</time>
      </trkpt>
      <trkpt lat="34.80959407126147" lon="113.52614342423122">
        <ele>85.25163269042969</ele>
        <time>2021-11-13T01:33:59Z</time>
      </trkpt>
      <trkpt lat="34.80963606502452" lon="113.52624549770037">
        <ele>85.20835876464844</ele>
        <time>2021-11-13T01:34:02Z</time>
      </trkpt>
      <trkpt lat="34.809692885117634" lon="113.52631735435315">
        <ele>85.7884750366211</ele>
        <time>2021-11-13T01:34:05Z</time>
      </trkpt>
      <trkpt lat="34.809813097851105" lon="113.5263823989817">
        <ele>86.56501770019531</ele>
        <time>2021-11-13T01:34:11Z</time>
      </trkpt>
      <trkpt lat="34.810094930803174" lon="113.52638618000438">
        <ele>85.77787017822266</ele>
        <time>2021-11-13T01:34:23Z</time>
      </trkpt>
      <trkpt lat="34.8103759409739" lon="113.52638615022589">
        <ele>85.88597869873047</ele>
        <time>2021-11-13T01:34:35Z</time>
      </trkpt>
      <trkpt lat="34.81052114008663" lon="113.52636735260074">
        <ele>84.99894714355469</ele>
        <time>2021-11-13T01:34:41Z</time>
      </trkpt>
      <trkpt lat="34.81065293518662" lon="113.52640517530692">
        <ele>85.06173706054688</ele>
        <time>2021-11-13T01:34:47Z</time>
      </trkpt>
      <trkpt lat="34.810733946745316" lon="113.52640026701138">
        <ele>85.39769744873047</ele>
        <time>2021-11-13T01:34:50Z</time>
      </trkpt>
      <trkpt lat="34.810928151246465" lon="113.5262592433455">
        <ele>85.87484741210938</ele>
        <time>2021-11-13T01:34:59Z</time>
      </trkpt>
      <trkpt lat="34.81096998173079" lon="113.5261922758546">
        <ele>85.78822326660156</ele>
        <time>2021-11-13T01:35:02Z</time>
      </trkpt>
      <trkpt lat="34.81101703488131" lon="113.52594347202854">
        <ele>86.09757232666016</ele>
        <time>2021-11-13T01:35:11Z</time>
      </trkpt>
      <trkpt lat="34.81101900428326" lon="113.52586643636887">
        <ele>85.87252807617188</ele>
        <time>2021-11-13T01:35:14Z</time>
      </trkpt>
      <trkpt lat="34.810991132338586" lon="113.52577660978373">
        <ele>86.55619812011719</ele>
        <time>2021-11-13T01:35:17Z</time>
      </trkpt>
      <trkpt lat="34.81094404565309" lon="113.52569658462704">
        <ele>87.26210021972656</ele>
        <time>2021-11-13T01:35:20Z</time>
      </trkpt>
      <trkpt lat="34.810804152967904" lon="113.52556648202312">
        <ele>87.53196716308594</ele>
        <time>2021-11-13T01:35:26Z</time>
      </trkpt>
      <trkpt lat="34.810719242189535" lon="113.5255305589286">
        <ele>87.56210327148438</ele>
        <time>2021-11-13T01:35:29Z</time>
      </trkpt>
      <trkpt lat="34.8104290291998" lon="113.52553467288733">
        <ele>87.19985961914062</ele>
        <time>2021-11-13T01:35:41Z</time>
      </trkpt>
      <trkpt lat="34.81012308290081" lon="113.52553252761534">
        <ele>86.21749114990234</ele>
        <time>2021-11-13T01:35:53Z</time>
      </trkpt>
      <trkpt lat="34.809892144857656" lon="113.5255094139863">
        <ele>85.63167572021484</ele>
        <time>2021-11-13T01:36:02Z</time>
      </trkpt>
      <trkpt lat="34.80973920717914" lon="113.52557448907784">
        <ele>86.34068298339844</ele>
        <time>2021-11-13T01:36:08Z</time>
      </trkpt>
      <trkpt lat="34.80966810088877" lon="113.52563737767701">
        <ele>86.55724334716797</ele>
        <time>2021-11-13T01:36:11Z</time>
      </trkpt>
      <trkpt lat="34.809614107937314" lon="113.52571632483314">
        <ele>86.58686065673828</ele>
        <time>2021-11-13T01:36:14Z</time>
      </trkpt>
      <trkpt lat="34.80955524540148" lon="113.52590361210302">
        <ele>87.09121704101562</ele>
        <time>2021-11-13T01:36:20Z</time>
      </trkpt>
      <trkpt lat="34.80958308773459" lon="113.5260873504632">
        <ele>87.35985565185547</ele>
        <time>2021-11-13T01:36:26Z</time>
      </trkpt>
      <trkpt lat="34.80965095096467" lon="113.5262384187302">
        <ele>87.11161804199219</ele>
        <time>2021-11-13T01:36:32Z</time>
      </trkpt>
      <trkpt lat="34.809753908170556" lon="113.526337491185">
        <ele>87.2510986328125</ele>
        <time>2021-11-13T01:36:38Z</time>
      </trkpt>
      <trkpt lat="34.80990092453654" lon="113.52639327792522">
        <ele>87.46916198730469</ele>
        <time>2021-11-13T01:36:44Z</time>
      </trkpt>
      <trkpt lat="34.809969984231316" lon="113.52637721043662">
        <ele>87.02371215820312</ele>
        <time>2021-11-13T01:36:47Z</time>
      </trkpt>
      <trkpt lat="34.81011692934566" lon="113.5264052321071">
        <ele>86.55656433105469</ele>
        <time>2021-11-13T01:36:53Z</time>
      </trkpt>
      <trkpt lat="34.81020793872051" lon="113.52638916229793">
        <ele>86.60102844238281</ele>
        <time>2021-11-13T01:36:56Z</time>
      </trkpt>
      <trkpt lat="34.81053419337692" lon="113.52638531683696">
        <ele>86.30330657958984</ele>
        <time>2021-11-13T01:37:11Z</time>
      </trkpt>
      <trkpt lat="34.81065702855269" lon="113.5264163353226">
        <ele>86.8575210571289</ele>
        <time>2021-11-13T01:37:17Z</time>
      </trkpt>
      <trkpt lat="34.81080000812999" lon="113.52637739468496">
        <ele>86.46702575683594</ele>
        <time>2021-11-13T01:37:23Z</time>
      </trkpt>
      <trkpt lat="34.81085193924572" lon="113.5263392802714">
        <ele>86.01922607421875</ele>
        <time>2021-11-13T01:37:26Z</time>
      </trkpt>
      <trkpt lat="34.810952956613114" lon="113.5262105155778">
        <ele>85.32717895507812</ele>
        <time>2021-11-13T01:37:32Z</time>
      </trkpt>
      <trkpt lat="34.810986065857506" lon="113.52612422212883">
        <ele>84.73152923583984</ele>
        <time>2021-11-13T01:37:35Z</time>
      </trkpt>
      <trkpt lat="34.81099198027623" lon="113.52589529352103">
        <ele>86.16702270507812</ele>
        <time>2021-11-13T01:37:44Z</time>
      </trkpt>
      <trkpt lat="34.810966002473315" lon="113.52580437796611">
        <ele>86.09132385253906</ele>
        <time>2021-11-13T01:37:47Z</time>
      </trkpt>
      <trkpt lat="34.810928157385554" lon="113.525735240351">
        <ele>86.70075988769531</ele>
        <time>2021-11-13T01:37:50Z</time>
      </trkpt>
      <trkpt lat="34.81081131461116" lon="113.52561139633185">
        <ele>86.47360229492188</ele>
        <time>2021-11-13T01:37:56Z</time>
      </trkpt>
      <trkpt lat="34.81066917776863" lon="113.52555669667242">
        <ele>87.3023681640625</ele>
        <time>2021-11-13T01:38:02Z</time>
      </trkpt>
      <trkpt lat="34.81037431370943" lon="113.5255436617136">
        <ele>85.88670349121094</ele>
        <time>2021-11-13T01:38:14Z</time>
      </trkpt>
      <trkpt lat="34.810304987609165" lon="113.5255613628951">
        <ele>85.68765258789062</ele>
        <time>2021-11-13T01:38:17Z</time>
      </trkpt>
      <trkpt lat="34.81002714689243" lon="113.52552954344219">
        <ele>85.22818756103516</ele>
        <time>2021-11-13T01:38:29Z</time>
      </trkpt>
      <trkpt lat="34.80988103452021" lon="113.52550941516404">
        <ele>85.21029663085938</ele>
        <time>2021-11-13T01:38:35Z</time>
      </trkpt>
      <trkpt lat="34.8097262027675" lon="113.52557557930685">
        <ele>86.57836151123047</ele>
        <time>2021-11-13T01:38:41Z</time>
      </trkpt>
      <trkpt lat="34.80963707481453" lon="113.52569046229375">
        <ele>86.62690734863281</ele>
        <time>2021-11-13T01:38:47Z</time>
      </trkpt>
      <trkpt lat="34.809560034732286" lon="113.52586931310977">
        <ele>87.90766906738281</ele>
        <time>2021-11-13T01:38:53Z</time>
      </trkpt>
      <trkpt lat="34.80958296581922" lon="113.52614533086539">
        <ele>88.1571044921875</ele>
        <time>2021-11-13T01:39:02Z</time>
      </trkpt>
      <trkpt lat="34.80966384862935" lon="113.52630129722434">
        <ele>88.31040954589844</ele>
        <time>2021-11-13T01:39:08Z</time>
      </trkpt>
      <trkpt lat="34.8098481238627" lon="113.5264093436833">
        <ele>87.73040771484375</ele>
        <time>2021-11-13T01:39:17Z</time>
      </trkpt>
      <trkpt lat="34.81019392223639" lon="113.52641828983974">
        <ele>88.16281127929688</ele>
        <time>2021-11-13T01:39:32Z</time>
      </trkpt>
      <trkpt lat="34.810451914120605" lon="113.52642425103268">
        <ele>87.71820831298828</ele>
        <time>2021-11-13T01:39:44Z</time>
      </trkpt>
      <trkpt lat="34.81052594151294" lon="113.52644329760109">
        <ele>87.10177612304688</ele>
        <time>2021-11-13T01:39:47Z</time>
      </trkpt>
      <trkpt lat="34.81066482496933" lon="113.52639210815028">
        <ele>87.32843780517578</ele>
        <time>2021-11-13T01:39:53Z</time>
      </trkpt>
      <trkpt lat="34.81074502148073" lon="113.52638638332039">
        <ele>87.34921264648438</ele>
        <time>2021-11-13T01:39:56Z</time>
      </trkpt>
      <trkpt lat="34.81092624667335" lon="113.52625624926706">
        <ele>86.26774597167969</ele>
        <time>2021-11-13T01:40:05Z</time>
      </trkpt>
      <trkpt lat="34.810942262364506" lon="113.5261615192954">
        <ele>85.60749053955078</ele>
        <time>2021-11-13T01:40:08Z</time>
      </trkpt>
      <trkpt lat="34.8109879305396" lon="113.52600635551377">
        <ele>87.32135772705078</ele>
        <time>2021-11-13T01:40:14Z</time>
      </trkpt>
      <trkpt lat="34.810965011886026" lon="113.52584058209658">
        <ele>87.77690124511719</ele>
        <time>2021-11-13T01:40:20Z</time>
      </trkpt>
      <trkpt lat="34.81078804939787" lon="113.52562664268682">
        <ele>89.29299926757812</ele>
        <time>2021-11-13T01:40:29Z</time>
      </trkpt>
      <trkpt lat="34.81072400863583" lon="113.52559235071638">
        <ele>89.24069213867188</ele>
        <time>2021-11-13T01:40:32Z</time>
      </trkpt>
      <trkpt lat="34.81046112349409" lon="113.52558040123094">
        <ele>89.83661651611328</ele>
        <time>2021-11-13T01:40:41Z</time>
      </trkpt>
      <trkpt lat="34.810345098130036" lon="113.52556326413237">
        <ele>89.77349090576172</ele>
        <time>2021-11-13T01:40:47Z</time>
      </trkpt>
      <trkpt lat="34.810268162664975" lon="113.52557252751926">
        <ele>89.69232177734375</ele>
        <time>2021-11-13T01:40:50Z</time>
      </trkpt>
      <trkpt lat="34.81018926979987" lon="113.52555838082128">
        <ele>88.99207305908203</ele>
        <time>2021-11-13T01:40:53Z</time>
      </trkpt>
      <trkpt lat="34.81012290762024" lon="113.52556954857734">
        <ele>87.94022369384766</ele>
        <time>2021-11-13T01:40:56Z</time>
      </trkpt>
      <trkpt lat="34.810069993301525" lon="113.52554151626961">
        <ele>87.6904525756836</ele>
        <time>2021-11-13T01:40:59Z</time>
      </trkpt>
      <trkpt lat="34.809813133706314" lon="113.52555433750088">
        <ele>86.5291976928711</ele>
        <time>2021-11-13T01:41:11Z</time>
      </trkpt>
      <trkpt lat="34.809685975278" lon="113.52563329259996">
        <ele>87.26709747314453</ele>
        <time>2021-11-13T01:41:17Z</time>
      </trkpt>
      <trkpt lat="34.80958800581019" lon="113.52578737473716">
        <ele>87.96662902832031</ele>
        <time>2021-11-13T01:41:23Z</time>
      </trkpt>
      <trkpt lat="34.809550139722596" lon="113.52602556254126">
        <ele>88.9038314819336</ele>
        <time>2021-11-13T01:41:32Z</time>
      </trkpt>
      <trkpt lat="34.809588999519384" lon="113.52617336765634">
        <ele>88.6566390991211</ele>
        <time>2021-11-13T01:41:38Z</time>
      </trkpt>
      <trkpt lat="34.80964119554471" lon="113.526238419764">
        <ele>88.76365661621094</ele>
        <time>2021-11-13T01:41:41Z</time>
      </trkpt>
      <trkpt lat="34.80966386120349" lon="113.52630619694762">
        <ele>88.24011993408203</ele>
        <time>2021-11-13T01:41:44Z</time>
      </trkpt>
      <trkpt lat="34.80977005259742" lon="113.52639846371105">
        <ele>87.64353942871094</ele>
        <time>2021-11-13T01:41:50Z</time>
      </trkpt>
      <trkpt lat="34.809835868172826" lon="113.52638539083794">
        <ele>88.2419204711914</ele>
        <time>2021-11-13T01:41:53Z</time>
      </trkpt>
      <trkpt lat="34.80990099641488" lon="113.52642131514632">
        <ele>89.09935760498047</ele>
        <time>2021-11-13T01:41:56Z</time>
      </trkpt>
      <trkpt lat="34.80995488381831" lon="113.52640633810316">
        <ele>89.07754516601562</ele>
        <time>2021-11-13T01:41:59Z</time>
      </trkpt>
      <trkpt lat="34.810253817325695" lon="113.52642127775884">
        <ele>88.239501953125</ele>
        <time>2021-11-13T01:42:11Z</time>
      </trkpt>
      <trkpt lat="34.81053183129203" lon="113.52641525976556">
        <ele>87.8844223022461</ele>
        <time>2021-11-13T01:42:23Z</time>
      </trkpt>
      <trkpt lat="34.810585801006944" lon="113.52643240302312">
        <ele>88.1249008178711</ele>
        <time>2021-11-13T01:42:26Z</time>
      </trkpt>
      <trkpt lat="34.810791034953006" lon="113.52636541855435">
        <ele>87.66284942626953</ele>
        <time>2021-11-13T01:42:35Z</time>
      </trkpt>
      <trkpt lat="34.810929212117316" lon="113.52625026039144">
        <ele>86.60670471191406</ele>
        <time>2021-11-13T01:42:41Z</time>
      </trkpt>
      <trkpt lat="34.810983886802546" lon="113.52601452221977">
        <ele>87.5744400024414</ele>
        <time>2021-11-13T01:42:50Z</time>
      </trkpt>
      <trkpt lat="34.81097412691653" lon="113.52590754486793">
        <ele>87.73204803466797</ele>
        <time>2021-11-13T01:42:53Z</time>
      </trkpt>
      <trkpt lat="34.81089124740874" lon="113.52571346734487">
        <ele>88.51142883300781</ele>
        <time>2021-11-13T01:42:59Z</time>
      </trkpt>
      <trkpt lat="34.81075003854314" lon="113.52559833663172">
        <ele>89.22404479980469</ele>
        <time>2021-11-13T01:43:05Z</time>
      </trkpt>
      <trkpt lat="34.81064700002618" lon="113.5255733039991">
        <ele>89.44873046875</ele>
        <time>2021-11-13T01:43:08Z</time>
      </trkpt>
      <trkpt lat="34.81029717551577" lon="113.52557932975952">
        <ele>89.74462127685547</ele>
        <time>2021-11-13T01:43:20Z</time>
      </trkpt>
      <trkpt lat="34.81022827387182" lon="113.52555157136698">
        <ele>89.45779418945312</ele>
        <time>2021-11-13T01:43:23Z</time>
      </trkpt>
      <trkpt lat="34.809941247836605" lon="113.52553064139968">
        <ele>87.76030731201172</ele>
        <time>2021-11-13T01:43:32Z</time>
      </trkpt>
      <trkpt lat="34.809845097134286" lon="113.52554943428213">
        <ele>87.54976654052734</ele>
        <time>2021-11-13T01:43:35Z</time>
      </trkpt>
      <trkpt lat="34.80968411495186" lon="113.52564744782751">
        <ele>86.71392822265625</ele>
        <time>2021-11-13T01:43:41Z</time>
      </trkpt>
      <trkpt lat="34.80961524385888" lon="113.52573646836024">
        <ele>87.16146087646484</ele>
        <time>2021-11-13T01:43:44Z</time>
      </trkpt>
      <trkpt lat="34.80958023572688" lon="113.52582167412703">
        <ele>87.87210083007812</ele>
        <time>2021-11-13T01:43:47Z</time>
      </trkpt>
      <trkpt lat="34.809551045677686" lon="113.52595642126148">
        <ele>88.13059997558594</ele>
        <time>2021-11-13T01:43:50Z</time>
      </trkpt>
      <trkpt lat="34.80955706277892" lon="113.52608327009162">
        <ele>88.89653778076172</ele>
        <time>2021-11-13T01:43:53Z</time>
      </trkpt>
      <trkpt lat="34.809587970136036" lon="113.52619459997908">
        <ele>87.46158599853516</ele>
        <time>2021-11-13T01:43:56Z</time>
      </trkpt>
      <trkpt lat="34.80964785010117" lon="113.52629721581535">
        <ele>88.15436553955078</ele>
        <time>2021-11-13T01:43:59Z</time>
      </trkpt>
      <trkpt lat="34.80971601162693" lon="113.5263535553898">
        <ele>88.47990417480469</ele>
        <time>2021-11-13T01:44:02Z</time>
      </trkpt>
      <trkpt lat="34.809896877924906" lon="113.5264003557149">
        <ele>88.11795806884766</ele>
        <time>2021-11-13T01:44:08Z</time>
      </trkpt>
      <trkpt lat="34.81024890612366" lon="113.52640821238896">
        <ele>87.87635040283203</ele>
        <time>2021-11-13T01:44:20Z</time>
      </trkpt>
      <trkpt lat="34.81034284047001" lon="113.5263703657659">
        <ele>87.04165649414062</ele>
        <time>2021-11-13T01:44:23Z</time>
      </trkpt>
      <trkpt lat="34.81055299383847" lon="113.52642532914525">
        <ele>87.78173828125</ele>
        <time>2021-11-13T01:44:29Z</time>
      </trkpt>
      <trkpt lat="34.81074995013516" lon="113.52640625385067">
        <ele>87.89875793457031</ele>
        <time>2021-11-13T01:44:35Z</time>
      </trkpt>
      <trkpt lat="34.81082299007975" lon="113.52635724897364">
        <ele>88.33563995361328</ele>
        <time>2021-11-13T01:44:38Z</time>
      </trkpt>
      <trkpt lat="34.810941045918725" lon="113.52621541657784">
        <ele>87.29918670654297</ele>
        <time>2021-11-13T01:44:44Z</time>
      </trkpt>
      <trkpt lat="34.810955934153476" lon="113.52599846483501">
        <ele>87.3829345703125</ele>
        <time>2021-11-13T01:44:50Z</time>
      </trkpt>
      <trkpt lat="34.81094810968312" lon="113.52590645878531">
        <ele>87.56730651855469</ele>
        <time>2021-11-13T01:44:53Z</time>
      </trkpt>
      <trkpt lat="34.81090201734071" lon="113.52579159083562">
        <ele>87.7699203491211</ele>
        <time>2021-11-13T01:44:56Z</time>
      </trkpt>
      <trkpt lat="34.81084517035233" lon="113.5257096612669">
        <ele>88.0968246459961</ele>
        <time>2021-11-13T01:44:59Z</time>
      </trkpt>
      <trkpt lat="34.81076394943088" lon="113.5256334505468">
        <ele>88.36031341552734</ele>
        <time>2021-11-13T01:45:02Z</time>
      </trkpt>
      <trkpt lat="34.8105890074047" lon="113.5255724935086">
        <ele>89.44639587402344</ele>
        <time>2021-11-13T01:45:08Z</time>
      </trkpt>
      <trkpt lat="34.81022419363346" lon="113.52554558311702">
        <ele>86.39209747314453</ele>
        <time>2021-11-13T01:45:20Z</time>
      </trkpt>
      <trkpt lat="34.80992123303767" lon="113.52554534301889">
        <ele>88.15042877197266</ele>
        <time>2021-11-13T01:45:29Z</time>
      </trkpt>
      <trkpt lat="34.80983312246908" lon="113.52552956400936">
        <ele>88.09131622314453</ele>
        <time>2021-11-13T01:45:32Z</time>
      </trkpt>
      <trkpt lat="34.809682184316245" lon="113.52563438185048">
        <ele>88.02816772460938</ele>
        <time>2021-11-13T01:45:38Z</time>
      </trkpt>
      <trkpt lat="34.80961926998001" lon="113.52572149630471">
        <ele>87.88504028320312</ele>
        <time>2021-11-13T01:45:41Z</time>
      </trkpt>
      <trkpt lat="34.80957619132168" lon="113.52582956866539">
        <ele>88.01171112060547</ele>
        <time>2021-11-13T01:45:44Z</time>
      </trkpt>
      <trkpt lat="34.80954805994803" lon="113.52595451611027">
        <ele>88.41474151611328</ele>
        <time>2021-11-13T01:45:47Z</time>
      </trkpt>
      <trkpt lat="34.809561943289516" lon="113.52608435840902">
        <ele>88.66730499267578</ele>
        <time>2021-11-13T01:45:50Z</time>
      </trkpt>
      <trkpt lat="34.80962393504623" lon="113.5262705420559">
        <ele>88.60392761230469</ele>
        <time>2021-11-13T01:45:56Z</time>
      </trkpt>
      <trkpt lat="34.80982505394553" lon="113.5263951914085">
        <ele>88.69815826416016</ele>
        <time>2021-11-13T01:46:02Z</time>
      </trkpt>
      <trkpt lat="34.81010098805422" lon="113.52642347160172">
        <ele>89.20946502685547</ele>
        <time>2021-11-13T01:46:11Z</time>
      </trkpt>
      <trkpt lat="34.810293915247335" lon="113.52641827924366">
        <ele>86.9844741821289</ele>
        <time>2021-11-13T01:46:17Z</time>
      </trkpt>
      <trkpt lat="34.81058524089939" lon="113.52642532572806">
        <ele>86.61298370361328</ele>
        <time>2021-11-13T01:46:26Z</time>
      </trkpt>
      <trkpt lat="34.8106741284348" lon="113.5264272217504">
        <ele>86.51883697509766</ele>
        <time>2021-11-13T01:46:29Z</time>
      </trkpt>
      <trkpt lat="34.81076210322356" lon="113.52639019239788">
        <ele>86.27476501464844</ele>
        <time>2021-11-13T01:46:32Z</time>
      </trkpt>
      <trkpt lat="34.81089997453909" lon="113.52626142398984">
        <ele>84.53057861328125</ele>
        <time>2021-11-13T01:46:38Z</time>
      </trkpt>
      <trkpt lat="34.810898883995705" lon="113.52615335765">
        <ele>87.21805572509766</ele>
        <time>2021-11-13T01:46:41Z</time>
      </trkpt>
      <trkpt lat="34.81093930267313" lon="113.5260643411956">
        <ele>88.46299743652344</ele>
        <time>2021-11-13T01:46:44Z</time>
      </trkpt>
      <trkpt lat="34.8109400678205" lon="113.52594048587872">
        <ele>89.22303771972656</ele>
        <time>2021-11-13T01:46:47Z</time>
      </trkpt>
      <trkpt lat="34.81091509124354" lon="113.52581744948128">
        <ele>89.60140991210938</ele>
        <time>2021-11-13T01:46:50Z</time>
      </trkpt>
      <trkpt lat="34.81087015143221" lon="113.52572925784833">
        <ele>90.65855407714844</ele>
        <time>2021-11-13T01:46:53Z</time>
      </trkpt>
      <trkpt lat="34.81080708715767" lon="113.52565331745815">
        <ele>90.46530151367188</ele>
        <time>2021-11-13T01:46:56Z</time>
      </trkpt>
      <trkpt lat="34.810738935949715" lon="113.52560133214556">
        <ele>89.91456604003906</ele>
        <time>2021-11-13T01:46:59Z</time>
      </trkpt>
      <trkpt lat="34.81065404349144" lon="113.5255724866145">
        <ele>90.34593200683594</ele>
        <time>2021-11-13T01:47:02Z</time>
      </trkpt>
      <trkpt lat="34.81031611905125" lon="113.52556952809641">
        <ele>88.96562194824219</ele>
        <time>2021-11-13T01:47:14Z</time>
      </trkpt>
      <trkpt lat="34.81002910008087" lon="113.52555132026718">
        <ele>88.53821563720703</ele>
        <time>2021-11-13T01:47:23Z</time>
      </trkpt>
      <trkpt lat="34.80982393717047" lon="113.52554045350062">
        <ele>88.16668701171875</ele>
        <time>2021-11-13T01:47:29Z</time>
      </trkpt>
      <trkpt lat="34.809736246758526" lon="113.52558238355714">
        <ele>88.28636169433594</ele>
        <time>2021-11-13T01:47:32Z</time>
      </trkpt>
      <trkpt lat="34.80959389793909" lon="113.52576042521548">
        <ele>87.28535461425781</ele>
        <time>2021-11-13T01:47:38Z</time>
      </trkpt>
      <trkpt lat="34.809548948243474" lon="113.52587856943504">
        <ele>87.76461029052734</ele>
        <time>2021-11-13T01:47:41Z</time>
      </trkpt>
      <trkpt lat="34.80953630133031" lon="113.52601848657021">
        <ele>88.74336242675781</ele>
        <time>2021-11-13T01:47:44Z</time>
      </trkpt>
      <trkpt lat="34.80955418554723" lon="113.52612355725482">
        <ele>89.38539123535156</ele>
        <time>2021-11-13T01:47:47Z</time>
      </trkpt>
      <trkpt lat="34.80965190228422" lon="113.52629231566006">
        <ele>89.78771209716797</ele>
        <time>2021-11-13T01:47:53Z</time>
      </trkpt>
      <trkpt lat="34.80972605757964" lon="113.5263611761072">
        <ele>89.9129867553711</ele>
        <time>2021-11-13T01:47:56Z</time>
      </trkpt>
      <trkpt lat="34.80990908755083" lon="113.52640634295607">
        <ele>88.91851806640625</ele>
        <time>2021-11-13T01:48:02Z</time>
      </trkpt>
      <trkpt lat="34.81019987411053" lon="113.52641447832453">
        <ele>87.07930755615234</ele>
        <time>2021-11-13T01:48:11Z</time>
      </trkpt>
      <trkpt lat="34.8104659773637" lon="113.52641336130168">
        <ele>86.93589782714844</ele>
        <time>2021-11-13T01:48:20Z</time>
      </trkpt>
      <trkpt lat="34.810633218270205" lon="113.52643049255693">
        <ele>87.82807922363281</ele>
        <time>2021-11-13T01:48:26Z</time>
      </trkpt>
      <trkpt lat="34.8108029554415" lon="113.5263643284653">
        <ele>86.89401245117188</ele>
        <time>2021-11-13T01:48:32Z</time>
      </trkpt>
      <trkpt lat="34.81092802611897" lon="113.52621051821993">
        <ele>86.61155700683594</ele>
        <time>2021-11-13T01:48:38Z</time>
      </trkpt>
      <trkpt lat="34.81096004653084" lon="113.52612231942791">
        <ele>86.6187744140625</ele>
        <time>2021-11-13T01:48:41Z</time>
      </trkpt>
      <trkpt lat="34.81094407858828" lon="113.52591952529308">
        <ele>86.38897705078125</ele>
        <time>2021-11-13T01:48:47Z</time>
      </trkpt>
      <trkpt lat="34.81086121459175" lon="113.5257314364871">
        <ele>88.07454681396484</ele>
        <time>2021-11-13T01:48:53Z</time>
      </trkpt>
      <trkpt lat="34.81077319099973" lon="113.52564433805297">
        <ele>89.11888122558594</ele>
        <time>2021-11-13T01:48:56Z</time>
      </trkpt>
      <trkpt lat="34.81059008360029" lon="113.52556949905515">
        <ele>89.96729278564453</ele>
        <time>2021-11-13T01:49:02Z</time>
      </trkpt>
      <trkpt lat="34.81030120157638" lon="113.52556435763645">
        <ele>88.99114990234375</ele>
        <time>2021-11-13T01:49:11Z</time>
      </trkpt>
      <trkpt lat="34.810188157717256" lon="113.52554749242694">
        <ele>88.44355773925781</ele>
        <time>2021-11-13T01:49:14Z</time>
      </trkpt>
      <trkpt lat="34.8101220890402" lon="113.52556737096262">
        <ele>88.06285858154297</ele>
        <time>2021-11-13T01:49:17Z</time>
      </trkpt>
      <trkpt lat="34.810027990811285" lon="113.525541520722">
        <ele>87.18956756591797</ele>
        <time>2021-11-13T01:49:20Z</time>
      </trkpt>
      <trkpt lat="34.809862153634526" lon="113.52554344379135">
        <ele>87.29611206054688</ele>
        <time>2021-11-13T01:49:26Z</time>
      </trkpt>
      <trkpt lat="34.80964510100596" lon="113.52565044629546">
        <ele>87.64744567871094</ele>
        <time>2021-11-13T01:49:32Z</time>
      </trkpt>
      <trkpt lat="34.809565090806856" lon="113.52583338079079">
        <ele>87.45154571533203</ele>
        <time>2021-11-13T01:49:38Z</time>
      </trkpt>
      <trkpt lat="34.809552939761225" lon="113.52595533222211">
        <ele>87.03207397460938</ele>
        <time>2021-11-13T01:49:41Z</time>
      </trkpt>
      <trkpt lat="34.80959497935051" lon="113.52618044442863">
        <ele>87.61997985839844</ele>
        <time>2021-11-13T01:49:47Z</time>
      </trkpt>
      <trkpt lat="34.80964698894106" lon="113.52627843362029">
        <ele>87.89376831054688</ele>
        <time>2021-11-13T01:49:50Z</time>
      </trkpt>
      <trkpt lat="34.80980799522308" lon="113.52640036513355">
        <ele>88.0308609008789</ele>
        <time>2021-11-13T01:49:56Z</time>
      </trkpt>
      <trkpt lat="34.80990504582146" lon="113.52641532618487">
        <ele>88.29218292236328</ele>
        <time>2021-11-13T01:49:59Z</time>
      </trkpt>
      <trkpt lat="34.81000120181332" lon="113.52639843921678">
        <ele>87.9927978515625</ele>
        <time>2021-11-13T01:50:02Z</time>
      </trkpt>
      <trkpt lat="34.81009421555245" lon="113.52642428893729">
        <ele>87.55335998535156</ele>
        <time>2021-11-13T01:50:05Z</time>
      </trkpt>
      <trkpt lat="34.810382016364194" lon="113.5264305191765">
        <ele>86.81556701660156</ele>
        <time>2021-11-13T01:50:17Z</time>
      </trkpt>
      <trkpt lat="34.810670048329456" lon="113.52642123365125">
        <ele>87.04347229003906</ele>
        <time>2021-11-13T01:50:26Z</time>
      </trkpt>
      <trkpt lat="34.81075292327901" lon="113.52640325926814">
        <ele>87.50454711914062</ele>
        <time>2021-11-13T01:50:29Z</time>
      </trkpt>
      <trkpt lat="34.81081705706365" lon="113.52636841006749">
        <ele>87.6288070678711</ele>
        <time>2021-11-13T01:50:32Z</time>
      </trkpt>
      <trkpt lat="34.810948065622554" lon="113.52620534414999">
        <ele>87.59973907470703</ele>
        <time>2021-11-13T01:50:38Z</time>
      </trkpt>
      <trkpt lat="34.810961124178" lon="113.52601452463233">
        <ele>88.24749755859375</ele>
        <time>2021-11-13T01:50:44Z</time>
      </trkpt>
      <trkpt lat="34.81094886582371" lon="113.52588440968321">
        <ele>88.7849349975586</ele>
        <time>2021-11-13T01:50:47Z</time>
      </trkpt>
      <trkpt lat="34.81091093663149" lon="113.52578260692742">
        <ele>89.30567169189453</ele>
        <time>2021-11-13T01:50:50Z</time>
      </trkpt>
      <trkpt lat="34.810766104643356" lon="113.52562855049864">
        <ele>89.42420196533203</ele>
        <time>2021-11-13T01:50:56Z</time>
      </trkpt>
      <trkpt lat="34.810706118789206" lon="113.52559044712518">
        <ele>89.63632202148438</ele>
        <time>2021-11-13T01:50:59Z</time>
      </trkpt>
      <trkpt lat="34.81058112284455" lon="113.52556242247462">
        <ele>89.41863250732422</ele>
        <time>2021-11-13T01:51:02Z</time>
      </trkpt>
      <trkpt lat="34.81050311049358" lon="113.52557440810256">
        <ele>89.40027618408203</ele>
        <time>2021-11-13T01:51:05Z</time>
      </trkpt>
      <trkpt lat="34.81014185819207" lon="113.52556246903825">
        <ele>88.09111022949219</ele>
        <time>2021-11-13T01:51:17Z</time>
      </trkpt>
      <trkpt lat="34.80997999852365" lon="113.525530637292">
        <ele>87.1806640625</ele>
        <time>2021-11-13T01:51:23Z</time>
      </trkpt>
      <trkpt lat="34.809885161924896" lon="113.52553364168755">
        <ele>86.69197082519531</ele>
        <time>2021-11-13T01:51:26Z</time>
      </trkpt>
      <trkpt lat="34.809775214261144" lon="113.52556141905222">
        <ele>87.13113403320312</ele>
        <time>2021-11-13T01:51:29Z</time>
      </trkpt>
      <trkpt lat="34.80969998415918" lon="113.52560144227586">
        <ele>87.46512603759766</ele>
        <time>2021-11-13T01:51:32Z</time>
      </trkpt>
      <trkpt lat="34.80962512341158" lon="113.52567957508955">
        <ele>87.38365173339844</ele>
        <time>2021-11-13T01:51:35Z</time>
      </trkpt>
      <trkpt lat="34.809580126915435" lon="113.52577948145301">
        <ele>87.05892181396484</ele>
        <time>2021-11-13T01:51:38Z</time>
      </trkpt>
      <trkpt lat="34.8095560506387" lon="113.52590061770678">
        <ele>86.68781280517578</ele>
        <time>2021-11-13T01:51:41Z</time>
      </trkpt>
      <trkpt lat="34.80957499018065" lon="113.52620521745655">
        <ele>88.17184448242188</ele>
        <time>2021-11-13T01:51:50Z</time>
      </trkpt>
      <trkpt lat="34.80977302504487" lon="113.52639519692184">
        <ele>88.11285400390625</ele>
        <time>2021-11-13T01:51:59Z</time>
      </trkpt>
      <trkpt lat="34.81013103097063" lon="113.52640931370438">
        <ele>87.2406005859375</ele>
        <time>2021-11-13T01:52:08Z</time>
      </trkpt>
      <trkpt lat="34.81045489773251" lon="113.52642533954041">
        <ele>86.56233215332031</ele>
        <time>2021-11-13T01:52:20Z</time>
      </trkpt>
      <trkpt lat="34.810625098526835" lon="113.52643430430012">
        <ele>87.3268051147461</ele>
        <time>2021-11-13T01:52:26Z</time>
      </trkpt>
      <trkpt lat="34.810712041031344" lon="113.52641741831705">
        <ele>86.9556655883789</ele>
        <time>2021-11-13T01:52:29Z</time>
      </trkpt>
      <trkpt lat="34.81085919504356" lon="113.52631559751548">
        <ele>87.7732925415039</ele>
        <time>2021-11-13T01:52:35Z</time>
      </trkpt>
      <trkpt lat="34.810916184633044" lon="113.52624236775777">
        <ele>87.69623565673828</ele>
        <time>2021-11-13T01:52:38Z</time>
      </trkpt>
      <trkpt lat="34.810956046151" lon="113.52614736301263">
        <ele>86.93378448486328</ele>
        <time>2021-11-13T01:52:41Z</time>
      </trkpt>
      <trkpt lat="34.81096796371067" lon="113.525934494306">
        <ele>86.82400512695312</ele>
        <time>2021-11-13T01:52:47Z</time>
      </trkpt>
      <trkpt lat="34.81089811964327" lon="113.52575130400372">
        <ele>87.60143280029297</ele>
        <time>2021-11-13T01:52:53Z</time>
      </trkpt>
      <trkpt lat="34.8108301755974" lon="113.5256745475429">
        <ele>87.82398986816406</ele>
        <time>2021-11-13T01:52:56Z</time>
      </trkpt>
      <trkpt lat="34.81065808502844" lon="113.52556350316719">
        <ele>87.90511322021484</ele>
        <time>2021-11-13T01:53:02Z</time>
      </trkpt>
      <trkpt lat="34.81034014090203" lon="113.52553250460628">
        <ele>85.29016876220703</ele>
        <time>2021-11-13T01:53:14Z</time>
      </trkpt>
      <trkpt lat="34.81015721911614" lon="113.52552952965405">
        <ele>85.16213989257812</ele>
        <time>2021-11-13T01:53:20Z</time>
      </trkpt>
      <trkpt lat="34.81010323139605" lon="113.52550558062607">
        <ele>85.15556335449219</ele>
        <time>2021-11-13T01:53:23Z</time>
      </trkpt>
      <trkpt lat="34.80993912852642" lon="113.5255494243146">
        <ele>85.86009979248047</ele>
        <time>2021-11-13T01:53:29Z</time>
      </trkpt>
      <trkpt lat="34.809846098722865" lon="113.52551758526056">
        <ele>85.71556091308594</ele>
        <time>2021-11-13T01:53:32Z</time>
      </trkpt>
      <trkpt lat="34.80976217044442" lon="113.5255472653698">
        <ele>85.09945678710938</ele>
        <time>2021-11-13T01:53:35Z</time>
      </trkpt>
      <trkpt lat="34.809689942281324" lon="113.52559545466643">
        <ele>84.65240478515625</ele>
        <time>2021-11-13T01:53:38Z</time>
      </trkpt>
      <trkpt lat="34.80961914911468" lon="113.52567467590974">
        <ele>84.68240356445312</ele>
        <time>2021-11-13T01:53:41Z</time>
      </trkpt>
      <trkpt lat="34.80956113690736" lon="113.52587639046101">
        <ele>84.58042907714844</ele>
        <time>2021-11-13T01:53:47Z</time>
      </trkpt>
      <trkpt lat="34.80956491001283" lon="113.52597356899619">
        <ele>84.93313598632812</ele>
        <time>2021-11-13T01:53:50Z</time>
      </trkpt>
      <trkpt lat="34.80954398343336" lon="113.52605523397439">
        <ele>85.55634307861328</ele>
        <time>2021-11-13T01:53:53Z</time>
      </trkpt>
      <trkpt lat="34.80963285934541" lon="113.52626346372266">
        <ele>86.26265716552734</ele>
        <time>2021-11-13T01:53:59Z</time>
      </trkpt>
      <trkpt lat="34.809756975571595" lon="113.5263712444687">
        <ele>86.47571563720703</ele>
        <time>2021-11-13T01:54:05Z</time>
      </trkpt>
      <trkpt lat="34.81002805991717" lon="113.52641041344033">
        <ele>86.33000183105469</ele>
        <time>2021-11-13T01:54:14Z</time>
      </trkpt>
      <trkpt lat="34.81029602170622" lon="113.52639432488222">
        <ele>85.56856536865234</ele>
        <time>2021-11-13T01:54:23Z</time>
      </trkpt>
      <trkpt lat="34.81060398761067" lon="113.52644437815394">
        <ele>86.28434753417969</ele>
        <time>2021-11-13T01:54:35Z</time>
      </trkpt>
      <trkpt lat="34.81068417855211" lon="113.52643647568658">
        <ele>86.77482604980469</ele>
        <time>2021-11-13T01:54:38Z</time>
      </trkpt>
      <trkpt lat="34.81076998757331" lon="113.52640026319209">
        <ele>86.68807983398438</ele>
        <time>2021-11-13T01:54:41Z</time>
      </trkpt>
      <trkpt lat="34.81091789789331" lon="113.52627639348694">
        <ele>85.6967544555664</ele>
        <time>2021-11-13T01:54:47Z</time>
      </trkpt>
      <trkpt lat="34.81096292846376" lon="113.52618928231601">
        <ele>85.4372329711914</ele>
        <time>2021-11-13T01:54:50Z</time>
      </trkpt>
      <trkpt lat="34.8109849231335" lon="113.52610135674075">
        <ele>85.65100860595703</ele>
        <time>2021-11-13T01:54:53Z</time>
      </trkpt>
      <trkpt lat="34.810960022443304" lon="113.52590237437148">
        <ele>86.1421890258789</ele>
        <time>2021-11-13T01:54:59Z</time>
      </trkpt>
      <trkpt lat="34.810863063001925" lon="113.52571265369772">
        <ele>86.00799560546875</ele>
        <time>2021-11-13T01:55:05Z</time>
      </trkpt>
      <trkpt lat="34.81077919692999" lon="113.5256614867746">
        <ele>85.82781219482422</ele>
        <time>2021-11-13T01:55:08Z</time>
      </trkpt>
      <trkpt lat="34.810712898305134" lon="113.52559235189412">
        <ele>85.96471405029297</ele>
        <time>2021-11-13T01:55:11Z</time>
      </trkpt>
      <trkpt lat="34.810536111402776" lon="113.52555153873492">
        <ele>87.22766876220703</ele>
        <time>2021-11-13T01:55:17Z</time>
      </trkpt>
      <trkpt lat="34.81028901786116" lon="113.5255684421185">
        <ele>87.88240051269531</ele>
        <time>2021-11-13T01:55:26Z</time>
      </trkpt>
      <trkpt lat="34.809959122211446" lon="113.52552655631007">
        <ele>86.40353393554688</ele>
        <time>2021-11-13T01:55:38Z</time>
      </trkpt>
      <trkpt lat="34.809859118617894" lon="113.52552248371543">
        <ele>85.61823272705078</ele>
        <time>2021-11-13T01:55:41Z</time>
      </trkpt>
      <trkpt lat="34.80977895385021" lon="113.52554045826895">
        <ele>85.36798095703125</ele>
        <time>2021-11-13T01:55:44Z</time>
      </trkpt>
      <trkpt lat="34.809642115261944" lon="113.5256485411276">
        <ele>85.85371398925781</ele>
        <time>2021-11-13T01:55:50Z</time>
      </trkpt>
      <trkpt lat="34.80958625420141" lon="113.52573864912387">
        <ele>86.41370391845703</ele>
        <time>2021-11-13T01:55:53Z</time>
      </trkpt>
      <trkpt lat="34.80955100736332" lon="113.52583637660015">
        <ele>86.71736907958984</ele>
        <time>2021-11-13T01:55:56Z</time>
      </trkpt>
      <trkpt lat="34.80953806928997" lon="113.52596839985956">
        <ele>87.00724792480469</ele>
        <time>2021-11-13T01:55:59Z</time>
      </trkpt>
      <trkpt lat="34.80956700365489" lon="113.5261554042579">
        <ele>87.03841400146484</ele>
        <time>2021-11-13T01:56:05Z</time>
      </trkpt>
      <trkpt lat="34.80961304677045" lon="113.52625148870156">
        <ele>86.96611022949219</ele>
        <time>2021-11-13T01:56:08Z</time>
      </trkpt>
      <trkpt lat="34.8096791215096" lon="113.52633940455661">
        <ele>86.59645080566406</ele>
        <time>2021-11-13T01:56:11Z</time>
      </trkpt>
      <trkpt lat="34.809756214274046" lon="113.52639138781623">
        <ele>86.30274963378906</ele>
        <time>2021-11-13T01:56:14Z</time>
      </trkpt>
      <trkpt lat="34.80984517164997" lon="113.52642050444389">
        <ele>86.25651550292969</ele>
        <time>2021-11-13T01:56:17Z</time>
      </trkpt>
      <trkpt lat="34.81010608510876" lon="113.52640332781333">
        <ele>86.92533874511719</ele>
        <time>2021-11-13T01:56:26Z</time>
      </trkpt>
      <trkpt lat="34.81018092827223" lon="113.52642346313066">
        <ele>86.79742431640625</ele>
        <time>2021-11-13T01:56:29Z</time>
      </trkpt>
      <trkpt lat="34.81053110834041" lon="113.52645037440428">
        <ele>86.84659576416016</ele>
        <time>2021-11-13T01:56:41Z</time>
      </trkpt>
      <trkpt lat="34.810827109287885" lon="113.52637848063836">
        <ele>85.95691680908203</ele>
        <time>2021-11-13T01:56:53Z</time>
      </trkpt>
      <trkpt lat="34.81088815397008" lon="113.52630143968791">
        <ele>86.08098602294922</ele>
        <time>2021-11-13T01:56:56Z</time>
      </trkpt>
      <trkpt lat="34.81093397727064" lon="113.5262064344739">
        <ele>86.22402954101562</ele>
        <time>2021-11-13T01:56:59Z</time>
      </trkpt>
      <trkpt lat="34.8109500047403" lon="113.52611633190757">
        <ele>86.2936019897461</ele>
        <time>2021-11-13T01:57:02Z</time>
      </trkpt>
      <trkpt lat="34.81098395334623" lon="113.52604038207849">
        <ele>86.16452026367188</ele>
        <time>2021-11-13T01:57:05Z</time>
      </trkpt>
      <trkpt lat="34.8109380960733" lon="113.52580628640006">
        <ele>85.88827514648438</ele>
        <time>2021-11-13T01:57:11Z</time>
      </trkpt>
      <trkpt lat="34.810878080197924" lon="113.52575647814164">
        <ele>85.97599792480469</ele>
        <time>2021-11-13T01:57:14Z</time>
      </trkpt>
      <trkpt lat="34.810821219782056" lon="113.52566937646635">
        <ele>86.14994049072266</ele>
        <time>2021-11-13T01:57:17Z</time>
      </trkpt>
      <trkpt lat="34.81066110946963" lon="113.52558038003168">
        <ele>86.16862487792969</ele>
        <time>2021-11-13T01:57:23Z</time>
      </trkpt>
      <trkpt lat="34.810484120526084" lon="113.52556624373535">
        <ele>86.43181610107422</ele>
        <time>2021-11-13T01:57:29Z</time>
      </trkpt>
      <trkpt lat="34.81042714498196" lon="113.52553957291983">
        <ele>86.38923645019531</ele>
        <time>2021-11-13T01:57:32Z</time>
      </trkpt>
      <trkpt lat="34.81033692780462" lon="113.52554747665675">
        <ele>86.26730346679688</ele>
        <time>2021-11-13T01:57:35Z</time>
      </trkpt>
      <trkpt lat="34.81023011656814" lon="113.52553061077855">
        <ele>86.2900619506836</ele>
        <time>2021-11-13T01:57:38Z</time>
      </trkpt>
      <trkpt lat="34.81009495196036" lon="113.52555240213795">
        <ele>86.1904067993164</ele>
        <time>2021-11-13T01:57:44Z</time>
      </trkpt>
      <trkpt lat="34.80982801459585" lon="113.52554535290024">
        <ele>86.44105529785156</ele>
        <time>2021-11-13T01:57:53Z</time>
      </trkpt>
      <trkpt lat="34.809648055815416" lon="113.52564037413521">
        <ele>86.05192565917969</ele>
        <time>2021-11-13T01:57:59Z</time>
      </trkpt>
      <trkpt lat="34.809602115081276" lon="113.52568937715236">
        <ele>85.58080291748047</ele>
        <time>2021-11-13T01:58:02Z</time>
      </trkpt>
      <trkpt lat="34.8095280642434" lon="113.52587149418086">
        <ele>84.82180786132812</ele>
        <time>2021-11-13T01:58:08Z</time>
      </trkpt>
      <trkpt lat="34.809561932788235" lon="113.52608027528011">
        <ele>84.65965270996094</ele>
        <time>2021-11-13T01:58:14Z</time>
      </trkpt>
      <trkpt lat="34.809651889009686" lon="113.52628714372783">
        <ele>85.34281158447266</ele>
        <time>2021-11-13T01:58:20Z</time>
      </trkpt>
      <trkpt lat="34.809717033413456" lon="113.52632932889195">
        <ele>85.71598052978516</ele>
        <time>2021-11-13T01:58:23Z</time>
      </trkpt>
      <trkpt lat="34.80977111280288" lon="113.52638920858757">
        <ele>86.2540054321289</ele>
        <time>2021-11-13T01:58:26Z</time>
      </trkpt>
      <trkpt lat="34.80986495556403" lon="113.52642131896545">
        <ele>86.8301773071289</ele>
        <time>2021-11-13T01:58:29Z</time>
      </trkpt>
      <trkpt lat="34.81021100468074" lon="113.5264223711196">
        <ele>86.76514434814453</ele>
        <time>2021-11-13T01:58:41Z</time>
      </trkpt>
      <trkpt lat="34.81055920064673" lon="113.52641525686523">
        <ele>86.26555633544922</ele>
        <time>2021-11-13T01:58:53Z</time>
      </trkpt>
      <trkpt lat="34.810728026277076" lon="113.52641632779896">
        <ele>85.57954406738281</ele>
        <time>2021-11-13T01:58:59Z</time>
      </trkpt>
      <trkpt lat="34.81080705091289" lon="113.52637630511319">
        <ele>85.02332305908203</ele>
        <time>2021-11-13T01:59:02Z</time>
      </trkpt>
      <trkpt lat="34.81093999833852" lon="113.5262295714829">
        <ele>83.98400115966797</ele>
        <time>2021-11-13T01:59:08Z</time>
      </trkpt>
      <trkpt lat="34.810980179085334" lon="113.52615334903419">
        <ele>83.40513610839844</ele>
        <time>2021-11-13T01:59:11Z</time>
      </trkpt>
      <trkpt lat="34.8110061955366" lon="113.5259434731774">
        <ele>81.44384002685547</ele>
        <time>2021-11-13T01:59:17Z</time>
      </trkpt>
      <trkpt lat="34.810980196793174" lon="113.52584439143493">
        <ele>81.6452865600586</ele>
        <time>2021-11-13T01:59:20Z</time>
      </trkpt>
      <trkpt lat="34.810865142328176" lon="113.52567835480235">
        <ele>82.73648834228516</ele>
        <time>2021-11-13T01:59:26Z</time>
      </trkpt>
      <trkpt lat="34.81070119183816" lon="113.52557139276588">
        <ele>82.80400085449219</ele>
        <time>2021-11-13T01:59:32Z</time>
      </trkpt>
      <trkpt lat="34.810575083793445" lon="113.5255324797011">
        <ele>83.89573669433594</ele>
        <time>2021-11-13T01:59:35Z</time>
      </trkpt>
      <trkpt lat="34.81049518019488" lon="113.52554664324275">
        <ele>84.16104888916016</ele>
        <time>2021-11-13T01:59:38Z</time>
      </trkpt>
      <trkpt lat="34.81019817144976" lon="113.52554259153385">
        <ele>84.38374328613281</ele>
        <time>2021-11-13T01:59:50Z</time>
      </trkpt>
      <trkpt lat="34.80987105528069" lon="113.52552765449744">
        <ele>84.1334228515625</ele>
        <time>2021-11-13T02:00:02Z</time>
      </trkpt>
      <trkpt lat="34.809784115211166" lon="113.52554535755365">
        <ele>83.891357421875</ele>
        <time>2021-11-13T02:00:05Z</time>
      </trkpt>
      <trkpt lat="34.80969588845139" lon="113.52558946536128">
        <ele>83.476806640625</ele>
        <time>2021-11-13T02:00:08Z</time>
      </trkpt>
      <trkpt lat="34.80962698937247" lon="113.52566759756976">
        <ele>83.3730697631836</ele>
        <time>2021-11-13T02:00:11Z</time>
      </trkpt>
      <trkpt lat="34.80955109015876" lon="113.52586849742676">
        <ele>82.98918914794922</ele>
        <time>2021-11-13T02:00:17Z</time>
      </trkpt>
      <trkpt lat="34.80953919387266" lon="113.52598418789138">
        <ele>83.09896850585938</ele>
        <time>2021-11-13T02:00:20Z</time>
      </trkpt>
      <trkpt lat="34.80955107312833" lon="113.52607238237827">
        <ele>83.28424072265625</ele>
        <time>2021-11-13T02:00:23Z</time>
      </trkpt>
      <trkpt lat="34.809654853063634" lon="113.52628061044382">
        <ele>84.68246459960938</ele>
        <time>2021-11-13T02:00:29Z</time>
      </trkpt>
      <trkpt lat="34.80969506556081" lon="113.52632225384443">
        <ele>85.31318664550781</ele>
        <time>2021-11-13T02:00:32Z</time>
      </trkpt>
      <trkpt lat="34.809845115125505" lon="113.52639845575689">
        <ele>85.16179656982422</ele>
        <time>2021-11-13T02:00:38Z</time>
      </trkpt>
      <trkpt lat="34.810011181450406" lon="113.52638020034065">
        <ele>83.70083618164062</ele>
        <time>2021-11-13T02:00:44Z</time>
      </trkpt>
      <trkpt lat="34.81015300159176" lon="113.52641747755793">
        <ele>83.5338363647461</ele>
        <time>2021-11-13T02:00:50Z</time>
      </trkpt>
      <trkpt lat="34.810222863766484" lon="113.5263973269029">
        <ele>83.58086395263672</ele>
        <time>2021-11-13T02:00:53Z</time>
      </trkpt>
      <trkpt lat="34.810374157835646" lon="113.52643052000926">
        <ele>84.17312622070312</ele>
        <time>2021-11-13T02:00:59Z</time>
      </trkpt>
      <trkpt lat="34.81045297782055" lon="113.52641635694579">
        <ele>84.35210418701172</ele>
        <time>2021-11-13T02:01:02Z</time>
      </trkpt>
      <trkpt lat="34.810626182461604" lon="113.52643430418526">
        <ele>83.97186279296875</ele>
        <time>2021-11-13T02:01:08Z</time>
      </trkpt>
      <trkpt lat="34.810777030356995" lon="113.52639917362106">
        <ele>83.96426391601562</ele>
        <time>2021-11-13T02:01:14Z</time>
      </trkpt>
      <trkpt lat="34.81090785333058" lon="113.52626931716478">
        <ele>83.37313079833984</ele>
        <time>2021-11-13T02:01:20Z</time>
      </trkpt>
      <trkpt lat="34.81096289209504" lon="113.52617512750929">
        <ele>83.08991241455078</ele>
        <time>2021-11-13T02:01:23Z</time>
      </trkpt>
      <trkpt lat="34.81098916422534" lon="113.52595926314577">
        <ele>83.38552856445312</ele>
        <time>2021-11-13T02:01:29Z</time>
      </trkpt>
      <trkpt lat="34.81096108124159" lon="113.52578750141039">
        <ele>83.1450424194336</ele>
        <time>2021-11-13T02:01:35Z</time>
      </trkpt>
      <trkpt lat="34.81087601821907" lon="113.52569250866229">
        <ele>83.21504974365234</ele>
        <time>2021-11-13T02:01:38Z</time>
      </trkpt>
      <trkpt lat="34.81073614380733" lon="113.5255694835721">
        <ele>83.64215850830078</ele>
        <time>2021-11-13T02:01:44Z</time>
      </trkpt>
      <trkpt lat="34.810619285102995" lon="113.52554445238404">
        <ele>84.20087432861328</ele>
        <time>2021-11-13T02:01:47Z</time>
      </trkpt>
      <trkpt lat="34.810360062037" lon="113.52558640062033">
        <ele>84.97081756591797</ele>
        <time>2021-11-13T02:01:56Z</time>
      </trkpt>
      <trkpt lat="34.8102792188201" lon="113.52555156596662">
        <ele>84.5879135131836</ele>
        <time>2021-11-13T02:01:59Z</time>
      </trkpt>
      <trkpt lat="34.8100071074629" lon="113.52553471761276">
        <ele>84.80915069580078</ele>
        <time>2021-11-13T02:02:08Z</time>
      </trkpt>
      <trkpt lat="34.809758126797405" lon="113.52555543218283">
        <ele>85.0156021118164</ele>
        <time>2021-11-13T02:02:17Z</time>
      </trkpt>
      <trkpt lat="34.809586222590184" lon="113.525726399614">
        <ele>83.14466094970703</ele>
        <time>2021-11-13T02:02:26Z</time>
      </trkpt>
      <trkpt lat="34.80959090164041" lon="113.52585951026471">
        <ele>83.0979995727539</ele>
        <time>2021-11-13T02:02:29Z</time>
      </trkpt>
      <trkpt lat="34.809558963083944" lon="113.52597928602594">
        <ele>83.02275085449219</ele>
        <time>2021-11-13T02:02:32Z</time>
      </trkpt>
      <trkpt lat="34.80956114853904" lon="113.52609143591746">
        <ele>83.21908569335938</ele>
        <time>2021-11-13T02:02:35Z</time>
      </trkpt>
      <trkpt lat="34.809600974565875" lon="113.5261935097698">
        <ele>83.17926788330078</ele>
        <time>2021-11-13T02:02:38Z</time>
      </trkpt>
      <trkpt lat="34.80973613075583" lon="113.52637941286828">
        <ele>85.21549224853516</ele>
        <time>2021-11-13T02:02:47Z</time>
      </trkpt>
      <trkpt lat="34.81001799722658" lon="113.52639625978753">
        <ele>84.87041473388672</ele>
        <time>2021-11-13T02:02:56Z</time>
      </trkpt>
      <trkpt lat="34.810329138251184" lon="113.52641637006893">
        <ele>83.2964096069336</ele>
        <time>2021-11-13T02:03:08Z</time>
      </trkpt>
      <trkpt lat="34.8105508901513" lon="113.52645037230803">
        <ele>83.43952178955078</ele>
        <time>2021-11-13T02:03:17Z</time>
      </trkpt>
      <trkpt lat="34.81060014988694" lon="113.52642722958987">
        <ele>83.51089477539062</ele>
        <time>2021-11-13T02:03:20Z</time>
      </trkpt>
      <trkpt lat="34.810689045793495" lon="113.52643239208234">
        <ele>83.18218231201172</ele>
        <time>2021-11-13T02:03:23Z</time>
      </trkpt>
      <trkpt lat="34.81076483399834" lon="113.52639835829498">
        <ele>82.58389282226562</ele>
        <time>2021-11-13T02:03:26Z</time>
      </trkpt>
      <trkpt lat="34.810835935846896" lon="113.52633329342045">
        <ele>82.52652740478516</ele>
        <time>2021-11-13T02:03:29Z</time>
      </trkpt>
      <trkpt lat="34.81093089644137" lon="113.52616750907676">
        <ele>81.99041748046875</ele>
        <time>2021-11-13T02:03:35Z</time>
      </trkpt>
      <trkpt lat="34.8109750990099" lon="113.52596933639207">
        <ele>81.30055236816406</ele>
        <time>2021-11-13T02:03:41Z</time>
      </trkpt>
      <trkpt lat="34.81095830956426" lon="113.5258686204851">
        <ele>81.40917205810547</ele>
        <time>2021-11-13T02:03:44Z</time>
      </trkpt>
      <trkpt lat="34.8109130757117" lon="113.52577144604675">
        <ele>81.32073974609375</ele>
        <time>2021-11-13T02:03:47Z</time>
      </trkpt>
      <trkpt lat="34.81076014581537" lon="113.52562963997919">
        <ele>81.40715026855469</ele>
        <time>2021-11-13T02:03:53Z</time>
      </trkpt>
      <trkpt lat="34.81047018494154" lon="113.5255216023006">
        <ele>83.10286712646484</ele>
        <time>2021-11-13T02:04:02Z</time>
      </trkpt>
      <trkpt lat="34.81040034363062" lon="113.52554964763713">
        <ele>83.43387603759766</ele>
        <time>2021-11-13T02:04:05Z</time>
      </trkpt>
      <trkpt lat="34.81014310473127" lon="113.52552054812054">
        <ele>83.20465850830078</ele>
        <time>2021-11-13T02:04:14Z</time>
      </trkpt>
      <trkpt lat="34.81004610801674" lon="113.52552654708929">
        <ele>83.27713775634766</ele>
        <time>2021-11-13T02:04:17Z</time>
      </trkpt>
      <trkpt lat="34.8099860059133" lon="113.52554833049416">
        <ele>83.32225799560547</ele>
        <time>2021-11-13T02:04:20Z</time>
      </trkpt>
      <trkpt lat="34.809817970599255" lon="113.52553854864276">
        <ele>83.72278594970703</ele>
        <time>2021-11-13T02:04:26Z</time>
      </trkpt>
      <trkpt lat="34.80972730429078" lon="113.52558238450504">
        <ele>83.77449035644531</ele>
        <time>2021-11-13T02:04:29Z</time>
      </trkpt>
      <trkpt lat="34.809604050617814" lon="113.52570434858974">
        <ele>83.34494018554688</ele>
        <time>2021-11-13T02:04:35Z</time>
      </trkpt>
      <trkpt lat="34.80955513387011" lon="113.5258603306869">
        <ele>82.21256256103516</ele>
        <time>2021-11-13T02:04:41Z</time>
      </trkpt>
      <trkpt lat="34.809571138539745" lon="113.52607728000883">
        <ele>82.66156768798828</ele>
        <time>2021-11-13T02:04:47Z</time>
      </trkpt>
      <trkpt lat="34.80960311656084" lon="113.526183437853">
        <ele>83.15290832519531</ele>
        <time>2021-11-13T02:04:50Z</time>
      </trkpt>
      <trkpt lat="34.80965593420427" lon="113.52627952150081">
        <ele>84.30219268798828</ele>
        <time>2021-11-13T02:04:53Z</time>
      </trkpt>
      <trkpt lat="34.80971599067951" lon="113.52634538919519">
        <ele>84.87677764892578</ele>
        <time>2021-11-13T02:04:56Z</time>
      </trkpt>
      <trkpt lat="34.80979713493108" lon="113.52639220009867">
        <ele>85.14128875732422</ele>
        <time>2021-11-13T02:04:59Z</time>
      </trkpt>
      <trkpt lat="34.810120978749154" lon="113.52639924314276">
        <ele>84.01704406738281</ele>
        <time>2021-11-13T02:05:11Z</time>
      </trkpt>
      <trkpt lat="34.8104169600101" lon="113.52642534356062">
        <ele>82.11279296875</ele>
        <time>2021-11-13T02:05:23Z</time>
      </trkpt>
      <trkpt lat="34.81073805267297" lon="113.52641632673645">
        <ele>83.39360809326172</ele>
        <time>2021-11-13T02:05:35Z</time>
      </trkpt>
      <trkpt lat="34.8108052280112" lon="113.5264051591683">
        <ele>84.03414916992188</ele>
        <time>2021-11-13T02:05:38Z</time>
      </trkpt>
      <trkpt lat="34.81088493848988" lon="113.52631559478732">
        <ele>84.47379302978516</ele>
        <time>2021-11-13T02:05:41Z</time>
      </trkpt>
      <trkpt lat="34.8109340366986" lon="113.5262295721147">
        <ele>84.58873748779297</ele>
        <time>2021-11-13T02:05:44Z</time>
      </trkpt>
      <trkpt lat="34.81100110853161" lon="113.52596742816829">
        <ele>83.79798126220703</ele>
        <time>2021-11-13T02:05:53Z</time>
      </trkpt>
      <trkpt lat="34.810944030334994" lon="113.52579566954651">
        <ele>82.8801040649414</ele>
        <time>2021-11-13T02:05:59Z</time>
      </trkpt>
      <trkpt lat="34.81090427499808" lon="113.5257213600985">
        <ele>82.5269775390625</ele>
        <time>2021-11-13T02:06:02Z</time>
      </trkpt>
      <trkpt lat="34.810827109717195" lon="113.52564161021633">
        <ele>82.37214660644531</ele>
        <time>2021-11-13T02:06:05Z</time>
      </trkpt>
      <trkpt lat="34.810658332791824" lon="113.52555452011974">
        <ele>82.3371810913086</ele>
        <time>2021-11-13T02:06:11Z</time>
      </trkpt>
      <trkpt lat="34.81049118720992" lon="113.52557440936647">
        <ele>82.8848648071289</ele>
        <time>2021-11-13T02:06:17Z</time>
      </trkpt>
      <trkpt lat="34.81042609482622" lon="113.52555263924843">
        <ele>83.5067367553711</ele>
        <time>2021-11-13T02:06:20Z</time>
      </trkpt>
      <trkpt lat="34.810166215068016" lon="113.52555021688131">
        <ele>84.62520599365234</ele>
        <time>2021-11-13T02:06:29Z</time>
      </trkpt>
      <trkpt lat="34.809838281719706" lon="113.52553364665697">
        <ele>84.79037475585938</ele>
        <time>2021-11-13T02:06:41Z</time>
      </trkpt>
      <trkpt lat="34.80975000220707" lon="113.52555733853346">
        <ele>84.43086242675781</ele>
        <time>2021-11-13T02:06:44Z</time>
      </trkpt>
      <trkpt lat="34.80961919479695" lon="113.52569236967102">
        <ele>84.52872467041016</ele>
        <time>2021-11-13T02:06:50Z</time>
      </trkpt>
      <trkpt lat="34.80955701812831" lon="113.5258554306995">
        <ele>85.43379974365234</ele>
        <time>2021-11-13T02:06:56Z</time>
      </trkpt>
      <trkpt lat="34.809575987395895" lon="113.52617146357959">
        <ele>86.38804626464844</ele>
        <time>2021-11-13T02:07:05Z</time>
      </trkpt>
      <trkpt lat="34.809755091249976" lon="113.52637614438304">
        <ele>86.463623046875</ele>
        <time>2021-11-13T02:07:14Z</time>
      </trkpt>
      <trkpt lat="34.80991990387399" lon="113.52639735900702">
        <ele>85.84217834472656</ele>
        <time>2021-11-13T02:07:20Z</time>
      </trkpt>
      <trkpt lat="34.810013081129235" lon="113.52638128896461">
        <ele>84.8111801147461</ele>
        <time>2021-11-13T02:07:23Z</time>
      </trkpt>
      <trkpt lat="34.81031502127665" lon="113.52640629994006">
        <ele>83.33297729492188</ele>
        <time>2021-11-13T02:07:35Z</time>
      </trkpt>
      <trkpt lat="34.81045889340467" lon="113.5263983907157">
        <ele>83.31879425048828</ele>
        <time>2021-11-13T02:07:41Z</time>
      </trkpt>
      <trkpt lat="34.81067199684365" lon="113.52644137668295">
        <ele>83.42802429199219</ele>
        <time>2021-11-13T02:07:50Z</time>
      </trkpt>
      <trkpt lat="34.81088599867504" lon="113.52630633964111">
        <ele>84.45419311523438</ele>
        <time>2021-11-13T02:07:59Z</time>
      </trkpt>
      <trkpt lat="34.8109311013144" lon="113.52624726591016">
        <ele>83.84523010253906</ele>
        <time>2021-11-13T02:08:02Z</time>
      </trkpt>
      <trkpt lat="34.81098795646068" lon="113.52601642725288">
        <ele>82.79728698730469</ele>
        <time>2021-11-13T02:08:11Z</time>
      </trkpt>
      <trkpt lat="34.81093217374074" lon="113.52582153083172">
        <ele>82.89976501464844</ele>
        <time>2021-11-13T02:08:17Z</time>
      </trkpt>
      <trkpt lat="34.81081306988754" lon="113.52566148318401">
        <ele>82.41210174560547</ele>
        <time>2021-11-13T02:08:23Z</time>
      </trkpt>
      <trkpt lat="34.81073188545067" lon="113.52559942740584">
        <ele>82.1648941040039</ele>
        <time>2021-11-13T02:08:26Z</time>
      </trkpt>
      <trkpt lat="34.810629077108196" lon="113.52555860641272">
        <ele>82.66126251220703</ele>
        <time>2021-11-13T02:08:29Z</time>
      </trkpt>
      <trkpt lat="34.810281084742016" lon="113.52553958840286">
        <ele>82.82941436767578</ele>
        <time>2021-11-13T02:08:41Z</time>
      </trkpt>
      <trkpt lat="34.8102022545035" lon="113.52554966863535">
        <ele>82.52423095703125</ele>
        <time>2021-11-13T02:08:44Z</time>
      </trkpt>
      <trkpt lat="34.81013826573511" lon="113.52553552034837">
        <ele>82.414794921875</ele>
        <time>2021-11-13T02:08:47Z</time>
      </trkpt>
      <trkpt lat="34.809816112417664" lon="113.52555352054675">
        <ele>83.7031021118164</ele>
        <time>2021-11-13T02:08:59Z</time>
      </trkpt>
      <trkpt lat="34.80973324834815" lon="113.52557557856001">
        <ele>83.04087829589844</ele>
        <time>2021-11-13T02:09:02Z</time>
      </trkpt>
      <trkpt lat="34.80966023180916" lon="113.5256332953287">
        <ele>82.63694763183594</ele>
        <time>2021-11-13T02:09:05Z</time>
      </trkpt>
      <trkpt lat="34.809599243164726" lon="113.52573157025112">
        <ele>82.15821075439453</ele>
        <time>2021-11-13T02:09:08Z</time>
      </trkpt>
      <trkpt lat="34.80954503776516" lon="113.5259384560563">
        <ele>81.73589324951172</ele>
        <time>2021-11-13T02:09:14Z</time>
      </trkpt>
      <trkpt lat="34.80956001769768" lon="113.52607319805657">
        <ele>82.07551574707031</ele>
        <time>2021-11-13T02:09:17Z</time>
      </trkpt>
      <trkpt lat="34.809651876433186" lon="113.52628224400186">
        <ele>82.04190826416016</ele>
        <time>2021-11-13T02:09:23Z</time>
      </trkpt>
      <trkpt lat="34.80979601818981" lon="113.52637940652215">
        <ele>82.81178283691406</ele>
        <time>2021-11-13T02:09:29Z</time>
      </trkpt>
      <trkpt lat="34.80987413063556" lon="113.52640634666035">
        <ele>83.23863983154297</ele>
        <time>2021-11-13T02:09:32Z</time>
      </trkpt>
      <trkpt lat="34.81022587529449" lon="113.52640930365389">
        <ele>82.69491577148438</ele>
        <time>2021-11-13T02:09:44Z</time>
      </trkpt>
      <trkpt lat="34.8104889928366" lon="113.5264062815044">
        <ele>82.48675537109375</ele>
        <time>2021-11-13T02:09:53Z</time>
      </trkpt>
      <trkpt lat="34.81056815636675" lon="113.52642042783071">
        <ele>82.22718048095703</ele>
        <time>2021-11-13T02:09:56Z</time>
      </trkpt>
      <trkpt lat="34.810645900078406" lon="113.52640925914412">
        <ele>82.00067901611328</ele>
        <time>2021-11-13T02:09:59Z</time>
      </trkpt>
      <trkpt lat="34.81071801244092" lon="113.5264212285685">
        <ele>82.12211608886719</ele>
        <time>2021-11-13T02:10:02Z</time>
      </trkpt>
      <trkpt lat="34.81079408208775" lon="113.52639127783401">
        <ele>82.47906494140625</ele>
        <time>2021-11-13T02:10:05Z</time>
      </trkpt>
      <trkpt lat="34.81085193435746" lon="113.52633737482529">
        <ele>82.49732208251953</ele>
        <time>2021-11-13T02:10:08Z</time>
      </trkpt>
      <trkpt lat="34.81092313792527" lon="113.52620643562265">
        <ele>82.27273559570312</ele>
        <time>2021-11-13T02:10:14Z</time>
      </trkpt>
      <trkpt lat="34.81092701521845" lon="113.52613348346993">
        <ele>81.29747772216797</ele>
        <time>2021-11-13T02:10:17Z</time>
      </trkpt>
      <trkpt lat="34.81096413021644" lon="113.52602432384407">
        <ele>80.6051025390625</ele>
        <time>2021-11-13T02:10:20Z</time>
      </trkpt>
      <trkpt lat="34.81095609258258" lon="113.52584956598984">
        <ele>80.67877960205078</ele>
        <time>2021-11-13T02:10:26Z</time>
      </trkpt>
      <trkpt lat="34.81091603827373" lon="113.525764368243">
        <ele>81.05941009521484</ele>
        <time>2021-11-13T02:10:29Z</time>
      </trkpt>
      <trkpt lat="34.81072123407662" lon="113.52556730745106">
        <ele>81.97694396972656</ele>
        <time>2021-11-13T02:10:38Z</time>
      </trkpt>
      <trkpt lat="34.810396038148596" lon="113.52556135324342">
        <ele>80.58366394042969</ele>
        <time>2021-11-13T02:10:50Z</time>
      </trkpt>
      <trkpt lat="34.81026509669996" lon="113.52553959009767">
        <ele>80.26342010498047</ele>
        <time>2021-11-13T02:10:56Z</time>
      </trkpt>
      <trkpt lat="34.81016132821155" lon="113.52554667863242">
        <ele>80.57550811767578</ele>
        <time>2021-11-13T02:10:59Z</time>
      </trkpt>
      <trkpt lat="34.809995963341365" lon="113.5255216525703">
        <ele>81.90945434570312</ele>
        <time>2021-11-13T02:11:05Z</time>
      </trkpt>
      <trkpt lat="34.809812015992215" lon="113.52554127140299">
        <ele>81.95557403564453</ele>
        <time>2021-11-13T02:11:11Z</time>
      </trkpt>
      <trkpt lat="34.80973512694272" lon="113.52556850083191">
        <ele>81.62081146240234</ele>
        <time>2021-11-13T02:11:14Z</time>
      </trkpt>
      <trkpt lat="34.809661039838765" lon="113.52563138975776">
        <ele>81.64161682128906</ele>
        <time>2021-11-13T02:11:17Z</time>
      </trkpt>
      <trkpt lat="34.809605155632454" lon="113.52571251482038">
        <ele>81.33578491210938</ele>
        <time>2021-11-13T02:11:20Z</time>
      </trkpt>
      <trkpt lat="34.80955818203838" lon="113.52588646255317">
        <ele>80.80096435546875</ele>
        <time>2021-11-13T02:11:26Z</time>
      </trkpt>
      <trkpt lat="34.80956903297183" lon="113.52610150679848">
        <ele>81.07878875732422</ele>
        <time>2021-11-13T02:11:32Z</time>
      </trkpt>
      <trkpt lat="34.80960398545786" lon="113.52620521438381">
        <ele>81.69377136230469</ele>
        <time>2021-11-13T02:11:35Z</time>
      </trkpt>
      <trkpt lat="34.80966302310296" lon="113.52629639758653">
        <ele>81.92887878417969</ele>
        <time>2021-11-13T02:11:38Z</time>
      </trkpt>
      <trkpt lat="34.809717074615" lon="113.52634538908032">
        <ele>81.81904602050781</ele>
        <time>2021-11-13T02:11:41Z</time>
      </trkpt>
      <trkpt lat="34.809854893574" lon="113.52640743752326">
        <ele>82.35997009277344</ele>
        <time>2021-11-13T02:11:47Z</time>
      </trkpt>
      <trkpt lat="34.810181998950036" lon="113.52641829110323">
        <ele>83.03060913085938</ele>
        <time>2021-11-13T02:11:59Z</time>
      </trkpt>
      <trkpt lat="34.81049500820766" lon="113.52642724073165">
        <ele>83.24762725830078</ele>
        <time>2021-11-13T02:12:11Z</time>
      </trkpt>
      <trkpt lat="34.81074291991207" lon="113.52641224312981">
        <ele>82.46175384521484</ele>
        <time>2021-11-13T02:12:20Z</time>
      </trkpt>
      <trkpt lat="34.81080708232374" lon="113.52638855439383">
        <ele>82.67961883544922</ele>
        <time>2021-11-13T02:12:23Z</time>
      </trkpt>
      <trkpt lat="34.810916969623065" lon="113.52623147937605">
        <ele>82.65617370605469</ele>
        <time>2021-11-13T02:12:29Z</time>
      </trkpt>
      <trkpt lat="34.810948200918524" lon="113.52615253579893">
        <ele>82.39863586425781</ele>
        <time>2021-11-13T02:12:32Z</time>
      </trkpt>
      <trkpt lat="34.810967968618286" lon="113.52593639977432">
        <ele>81.35081481933594</ele>
        <time>2021-11-13T02:12:38Z</time>
      </trkpt>
      <trkpt lat="34.81095015409697" lon="113.52585854956484">
        <ele>80.98473358154297</ele>
        <time>2021-11-13T02:12:41Z</time>
      </trkpt>
      <trkpt lat="34.810843247468355" lon="113.52569958964024">
        <ele>81.79532623291016</ele>
        <time>2021-11-13T02:12:47Z</time>
      </trkpt>
      <trkpt lat="34.81077803565943" lon="113.52563154356827">
        <ele>82.08623504638672</ele>
        <time>2021-11-13T02:12:50Z</time>
      </trkpt>
      <trkpt lat="34.810622069526495" lon="113.52557330664183">
        <ele>83.1263198852539</ele>
        <time>2021-11-13T02:12:56Z</time>
      </trkpt>
      <trkpt lat="34.81030415917758" lon="113.5255553743021">
        <ele>83.57881164550781</ele>
        <time>2021-11-13T02:13:08Z</time>
      </trkpt>
      <trkpt lat="34.810200114076544" lon="113.52556028516103">
        <ele>83.56103515625</ele>
        <time>2021-11-13T02:13:11Z</time>
      </trkpt>
      <trkpt lat="34.81013122789829" lon="113.5255385154366">
        <ele>83.44642639160156</ele>
        <time>2021-11-13T02:13:14Z</time>
      </trkpt>
      <trkpt lat="34.80988217054517" lon="113.52552955881013">
        <ele>82.1413803100586</ele>
        <time>2021-11-13T02:13:23Z</time>
      </trkpt>
      <trkpt lat="34.80976600854962" lon="113.52556441436799">
        <ele>82.40737915039062</ele>
        <time>2021-11-13T02:13:29Z</time>
      </trkpt>
      <trkpt lat="34.809624085156116" lon="113.52569726896324">
        <ele>83.04512786865234</ele>
        <time>2021-11-13T02:13:35Z</time>
      </trkpt>
      <trkpt lat="34.80956195757538" lon="113.525879384687">
        <ele>82.99632263183594</ele>
        <time>2021-11-13T02:13:41Z</time>
      </trkpt>
      <trkpt lat="34.809547101454456" lon="113.52600324170875">
        <ele>82.9848861694336</ele>
        <time>2021-11-13T02:13:44Z</time>
      </trkpt>
      <trkpt lat="34.80960101512342" lon="113.52620929781386">
        <ele>83.45793151855469</ele>
        <time>2021-11-13T02:13:50Z</time>
      </trkpt>
      <trkpt lat="34.809658960440515" lon="113.52629721463798">
        <ele>83.97471618652344</ele>
        <time>2021-11-13T02:13:53Z</time>
      </trkpt>
      <trkpt lat="34.8097179106087" lon="113.52635437180814">
        <ele>84.41461181640625</ele>
        <time>2021-11-13T02:13:56Z</time>
      </trkpt>
      <trkpt lat="34.80993478495249" lon="113.52638837462489">
        <ele>85.06206512451172</ele>
        <time>2021-11-13T02:14:05Z</time>
      </trkpt>
      <trkpt lat="34.81025021009508" lon="113.52638834119969">
        <ele>84.81941223144531</ele>
        <time>2021-11-13T02:14:17Z</time>
      </trkpt>
      <trkpt lat="34.810575139835294" lon="113.52639620074753">
        <ele>82.50376892089844</ele>
        <time>2021-11-13T02:14:29Z</time>
      </trkpt>
      <trkpt lat="34.810719055205055" lon="113.52640516830013">
        <ele>82.1117935180664</ele>
        <time>2021-11-13T02:14:35Z</time>
      </trkpt>
      <trkpt lat="34.81082190614513" lon="113.5263572490885">
        <ele>82.1352310180664</ele>
        <time>2021-11-13T02:14:41Z</time>
      </trkpt>
      <trkpt lat="34.810936988855005" lon="113.52621841129165">
        <ele>82.70127868652344</ele>
        <time>2021-11-13T02:14:47Z</time>
      </trkpt>
      <trkpt lat="34.81097014858909" lon="113.52604637213936">
        <ele>82.29727935791016</ele>
        <time>2021-11-13T02:14:53Z</time>
      </trkpt>
      <trkpt lat="34.810979141627215" lon="113.5258555521774">
        <ele>81.65933990478516</ele>
        <time>2021-11-13T02:14:59Z</time>
      </trkpt>
      <trkpt lat="34.81093584114585" lon="113.5257725324781">
        <ele>81.69405364990234</ele>
        <time>2021-11-13T02:15:02Z</time>
      </trkpt>
      <trkpt lat="34.8108230266815" lon="113.52563453313319">
        <ele>81.84891510009766</ele>
        <time>2021-11-13T02:15:08Z</time>
      </trkpt>
      <trkpt lat="34.81074430427299" lon="113.52558146006304">
        <ele>82.05147552490234</ele>
        <time>2021-11-13T02:15:11Z</time>
      </trkpt>
      <trkpt lat="34.81066620468825" lon="113.52555969132806">
        <ele>81.82001495361328</ele>
        <time>2021-11-13T02:15:14Z</time>
      </trkpt>
      <trkpt lat="34.810339914255614" lon="113.5255496540429">
        <ele>80.82830810546875</ele>
        <time>2021-11-13T02:15:26Z</time>
      </trkpt>
      <trkpt lat="34.810191163871714" lon="113.52555729176943">
        <ele>80.65532684326172</ele>
        <time>2021-11-13T02:15:32Z</time>
      </trkpt>
      <trkpt lat="34.81008430124773" lon="113.52552055435396">
        <ele>81.74097442626953</ele>
        <time>2021-11-13T02:15:38Z</time>
      </trkpt>
      <trkpt lat="34.80977000434494" lon="113.52553773708853">
        <ele>81.68025970458984</ele>
        <time>2021-11-13T02:15:50Z</time>
      </trkpt>
      <trkpt lat="34.80968992188193" lon="113.52558756050605">
        <ele>81.37531280517578</ele>
        <time>2021-11-13T02:15:53Z</time>
      </trkpt>
      <trkpt lat="34.80956319457856" lon="113.52572857974637">
        <ele>81.1816177368164</ele>
        <time>2021-11-13T02:15:59Z</time>
      </trkpt>
      <trkpt lat="34.80954104060212" lon="113.52585951554937">
        <ele>81.118896484375</ele>
        <time>2021-11-13T02:16:02Z</time>
      </trkpt>
      <trkpt lat="34.80954814411162" lon="113.52609252613001">
        <ele>81.86772918701172</ele>
        <time>2021-11-13T02:16:08Z</time>
      </trkpt>
      <trkpt lat="34.809593905905885" lon="113.52618452766058">
        <ele>82.29755401611328</ele>
        <time>2021-11-13T02:16:11Z</time>
      </trkpt>
      <trkpt lat="34.80960900507548" lon="113.52626047197076">
        <ele>82.97216033935547</ele>
        <time>2021-11-13T02:16:14Z</time>
      </trkpt>
      <trkpt lat="34.80987488984671" lon="113.52638538670291">
        <ele>84.10287475585938</ele>
        <time>2021-11-13T02:16:23Z</time>
      </trkpt>
      <trkpt lat="34.81005804629247" lon="113.52637420683486">
        <ele>83.34265899658203</ele>
        <time>2021-11-13T02:16:29Z</time>
      </trkpt>
      <trkpt lat="34.81035704957742" lon="113.5264163671112">
        <ele>84.3113784790039</ele>
        <time>2021-11-13T02:16:41Z</time>
      </trkpt>
      <trkpt lat="34.81061910339568" lon="113.52642123904988">
        <ele>83.27986145019531</ele>
        <time>2021-11-13T02:16:50Z</time>
      </trkpt>
      <trkpt lat="34.81077914518024" lon="113.52637848572122">
        <ele>82.92379760742188</ele>
        <time>2021-11-13T02:16:56Z</time>
      </trkpt>
      <trkpt lat="34.81084977416978" lon="113.52634036932743">
        <ele>82.47576904296875</ele>
        <time>2021-11-13T02:16:59Z</time>
      </trkpt>
      <trkpt lat="34.81094208580181" lon="113.52619826738247">
        <ele>82.28208923339844</ele>
        <time>2021-11-13T02:17:05Z</time>
      </trkpt>
      <trkpt lat="34.81097301735229" lon="113.52610816321521">
        <ele>81.9714126586914</ele>
        <time>2021-11-13T02:17:08Z</time>
      </trkpt>
      <trkpt lat="34.81099689725481" lon="113.52591053676491">
        <ele>82.16983032226562</ele>
        <time>2021-11-13T02:17:14Z</time>
      </trkpt>
      <trkpt lat="34.81090511394195" lon="113.52573143183382">
        <ele>82.95047760009766</ele>
        <time>2021-11-13T02:17:20Z</time>
      </trkpt>
      <trkpt lat="34.81083718180911" lon="113.52565930293228">
        <ele>82.85956573486328</ele>
        <time>2021-11-13T02:17:23Z</time>
      </trkpt>
      <trkpt lat="34.8106862771821" lon="113.52556731115666">
        <ele>83.03996276855469</ele>
        <time>2021-11-13T02:17:29Z</time>
      </trkpt>
      <trkpt lat="34.81059192349058" lon="113.52554744962603">
        <ele>82.67935943603516</ele>
        <time>2021-11-13T02:17:32Z</time>
      </trkpt>
      <trkpt lat="34.81050308938649" lon="113.52556624172458">
        <ele>82.7069091796875</ele>
        <time>2021-11-13T02:17:35Z</time>
      </trkpt>
      <trkpt lat="34.810202223538504" lon="113.52553769127205">
        <ele>82.3310775756836</ele>
        <time>2021-11-13T02:17:47Z</time>
      </trkpt>
      <trkpt lat="34.80986805615747" lon="113.52552057727671">
        <ele>82.49495697021484</ele>
        <time>2021-11-13T02:17:59Z</time>
      </trkpt>
      <trkpt lat="34.80979027041754" lon="113.52551541347387">
        <ele>82.23190307617188</ele>
        <time>2021-11-13T02:18:02Z</time>
      </trkpt>
      <trkpt lat="34.809674031595264" lon="113.52562539971193">
        <ele>81.98255157470703</ele>
        <time>2021-11-13T02:18:08Z</time>
      </trkpt>
      <trkpt lat="34.80962517963214" lon="113.52570135202218">
        <ele>81.78224182128906</ele>
        <time>2021-11-13T02:18:11Z</time>
      </trkpt>
      <trkpt lat="34.809587221643" lon="113.52579853546858">
        <ele>81.8815689086914</ele>
        <time>2021-11-13T02:18:14Z</time>
      </trkpt>
      <trkpt lat="34.809550139722596" lon="113.52602556254126">
        <ele>83.20396423339844</ele>
        <time>2021-11-13T02:18:20Z</time>
      </trkpt>
      <trkpt lat="34.80961401675663" lon="113.52620711877461">
        <ele>83.80393981933594</ele>
        <time>2021-11-13T02:18:26Z</time>
      </trkpt>
      <trkpt lat="34.80968388327294" lon="113.52629421772005">
        <ele>83.69924926757812</ele>
        <time>2021-11-13T02:18:29Z</time>
      </trkpt>
      <trkpt lat="34.80975908479572" lon="113.52634837890095">
        <ele>83.5409164428711</ele>
        <time>2021-11-13T02:18:32Z</time>
      </trkpt>
      <trkpt lat="34.80995210488322" lon="113.52637938998195">
        <ele>83.95242309570312</ele>
        <time>2021-11-13T02:18:38Z</time>
      </trkpt>
      <trkpt lat="34.810288107336184" lon="113.52637254921711">
        <ele>83.5277328491211</ele>
        <time>2021-11-13T02:18:50Z</time>
      </trkpt>
      <trkpt lat="34.81036810547808" lon="113.52639513386217">
        <ele>83.40201568603516</ele>
        <time>2021-11-13T02:18:53Z</time>
      </trkpt>
      <trkpt lat="34.81070683790914" lon="113.52639618679137">
        <ele>83.1077880859375</ele>
        <time>2021-11-13T02:19:05Z</time>
      </trkpt>
      <trkpt lat="34.810784022886175" lon="113.52637848520432">
        <ele>83.103515625</ele>
        <time>2021-11-13T02:19:08Z</time>
      </trkpt>
      <trkpt lat="34.81087704084638" lon="113.52630035203781">
        <ele>83.12317657470703</ele>
        <time>2021-11-13T02:19:11Z</time>
      </trkpt>
      <trkpt lat="34.810942117267885" lon="113.52621051672655">
        <ele>83.37142944335938</ele>
        <time>2021-11-13T02:19:14Z</time>
      </trkpt>
      <trkpt lat="34.810997097738806" lon="113.52598838872507">
        <ele>82.31464385986328</ele>
        <time>2021-11-13T02:19:20Z</time>
      </trkpt>
      <trkpt lat="34.81095299525917" lon="113.52580437934483">
        <ele>81.91867065429688</ele>
        <time>2021-11-13T02:19:26Z</time>
      </trkpt>
      <trkpt lat="34.81081189806947" lon="113.52562745679549">
        <ele>81.21976470947266</ele>
        <time>2021-11-13T02:19:32Z</time>
      </trkpt>
      <trkpt lat="34.81074020574809" lon="113.52556839429076">
        <ele>80.78146362304688</ele>
        <time>2021-11-13T02:19:35Z</time>
      </trkpt>
      <trkpt lat="34.81039920268918" lon="113.52552759851172">
        <ele>80.27715301513672</ele>
        <time>2021-11-13T02:19:47Z</time>
      </trkpt>
      <trkpt lat="34.81031411871956" lon="113.52552951302201">
        <ele>80.32048034667969</ele>
        <time>2021-11-13T02:19:50Z</time>
      </trkpt>
      <trkpt lat="34.810243061140284" lon="113.52550638244293">
        <ele>80.68177795410156</ele>
        <time>2021-11-13T02:19:53Z</time>
      </trkpt>
      <trkpt lat="34.81010221996385" lon="113.52553361867872">
        <ele>81.37541198730469</ele>
        <time>2021-11-13T02:19:59Z</time>
      </trkpt>
      <trkpt lat="34.80986427505366" lon="113.52552547751212">
        <ele>81.6144027709961</ele>
        <time>2021-11-13T02:20:08Z</time>
      </trkpt>
      <trkpt lat="34.80977108828039" lon="113.52553773697363">
        <ele>81.44209289550781</ele>
        <time>2021-11-13T02:20:11Z</time>
      </trkpt>
      <trkpt lat="34.80969830127771" lon="113.52557939324093">
        <ele>81.39103698730469</ele>
        <time>2021-11-13T02:20:14Z</time>
      </trkpt>
      <trkpt lat="34.80962613213367" lon="113.5256504483061">
        <ele>81.22179412841797</ele>
        <time>2021-11-13T02:20:17Z</time>
      </trkpt>
      <trkpt lat="34.80955316470788" lon="113.52583229321233">
        <ele>80.79248809814453</ele>
        <time>2021-11-13T02:20:23Z</time>
      </trkpt>
      <trkpt lat="34.80956313083866" lon="113.52601930035426">
        <ele>81.67565155029297</ele>
        <time>2021-11-13T02:20:29Z</time>
      </trkpt>
      <trkpt lat="34.80958912917408" lon="113.52611838159268">
        <ele>82.01268768310547</ele>
        <time>2021-11-13T02:20:32Z</time>
      </trkpt>
      <trkpt lat="34.80969006769231" lon="113.5262754347767">
        <ele>82.42851257324219</ele>
        <time>2021-11-13T02:20:38Z</time>
      </trkpt>
      <trkpt lat="34.80975387953743" lon="113.52632633071333">
        <ele>82.54270935058594</ele>
        <time>2021-11-13T02:20:41Z</time>
      </trkpt>
      <trkpt lat="34.80999597843375" lon="113.52636931369717">
        <ele>82.96859741210938</ele>
        <time>2021-11-13T02:20:50Z</time>
      </trkpt>
      <trkpt lat="34.810075082667815" lon="113.52636032250194">
        <ele>83.43350219726562</ele>
        <time>2021-11-13T02:20:53Z</time>
      </trkpt>
      <trkpt lat="34.810377056316675" lon="113.52639839938796">
        <ele>82.44467163085938</ele>
        <time>2021-11-13T02:21:05Z</time>
      </trkpt>
      <trkpt lat="34.81064998786123" lon="113.52641824151092">
        <ele>81.84668731689453</ele>
        <time>2021-11-13T02:21:17Z</time>
      </trkpt>
      <trkpt lat="34.81082891820473" lon="113.52634418243042">
        <ele>82.0633544921875</ele>
        <time>2021-11-13T02:21:23Z</time>
      </trkpt>
      <trkpt lat="34.81096610892387" lon="113.5261615167681">
        <ele>81.04447174072266</ele>
        <time>2021-11-13T02:21:32Z</time>
      </trkpt>
      <trkpt lat="34.81100389545229" lon="113.52599737091428">
        <ele>80.97859191894531</ele>
        <time>2021-11-13T02:21:38Z</time>
      </trkpt>
      <trkpt lat="34.810971984469795" lon="113.52581227144606">
        <ele>80.84900665283203</ele>
        <time>2021-11-13T02:21:44Z</time>
      </trkpt>
      <trkpt lat="34.81088488828711" lon="113.52566446990268">
        <ele>79.98768615722656</ele>
        <time>2021-11-13T02:21:50Z</time>
      </trkpt>
      <trkpt lat="34.81079826097431" lon="113.52559343169533">
        <ele>79.40904235839844</ele>
        <time>2021-11-13T02:21:53Z</time>
      </trkpt>
      <trkpt lat="34.810485083415074" lon="113.52551942301682">
        <ele>79.65461730957031</ele>
        <time>2021-11-13T02:22:05Z</time>
      </trkpt>
      <trkpt lat="34.810317941348245" lon="113.52554067334752">
        <ele>80.04326629638672</ele>
        <time>2021-11-13T02:22:11Z</time>
      </trkpt>
      <trkpt lat="34.8102598938121" lon="113.52551863024891">
        <ele>80.44566345214844</ele>
        <time>2021-11-13T02:22:14Z</time>
      </trkpt>
      <trkpt lat="34.810180289335285" lon="113.52554368228095">
        <ele>81.09371948242188</ele>
        <time>2021-11-13T02:22:17Z</time>
      </trkpt>
      <trkpt lat="34.8101081682345" lon="113.52552844600167">
        <ele>81.24002838134766</ele>
        <time>2021-11-13T02:22:20Z</time>
      </trkpt>
      <trkpt lat="34.810051016693606" lon="113.52553852393925">
        <ele>81.95240020751953</ele>
        <time>2021-11-13T02:22:23Z</time>
      </trkpt>
      <trkpt lat="34.80997209846315" lon="113.52551457756019">
        <ele>82.41439819335938</ele>
        <time>2021-11-13T02:22:26Z</time>
      </trkpt>
      <trkpt lat="34.8098401370782" lon="113.52551758589252">
        <ele>82.30139923095703</ele>
        <time>2021-11-13T02:22:32Z</time>
      </trkpt>
      <trkpt lat="34.8097521757072" lon="113.52555951600513">
        <ele>81.67730712890625</ele>
        <time>2021-11-13T02:22:35Z</time>
      </trkpt>
      <trkpt lat="34.80968702335076" lon="113.52561940966508">
        <ele>81.82831573486328</ele>
        <time>2021-11-13T02:22:38Z</time>
      </trkpt>
      <trkpt lat="34.809586116645875" lon="113.52579036925803">
        <ele>81.01502227783203</ele>
        <time>2021-11-13T02:22:44Z</time>
      </trkpt>
      <trkpt lat="34.8095648892907" lon="113.52586032965294">
        <ele>80.89971923828125</ele>
        <time>2021-11-13T02:22:47Z</time>
      </trkpt>
      <trkpt lat="34.809564837289244" lon="113.52605060421303">
        <ele>81.81404876708984</ele>
        <time>2021-11-13T02:22:53Z</time>
      </trkpt>
      <trkpt lat="34.80964491731084" lon="113.52621038199203">
        <ele>83.06770324707031</ele>
        <time>2021-11-13T02:22:59Z</time>
      </trkpt>
      <trkpt lat="34.80974304576993" lon="113.52632850951527">
        <ele>82.87162017822266</ele>
        <time>2021-11-13T02:23:05Z</time>
      </trkpt>
      <trkpt lat="34.809852919214464" lon="113.5263772228418">
        <ele>82.73017883300781</ele>
        <time>2021-11-13T02:23:11Z</time>
      </trkpt>
      <trkpt lat="34.80991577699445" lon="113.52637313308549">
        <ele>82.374755859375</ele>
        <time>2021-11-13T02:23:14Z</time>
      </trkpt>
      <trkpt lat="34.80997600799495" lon="113.52640143615432">
        <ele>81.98484802246094</ele>
        <time>2021-11-13T02:23:17Z</time>
      </trkpt>
      <trkpt lat="34.81028278956172" lon="113.52641229188964">
        <ele>82.62150573730469</ele>
        <time>2021-11-13T02:23:29Z</time>
      </trkpt>
      <trkpt lat="34.810358956930216" lon="113.52642044999939">
        <ele>82.95976257324219</ele>
        <time>2021-11-13T02:23:32Z</time>
      </trkpt>
      <trkpt lat="34.810460790290755" lon="113.52639839051469">
        <ele>83.44624328613281</ele>
        <time>2021-11-13T02:23:38Z</time>
      </trkpt>
      <trkpt lat="34.81053402218785" lon="113.52642424233177">
        <ele>83.05390930175781</ele>
        <time>2021-11-13T02:23:41Z</time>
      </trkpt>
      <trkpt lat="34.81069201614868" lon="113.52642830867863">
        <ele>82.47920989990234</ele>
        <time>2021-11-13T02:23:47Z</time>
      </trkpt>
      <trkpt lat="34.8108089582692" lon="113.52638038800622">
        <ele>83.00594329833984</ele>
        <time>2021-11-13T02:23:53Z</time>
      </trkpt>
      <trkpt lat="34.810904056764436" lon="113.52626822873827">
        <ele>82.51982116699219</ele>
        <time>2021-11-13T02:23:59Z</time>
      </trkpt>
      <trkpt lat="34.81097113866386" lon="113.52611524083406">
        <ele>82.141357421875</ele>
        <time>2021-11-13T02:24:05Z</time>
      </trkpt>
      <trkpt lat="34.81097506536661" lon="113.52595627033385">
        <ele>82.07991027832031</ele>
        <time>2021-11-13T02:24:11Z</time>
      </trkpt>
      <trkpt lat="34.810961054475456" lon="113.52588223070936">
        <ele>82.23457336425781</ele>
        <time>2021-11-13T02:24:14Z</time>
      </trkpt>
      <trkpt lat="34.81089317731437" lon="113.52572626108159">
        <ele>82.1739501953125</ele>
        <time>2021-11-13T02:24:20Z</time>
      </trkpt>
      <trkpt lat="34.81074110944591" lon="113.52560350961458">
        <ele>81.88024139404297</ele>
        <time>2021-11-13T02:24:26Z</time>
      </trkpt>
      <trkpt lat="34.810670036453786" lon="113.52557439040773">
        <ele>81.73516845703125</ele>
        <time>2021-11-13T02:24:29Z</time>
      </trkpt>
      <trkpt lat="34.8105152942075" lon="113.52557032362117">
        <ele>81.78131866455078</ele>
        <time>2021-11-13T02:24:35Z</time>
      </trkpt>
      <trkpt lat="34.81045318756972" lon="113.52555045867395">
        <ele>82.03575134277344</ele>
        <time>2021-11-13T02:24:38Z</time>
      </trkpt>
      <trkpt lat="34.81037901542253" lon="113.52558040993465">
        <ele>82.33404541015625</ele>
        <time>2021-11-13T02:24:41Z</time>
      </trkpt>
      <trkpt lat="34.810051037806325" lon="113.52554669032354">
        <ele>82.57632446289062</ele>
        <time>2021-11-13T02:24:56Z</time>
      </trkpt>
      <trkpt lat="34.80986434191331" lon="113.5255513377319">
        <ele>83.55265045166016</ele>
        <time>2021-11-13T02:25:05Z</time>
      </trkpt>
      <trkpt lat="34.809727082546615" lon="113.52560143940345">
        <ele>83.84288787841797</ele>
        <time>2021-11-13T02:25:11Z</time>
      </trkpt>
      <trkpt lat="34.8096230742925" lon="113.5257255790736">
        <ele>83.36656188964844</ele>
        <time>2021-11-13T02:25:17Z</time>
      </trkpt>
      <trkpt lat="34.80958614262152" lon="113.52580044105913">
        <ele>83.24752807617188</ele>
        <time>2021-11-13T02:25:20Z</time>
      </trkpt>
      <trkpt lat="34.80957415296629" lon="113.52609034570486">
        <ele>84.09197235107422</ele>
        <time>2021-11-13T02:25:29Z</time>
      </trkpt>
      <trkpt lat="34.8096120974931" lon="113.52619840833097">
        <ele>84.33162689208984</ele>
        <time>2021-11-13T02:25:32Z</time>
      </trkpt>
      <trkpt lat="34.80971106967304" lon="113.52632851290375">
        <ele>84.9515380859375</ele>
        <time>2021-11-13T02:25:38Z</time>
      </trkpt>
      <trkpt lat="34.80986407352592" lon="113.52639437065508">
        <ele>84.89871215820312</ele>
        <time>2021-11-13T02:25:44Z</time>
      </trkpt>
      <trkpt lat="34.81017789092785" lon="113.52640141476115">
        <ele>83.80006408691406</ele>
        <time>2021-11-13T02:25:56Z</time>
      </trkpt>
      <trkpt lat="34.8104808479717" lon="113.5264002938324">
        <ele>81.59568786621094</ele>
        <time>2021-11-13T02:26:08Z</time>
      </trkpt>
      <trkpt lat="34.810675956238136" lon="113.52640027315668">
        <ele>81.28260803222656</ele>
        <time>2021-11-13T02:26:17Z</time>
      </trkpt>
      <trkpt lat="34.810835943528716" lon="113.52633628769321">
        <ele>80.72547912597656</ele>
        <time>2021-11-13T02:26:23Z</time>
      </trkpt>
      <trkpt lat="34.81094701804596" lon="113.52621949905918">
        <ele>80.77040100097656</ele>
        <time>2021-11-13T02:26:29Z</time>
      </trkpt>
      <trkpt lat="34.81096719565653" lon="113.52616260548515">
        <ele>81.04791259765625</ele>
        <time>2021-11-13T02:26:32Z</time>
      </trkpt>
      <trkpt lat="34.81102100524892" lon="113.52611741321631">
        <ele>80.43440246582031</ele>
        <time>2021-11-13T02:26:35Z</time>
      </trkpt>
      <trkpt lat="34.8109960523415" lon="113.52600336035074">
        <ele>80.19032287597656</ele>
        <time>2021-11-13T02:26:38Z</time>
      </trkpt>
      <trkpt lat="34.81098315936796" lon="113.52583731364597">
        <ele>80.53924560546875</ele>
        <time>2021-11-13T02:26:44Z</time>
      </trkpt>
      <trkpt lat="34.81093113328832" lon="113.52573333455572">
        <ele>79.95132446289062</ele>
        <time>2021-11-13T02:26:47Z</time>
      </trkpt>
      <trkpt lat="34.81083796874903" lon="113.5256492310039">
        <ele>79.76366424560547</ele>
        <time>2021-11-13T02:26:50Z</time>
      </trkpt>
      <trkpt lat="34.81066296484565" lon="113.52556431928808">
        <ele>79.8858871459961</ele>
        <time>2021-11-13T02:26:56Z</time>
      </trkpt>
      <trkpt lat="34.81051603045864" lon="113.52554065234914">
        <ele>80.49906921386719</ele>
        <time>2021-11-13T02:27:02Z</time>
      </trkpt>
      <trkpt lat="34.81046731953523" lon="113.52556624551633">
        <ele>80.15550231933594</ele>
        <time>2021-11-13T02:27:05Z</time>
      </trkpt>
      <trkpt lat="34.810392214118444" lon="113.5255496484989">
        <ele>79.81431579589844</ele>
        <time>2021-11-13T02:27:08Z</time>
      </trkpt>
      <trkpt lat="34.81017410526265" lon="113.52556246561997">
        <ele>79.97868347167969</ele>
        <time>2021-11-13T02:27:17Z</time>
      </trkpt>
      <trkpt lat="34.809965081040126" lon="113.52552546682638">
        <ele>80.6599349975586</ele>
        <time>2021-11-13T02:27:26Z</time>
      </trkpt>
      <trkpt lat="34.809903059526675" lon="113.52553853962313">
        <ele>81.12892150878906</ele>
        <time>2021-11-13T02:27:29Z</time>
      </trkpt>
      <trkpt lat="34.80983229121692" lon="113.52552248655921">
        <ele>80.97270965576172</ele>
        <time>2021-11-13T02:27:32Z</time>
      </trkpt>
      <trkpt lat="34.80967698921144" lon="113.52561641639342">
        <ele>81.15425872802734</ele>
        <time>2021-11-13T02:27:38Z</time>
      </trkpt>
      <trkpt lat="34.80959114455504" lon="113.52574354840961">
        <ele>80.59503936767578</ele>
        <time>2021-11-13T02:27:44Z</time>
      </trkpt>
      <trkpt lat="34.809561064643724" lon="113.52584835279829">
        <ele>80.34431457519531</ele>
        <time>2021-11-13T02:27:47Z</time>
      </trkpt>
      <trkpt lat="34.80958504411949" lon="113.52611048798154">
        <ele>80.43047332763672</ele>
        <time>2021-11-13T02:27:56Z</time>
      </trkpt>
      <trkpt lat="34.80961286428766" lon="113.52618044253327">
        <ele>80.76102447509766</ele>
        <time>2021-11-13T02:27:59Z</time>
      </trkpt>
      <trkpt lat="34.80970825156093" lon="113.52628632113388">
        <ele>80.81802368164062</ele>
        <time>2021-11-13T02:28:05Z</time>
      </trkpt>
      <trkpt lat="34.809845861069114" lon="113.52637232387524">
        <ele>80.34661102294922</ele>
        <time>2021-11-13T02:28:11Z</time>
      </trkpt>
      <trkpt lat="34.809984101216855" lon="113.5263872805739">
        <ele>80.91060638427734</ele>
        <time>2021-11-13T02:28:17Z</time>
      </trkpt>
      <trkpt lat="34.810271057696994" lon="113.52638126162704">
        <ele>82.87799072265625</ele>
        <time>2021-11-13T02:28:29Z</time>
      </trkpt>
      <trkpt lat="34.810601177301095" lon="113.52640518079173">
        <ele>83.14439392089844</ele>
        <time>2021-11-13T02:28:44Z</time>
      </trkpt>
      <trkpt lat="34.81073799824004" lon="113.52639509466445">
        <ele>82.43737030029297</ele>
        <time>2021-11-13T02:28:50Z</time>
      </trkpt>
      <trkpt lat="34.81080810413101" lon="113.52636432791968">
        <ele>82.33568572998047</ele>
        <time>2021-11-13T02:28:53Z</time>
      </trkpt>
      <trkpt lat="34.810955083225856" lon="113.52619445509602">
        <ele>81.81416320800781</ele>
        <time>2021-11-13T02:29:02Z</time>
      </trkpt>
      <trkpt lat="34.8109962097995" lon="113.525959262399">
        <ele>81.0445785522461</ele>
        <time>2021-11-13T02:29:11Z</time>
      </trkpt>
      <trkpt lat="34.81096300831543" lon="113.52579920627679">
        <ele>81.01541900634766</ele>
        <time>2021-11-13T02:29:17Z</time>
      </trkpt>
      <trkpt lat="34.810916970478274" lon="113.52570557048192">
        <ele>81.36845397949219</ele>
        <time>2021-11-13T02:29:20Z</time>
      </trkpt>
      <trkpt lat="34.81081510627248" lon="113.52561057929285">
        <ele>81.60997772216797</ele>
        <time>2021-11-13T02:29:26Z</time>
      </trkpt>
      <trkpt lat="34.81068109542138" lon="113.52555451770678">
        <ele>81.43785858154297</ele>
        <time>2021-11-13T02:29:32Z</time>
      </trkpt>
      <trkpt lat="34.810625040497264" lon="113.52556949534957">
        <ele>81.5301513671875</ele>
        <time>2021-11-13T02:29:35Z</time>
      </trkpt>
      <trkpt lat="34.81049000546495" lon="113.52553657191413">
        <ele>81.5074462890625</ele>
        <time>2021-11-13T02:29:41Z</time>
      </trkpt>
      <trkpt lat="34.81021602752343" lon="113.52553142891097">
        <ele>82.18596649169922</ele>
        <time>2021-11-13T02:29:53Z</time>
      </trkpt>
      <trkpt lat="34.8099301241263" lon="113.52552547053192">
        <ele>81.59281158447266</ele>
        <time>2021-11-13T02:30:05Z</time>
      </trkpt>
      <trkpt lat="34.8097752065211" lon="113.52555842471283">
        <ele>81.6775894165039</ele>
        <time>2021-11-13T02:30:11Z</time>
      </trkpt>
      <trkpt lat="34.80966319716227" lon="113.52562730634598">
        <ele>81.6602554321289</ele>
        <time>2021-11-13T02:30:17Z</time>
      </trkpt>
      <trkpt lat="34.80959009854619" lon="113.52575824792861">
        <ele>80.18893432617188</ele>
        <time>2021-11-13T02:30:23Z</time>
      </trkpt>
      <trkpt lat="34.80957119870304" lon="113.52599534508461">
        <ele>79.3775863647461</ele>
        <time>2021-11-13T02:30:32Z</time>
      </trkpt>
      <trkpt lat="34.80964704462483" lon="113.5261945937187">
        <ele>80.09500885009766</ele>
        <time>2021-11-13T02:30:41Z</time>
      </trkpt>
      <trkpt lat="34.8097302243102" lon="113.52629530163722">
        <ele>80.955078125</ele>
        <time>2021-11-13T02:30:47Z</time>
      </trkpt>
      <trkpt lat="34.80984879581342" lon="113.5263543579384">
        <ele>81.43721771240234</ele>
        <time>2021-11-13T02:30:53Z</time>
      </trkpt>
      <trkpt lat="34.81008407400074" lon="113.52637937599735">
        <ele>81.7555160522461</ele>
        <time>2021-11-13T02:31:05Z</time>
      </trkpt>
      <trkpt lat="34.81025395291039" lon="113.52636846974048">
        <ele>81.10137176513672</ele>
        <time>2021-11-13T02:31:14Z</time>
      </trkpt>
      <trkpt lat="34.810591922678185" lon="113.52638912160712">
        <ele>81.87808990478516</ele>
        <time>2021-11-13T02:31:29Z</time>
      </trkpt>
      <trkpt lat="34.810738014291964" lon="113.52640135540499">
        <ele>82.54283905029297</ele>
        <time>2021-11-13T02:31:35Z</time>
      </trkpt>
      <trkpt lat="34.810859005769245" lon="113.52634744572114">
        <ele>82.6817855834961</ele>
        <time>2021-11-13T02:31:41Z</time>
      </trkpt>
      <trkpt lat="34.81094302459424" lon="113.52624726464654">
        <ele>83.35855102539062</ele>
        <time>2021-11-13T02:31:47Z</time>
      </trkpt>
      <trkpt lat="34.81099702835771" lon="113.52596143998936">
        <ele>81.79608917236328</ele>
        <time>2021-11-13T02:31:59Z</time>
      </trkpt>
      <trkpt lat="34.81099685307183" lon="113.52589338753347">
        <ele>81.31365966796875</ele>
        <time>2021-11-13T02:32:02Z</time>
      </trkpt>
      <trkpt lat="34.81097305576928" lon="113.52580737153781">
        <ele>81.0523910522461</ele>
        <time>2021-11-13T02:32:05Z</time>
      </trkpt>
      <trkpt lat="34.810850086371524" lon="113.52561955859173">
        <ele>81.9625244140625</ele>
        <time>2021-11-13T02:32:14Z</time>
      </trkpt>
      <trkpt lat="34.8107260632307" lon="113.52554852425786">
        <ele>81.63179016113281</ele>
        <time>2021-11-13T02:32:20Z</time>
      </trkpt>
      <trkpt lat="34.81043227818933" lon="113.52553358369111">
        <ele>79.70223236083984</ele>
        <time>2021-11-13T02:32:35Z</time>
      </trkpt>
      <trkpt lat="34.81012228050659" lon="113.52553661089459">
        <ele>79.99950408935547</ele>
        <time>2021-11-13T02:32:50Z</time>
      </trkpt>
      <trkpt lat="34.8098550644184" lon="113.5255265673405">
        <ele>78.98789978027344</ele>
        <time>2021-11-13T02:33:02Z</time>
      </trkpt>
      <trkpt lat="34.80978708336603" lon="113.5255404574072">
        <ele>78.75716400146484</ele>
        <time>2021-11-13T02:33:05Z</time>
      </trkpt>
      <trkpt lat="34.80963817631844" lon="113.52569726746965">
        <ele>79.25877380371094</ele>
        <time>2021-11-13T02:33:14Z</time>
      </trkpt>
      <trkpt lat="34.8095581511739" lon="113.52587448530542">
        <ele>79.20777893066406</ele>
        <time>2021-11-13T02:33:23Z</time>
      </trkpt>
      <trkpt lat="34.80961985810728" lon="113.52616029840193">
        <ele>80.00370788574219</ele>
        <time>2021-11-13T02:33:38Z</time>
      </trkpt>
      <trkpt lat="34.80969411987253" lon="113.5262705346183">
        <ele>79.61640167236328</ele>
        <time>2021-11-13T02:33:44Z</time>
      </trkpt>
      <trkpt lat="34.809842874661996" lon="113.52637014654057">
        <ele>79.62702178955078</ele>
        <time>2021-11-13T02:33:53Z</time>
      </trkpt>
      <trkpt lat="34.80989385592355" lon="113.52638429586798">
        <ele>79.88358306884766</ele>
        <time>2021-11-13T02:33:56Z</time>
      </trkpt>
      <trkpt lat="34.81016594670387" lon="113.5263932498413">
        <ele>78.53118896484375</ele>
        <time>2021-11-13T02:34:11Z</time>
      </trkpt>
      <trkpt lat="34.81045996687073" lon="113.526394307509">
        <ele>79.79676818847656</ele>
        <time>2021-11-13T02:34:29Z</time>
      </trkpt>
      <trkpt lat="34.810665932633356" lon="113.52640136304355">
        <ele>79.90748596191406</ele>
        <time>2021-11-13T02:34:41Z</time>
      </trkpt>
      <trkpt lat="34.81086598150864" lon="113.52632022431227">
        <ele>80.35575866699219</ele>
        <time>2021-11-13T02:34:53Z</time>
      </trkpt>
      <trkpt lat="34.81090409799076" lon="113.5262842889559">
        <ele>80.38919830322266</ele>
        <time>2021-11-13T02:34:56Z</time>
      </trkpt>
      <trkpt lat="34.81098206827503" lon="113.52615035454448">
        <ele>80.77645874023438</ele>
        <time>2021-11-13T02:35:05Z</time>
      </trkpt>
      <trkpt lat="34.81100807368997" lon="113.52604146835809">
        <ele>80.97423553466797</ele>
        <time>2021-11-13T02:35:11Z</time>
      </trkpt>
      <trkpt lat="34.81101586330308" lon="113.52590944591451">
        <ele>80.46720123291016</ele>
        <time>2021-11-13T02:35:17Z</time>
      </trkpt>
      <trkpt lat="34.81097597761786" lon="113.52578450551042">
        <ele>80.47840881347656</ele>
        <time>2021-11-13T02:35:23Z</time>
      </trkpt>
      <trkpt lat="34.810926271036685" lon="113.52573932372167">
        <ele>80.26687622070312</ele>
        <time>2021-11-13T02:35:26Z</time>
      </trkpt>
      <trkpt lat="34.81089410383973" lon="113.52566528556166">
        <ele>80.36617279052734</ele>
        <time>2021-11-13T02:35:29Z</time>
      </trkpt>
      <trkpt lat="34.81072525027968" lon="113.52554852434405">
        <ele>79.94840240478516</ele>
        <time>2021-11-13T02:35:38Z</time>
      </trkpt>
      <trkpt lat="34.81041005189252" lon="113.52553140834348">
        <ele>78.45751190185547</ele>
        <time>2021-11-13T02:35:56Z</time>
      </trkpt>
      <trkpt lat="34.810062346632286" lon="113.5255186511898">
        <ele>78.33822631835938</ele>
        <time>2021-11-13T02:36:17Z</time>
      </trkpt>
      <trkpt lat="34.80987722033019" lon="113.52550152138643">
        <ele>78.65522003173828</ele>
        <time>2021-11-13T02:36:26Z</time>
      </trkpt>
      <trkpt lat="34.809788172227826" lon="113.52554236278202">
        <ele>79.07710266113281</ele>
        <time>2021-11-13T02:36:32Z</time>
      </trkpt>
      <trkpt lat="34.80966926496764" lon="113.52566840972445">
        <ele>80.5065689086914</ele>
        <time>2021-11-13T02:36:41Z</time>
      </trkpt>
      <trkpt lat="34.80959500989503" lon="113.5258763868709">
        <ele>80.7388687133789</ele>
        <time>2021-11-13T02:36:53Z</time>
      </trkpt>
      <trkpt lat="34.809587868119664" lon="113.52604951293654">
        <ele>80.3224868774414</ele>
        <time>2021-11-13T02:37:02Z</time>
      </trkpt>
      <trkpt lat="34.80969597552769" lon="113.52625447419398">
        <ele>79.31436920166016</ele>
        <time>2021-11-13T02:37:14Z</time>
      </trkpt>
      <trkpt lat="34.80983797391423" lon="113.5263611642476">
        <ele>78.32024383544922</ele>
        <time>2021-11-13T02:37:23Z</time>
      </trkpt>
      <trkpt lat="34.81013391128477" lon="113.52637011569973">
        <ele>79.64404296875</ele>
        <time>2021-11-13T02:37:38Z</time>
      </trkpt>
      <trkpt lat="34.810406831026306" lon="113.52638533033362">
        <ele>80.31686401367188</ele>
        <time>2021-11-13T02:37:56Z</time>
      </trkpt>
      <trkpt lat="34.81063101411841" lon="113.52641633807934">
        <ele>80.49237060546875</ele>
        <time>2021-11-13T02:38:11Z</time>
      </trkpt>
      <trkpt lat="34.81077103102686" lon="113.5263844751201">
        <ele>81.57614135742188</ele>
        <time>2021-11-13T02:38:20Z</time>
      </trkpt>
      <trkpt lat="34.8109029630464" lon="113.52626441795296">
        <ele>82.92877960205078</ele>
        <time>2021-11-13T02:38:32Z</time>
      </trkpt>
      <trkpt lat="34.81096111996799" lon="113.5261182361884">
        <ele>82.2281265258789</ele>
        <time>2021-11-13T02:38:41Z</time>
      </trkpt>
      <trkpt lat="34.81097787089177" lon="113.52588821755194">
        <ele>81.09312438964844</ele>
        <time>2021-11-13T02:38:53Z</time>
      </trkpt>
      <trkpt lat="34.8109589028409" lon="113.52578341847621">
        <ele>80.42249298095703</ele>
        <time>2021-11-13T02:38:59Z</time>
      </trkpt>
      <trkpt lat="34.810884064792" lon="113.52566038681053">
        <ele>80.62347412109375</ele>
        <time>2021-11-13T02:39:05Z</time>
      </trkpt>
      <trkpt lat="34.81077708766871" lon="113.52557927888707">
        <ele>80.54811096191406</ele>
        <time>2021-11-13T02:39:11Z</time>
      </trkpt>
      <trkpt lat="34.810618149789995" lon="113.52552458095889">
        <ele>79.06085205078125</ele>
        <time>2021-11-13T02:39:20Z</time>
      </trkpt>
      <trkpt lat="34.81031304534201" lon="113.52553359633038">
        <ele>78.2628402709961</ele>
        <time>2021-11-13T02:39:38Z</time>
      </trkpt>
      <trkpt lat="34.80998107964356" lon="113.52552954832547">
        <ele>79.04141998291016</ele>
        <time>2021-11-13T02:39:59Z</time>
      </trkpt>
      <trkpt lat="34.809846132509215" lon="113.52553065148217">
        <ele>79.2108383178711</ele>
        <time>2021-11-13T02:40:08Z</time>
      </trkpt>
      <trkpt lat="34.80971300474872" lon="113.52560661293137">
        <ele>79.60263061523438</ele>
        <time>2021-11-13T02:40:17Z</time>
      </trkpt>
      <trkpt lat="34.80964898053612" lon="113.52568365573782">
        <ele>79.72109985351562</ele>
        <time>2021-11-13T02:40:20Z</time>
      </trkpt>
      <trkpt lat="34.80960399947689" lon="113.52578955072974">
        <ele>79.06757354736328</ele>
        <time>2021-11-13T02:40:23Z</time>
      </trkpt>
      <trkpt lat="34.80957614902997" lon="113.52591830922819">
        <ele>78.85809326171875</ele>
        <time>2021-11-13T02:40:26Z</time>
      </trkpt>
      <trkpt lat="34.809578001326344" lon="113.52600623273598">
        <ele>78.7845230102539</ele>
        <time>2021-11-13T02:40:29Z</time>
      </trkpt>
      <trkpt lat="34.80968213717773" lon="113.52624739826962">
        <ele>78.93051147460938</ele>
        <time>2021-11-13T02:40:35Z</time>
      </trkpt>
      <trkpt lat="34.80976198111561" lon="113.5263154415833">
        <ele>78.34527587890625</ele>
        <time>2021-11-13T02:40:38Z</time>
      </trkpt>
      <trkpt lat="34.80985286336397" lon="113.52635544633344">
        <ele>78.36922454833984</ele>
        <time>2021-11-13T02:40:41Z</time>
      </trkpt>
      <trkpt lat="34.809974056667166" lon="113.52638020427472">
        <ele>78.26640319824219</ele>
        <time>2021-11-13T02:40:44Z</time>
      </trkpt>
      <trkpt lat="34.81024913593152" lon="113.52639215220093">
        <ele>77.8025131225586</ele>
        <time>2021-11-13T02:40:53Z</time>
      </trkpt>
      <trkpt lat="34.81033316462646" lon="113.52640139830697">
        <ele>77.52816772460938</ele>
        <time>2021-11-13T02:40:56Z</time>
      </trkpt>
      <trkpt lat="34.81051711372484" lon="113.52638232437766">
        <ele>76.6181869506836</ele>
        <time>2021-11-13T02:41:02Z</time>
      </trkpt>
      <trkpt lat="34.81068706377754" lon="113.52639918315492">
        <ele>76.13219451904297</ele>
        <time>2021-11-13T02:41:08Z</time>
      </trkpt>
      <trkpt lat="34.81077511043952" lon="113.52639019101949">
        <ele>76.6772689819336</ele>
        <time>2021-11-13T02:41:11Z</time>
      </trkpt>
      <trkpt lat="34.81085303854284" lon="113.52634526870074">
        <ele>76.78575134277344</ele>
        <time>2021-11-13T02:41:14Z</time>
      </trkpt>
      <trkpt lat="34.8109379297189" lon="113.52626822514851">
        <ele>77.05978393554688</ele>
        <time>2021-11-13T02:41:17Z</time>
      </trkpt>
      <trkpt lat="34.81099088967282" lon="113.52610326156805">
        <ele>76.75286102294922</ele>
        <time>2021-11-13T02:41:23Z</time>
      </trkpt>
      <trkpt lat="34.811003986303405" lon="113.5259274130313">
        <ele>77.00894165039062</ele>
        <time>2021-11-13T02:41:29Z</time>
      </trkpt>
      <trkpt lat="34.810966113356955" lon="113.52574231382333">
        <ele>77.97684478759766</ele>
        <time>2021-11-13T02:41:35Z</time>
      </trkpt>
      <trkpt lat="34.81083323052712" lon="113.52559832781303">
        <ele>77.88494110107422</ele>
        <time>2021-11-13T02:41:41Z</time>
      </trkpt>
      <trkpt lat="34.81065305952228" lon="113.52550633898052">
        <ele>77.58232116699219</ele>
        <time>2021-11-13T02:41:47Z</time>
      </trkpt>
    </trkseg>
  </trk>
</gpx>